image,class,split,brightness,contrast,saturation,warmth,sharpness
/content/dataset/train/airy/AYy6nWD8Qxs.jpg,airy,train,0.5783236026763916,0.5996671319007874,0.13639989495277405,0.48882877826690674,0.2026617620140314
/content/dataset/train/airy/p_36930136.jpg,airy,train,0.5287858247756958,0.6429772973060608,0.41075146198272705,0.5830546021461487,0.1501688128337264
/content/dataset/train/airy/u_vtPjHN67ErA.jpg,airy,train,0.5561651587486267,0.4500028192996979,0.0,0.5,0.31050829216837883
/content/dataset/train/airy/p_12069103.jpg,airy,train,0.41570132970809937,0.4875916540622711,0.23953184485435486,0.5014426708221436,0.13523424975574017
/content/dataset/train/airy/p_35523270.jpg,airy,train,0.5489022135734558,0.43656203150749207,0.33833983540534973,0.5917577743530273,0.14034786261618137
/content/dataset/train/airy/p_5917954.jpg,airy,train,0.568690836429596,0.6249536871910095,0.18403556942939758,0.4922414720058441,0.14078417792916298
/content/dataset/train/airy/p_34988716.jpg,airy,train,0.5396162271499634,0.28186869621276855,0.3572740852832794,0.3929770290851593,0.0415238447021693
/content/dataset/train/airy/p_5112007.jpg,airy,train,0.9018972516059875,0.030272280797362328,0.11519107967615128,0.47057756781578064,0.05772506585344672
/content/dataset/train/airy/u_WmTzYgyVgcs.jpg,airy,train,0.3053574860095978,0.47764769196510315,0.23614205420017242,0.5231034159660339,0.18354417756199837
/content/dataset/train/airy/p_12332456.jpg,airy,train,0.46925532817840576,0.1939738690853119,0.24402835965156555,0.5228971242904663,0.13856973964720964
/content/dataset/train/airy/p_4956092.jpg,airy,train,0.22761733829975128,0.4284118413925171,0.5067737102508545,0.5042467713356018,0.4632755368947983
/content/dataset/train/airy/p_28945798.jpg,airy,train,0.37143710255622864,0.27379974722862244,0.20321941375732422,0.4711374044418335,0.24688935838639736
/content/dataset/train/airy/p_30441337.jpg,airy,train,0.5317364931106567,0.31534385681152344,0.16072417795658112,0.47194117307662964,0.06067453883588314
/content/dataset/train/airy/u_4_3l4D7DYPk.jpg,airy,train,0.8438659310340881,0.22414255142211914,0.08661814779043198,0.5044077634811401,0.09638712275773287
/content/dataset/train/airy/p_5872042.jpg,airy,train,0.6023168563842773,0.34867143630981445,0.15132229030132294,0.5289487242698669,0.10096086887642741
/content/dataset/train/airy/p_27301941.jpg,airy,train,0.681765079498291,0.19517651200294495,0.2070724368095398,0.44717246294021606,0.051775805186480284
/content/dataset/train/airy/u_S9nIKJojrrk.jpg,airy,train,0.3935732841491699,0.4629203677177429,0.22270692884922028,0.531700849533081,0.32079934142529964
/content/dataset/train/airy/u_-oqNk2jQyn0.jpg,airy,train,0.056347768753767014,0.29599955677986145,0.12531374394893646,0.5019702315330505,0.17265604925341904
/content/dataset/train/airy/p_5914432.jpg,airy,train,0.5890921950340271,0.3632976710796356,0.2564784586429596,0.5651137828826904,0.05236566765233874
/content/dataset/train/airy/p_16799328.jpg,airy,train,0.5301519632339478,0.39654889702796936,0.43112197518348694,0.5492171049118042,0.1160279382020235
/content/dataset/train/airy/p_34485738.jpg,airy,train,0.4693320393562317,0.3481476306915283,0.34923046827316284,0.5734111070632935,0.1950228540226817
/content/dataset/train/airy/p_16545824.jpg,airy,train,0.5019323825836182,0.5947993397712708,0.3285742700099945,0.5669530034065247,0.1723522925749421
/content/dataset/train/airy/u_wn9qwCROTRs.jpg,airy,train,0.5125141143798828,0.17649967968463898,0.2970491051673889,0.42132097482681274,0.08452784270048141
/content/dataset/train/airy/u_3KkpXa5FGgw.jpg,airy,train,0.39489948749542236,0.13135473430156708,0.22532957792282104,0.54935222864151,0.10959443170577288
/content/dataset/train/airy/u_wBcyH1aH0L4.jpg,airy,train,0.5285449028015137,0.5897147059440613,0.39800068736076355,0.5285268425941467,0.2179285977035761
/content/dataset/train/airy/p_18120024.jpg,airy,train,0.19627489149570465,0.49908459186553955,0.40429607033729553,0.5205222368240356,0.22471515461802483
/content/dataset/train/airy/u_xtqy9KjuUls.jpg,airy,train,0.6014075875282288,0.2767709791660309,0.35796549916267395,0.6240642070770264,0.08640797343105078
/content/dataset/train/airy/p_6063468.jpg,airy,train,0.7244201302528381,0.2687271237373352,0.10265527665615082,0.463295042514801,0.033763915998861194
/content/dataset/train/airy/p_34488512.jpg,airy,train,0.4185461699962616,0.40912050008773804,0.6278173923492432,0.29864388704299927,0.1248292438685894
/content/dataset/train/airy/p_29477692.jpg,airy,train,0.6379350423812866,0.2697227895259857,0.24170595407485962,0.4244386851787567,0.32887511886656284
/content/dataset/train/airy/p_6951769.jpg,airy,train,0.8691608905792236,0.15500858426094055,0.05986247584223747,0.524493932723999,0.07123078452423215
/content/dataset/train/airy/p_11280352.jpg,airy,train,0.805018961429596,0.3056789040565491,0.14488479495048523,0.4492892324924469,0.08909232215955853
/content/dataset/train/airy/p_4541914.jpg,airy,train,0.6745315194129944,0.4543434977531433,0.14641259610652924,0.5194382667541504,0.5864140763878822
/content/dataset/train/airy/egnfdRurteU.jpg,airy,train,0.6625484824180603,0.44062191247940063,0.3552218973636627,0.619439423084259,0.4943680949509144
/content/dataset/train/airy/u_O1rRCnasH0Y.jpg,airy,train,0.5083244442939758,0.47114136815071106,0.4830799102783203,0.6291162967681885,0.1244805846363306
/content/dataset/train/airy/u_ZDfwDtaC1VI.jpg,airy,train,0.715547502040863,0.5388693809509277,0.0,0.5,0.16071857418864965
/content/dataset/train/airy/p_19526635.jpg,airy,train,0.6738495826721191,0.6408668160438538,0.31801268458366394,0.5848817825317383,0.09931156877428293
/content/dataset/train/airy/p_14199596.jpg,airy,train,0.20266197621822357,0.430899441242218,0.1790865808725357,0.5067500472068787,0.23661007173359394
/content/dataset/train/airy/p_8356319.jpg,airy,train,0.7788836359977722,0.07313959300518036,0.13811442255973816,0.5585061311721802,0.040989306289702654
/content/dataset/train/airy/u_SU7SxTpUr8A.jpg,airy,train,0.2427411824464798,0.3004087209701538,0.4542752802371979,0.5394465327262878,0.14184572733938694
/content/dataset/train/airy/u_uTAzl9JSRro.jpg,airy,train,0.5775498151779175,0.5424721837043762,0.17184695601463318,0.5346588492393494,0.09281927719712257
/content/dataset/train/airy/u_EzMSy--hhPY.jpg,airy,train,0.5451550483703613,0.5439330339431763,0.26199355721473694,0.515785276889801,0.4542984068393707
/content/dataset/train/airy/3CGbkwY9RfE.jpg,airy,train,0.8403638601303101,0.2206607162952423,0.04336845129728317,0.515866219997406,0.13889006339013577
/content/dataset/train/airy/u_q9Vm6iX_LIc.jpg,airy,train,0.15297909080982208,0.2936840355396271,0.6973850727081299,0.47547483444213867,0.22556446492671967
/content/dataset/train/airy/u_SW10GoGNo6I.jpg,airy,train,0.8378279805183411,0.27871692180633545,0.08816656470298767,0.48154377937316895,0.1362546207383275
/content/dataset/train/airy/u__-rSjWMSIvs.jpg,airy,train,0.3872593343257904,0.4738425016403198,0.23609225451946259,0.5528281927108765,0.2718663960695267
/content/dataset/train/airy/p_35563018.jpg,airy,train,0.48011890053749084,0.46365538239479065,0.3226322531700134,0.475240021944046,0.17318899743258953
/content/dataset/train/airy/u_gLvutS195Ic.jpg,airy,train,0.5293694734573364,0.36992698907852173,0.494302898645401,0.6435654759407043,0.2527928911149502
/content/dataset/train/airy/p_7307435.jpg,airy,train,0.7966107130050659,0.10050315409898758,0.04468895122408867,0.516285240650177,0.04171692067757249
/content/dataset/train/airy/p_2977079.jpg,airy,train,0.6006298065185547,0.543009340763092,0.48375990986824036,0.6587587594985962,0.08410665672272444
/content/dataset/train/airy/p_16912166.jpg,airy,train,0.6379424929618835,0.6464155316352844,0.13830749690532684,0.4860461354255676,0.07846246007829905
/content/dataset/train/airy/p_28174830.jpg,airy,train,0.8305317759513855,0.40313565731048584,0.10198429971933365,0.5345053672790527,0.21223535761237144
/content/dataset/train/airy/u_sw28tTkhjS0.jpg,airy,train,0.5366804003715515,0.46351441740989685,0.1469942182302475,0.5068137645721436,0.15220586210489273
/content/dataset/train/airy/p_31624795.jpg,airy,train,0.6523111462593079,0.37050482630729675,0.2273993343114853,0.4253419041633606,0.3206943068653345
/content/dataset/train/airy/fJAQNAnQNpI.jpg,airy,train,0.8507473468780518,0.40576159954071045,0.05080200731754303,0.5086618065834045,0.16162458807229996
/content/dataset/train/airy/u_5k79DB3kQVg.jpg,airy,train,0.8259292244911194,0.25568974018096924,0.25247225165367126,0.4017741084098816,0.12307199649512768
/content/dataset/train/airy/p_1564219.jpg,airy,train,0.59932941198349,0.508250892162323,0.22283050417900085,0.5323293209075928,0.21594123914837837
/content/dataset/train/airy/p_17307132.jpg,airy,train,0.36776912212371826,0.44156861305236816,0.42891639471054077,0.5785049796104431,0.17912371084094048
/content/dataset/train/airy/p_17855090.jpg,airy,train,0.6409369707107544,0.29797011613845825,0.2065267115831375,0.5381211638450623,0.23313531652092934
/content/dataset/train/airy/p_20842233.jpg,airy,train,0.765021800994873,0.24529017508029938,0.1705830842256546,0.44096025824546814,0.5411696247756481
/content/dataset/train/airy/u_D8Ivhfqm5xM.jpg,airy,train,0.8110823631286621,0.05924959108233452,0.238185316324234,0.412433385848999,0.08478898787871003
/content/dataset/train/airy/u_Y357VQ9K8Y8.jpg,airy,train,0.4354422390460968,0.45250990986824036,0.0,0.5,0.07585281739011407
/content/dataset/train/airy/p_19158244.jpg,airy,train,0.24122080206871033,0.3652868866920471,0.0,0.5,0.19932587631046772
/content/dataset/train/airy/p_13211072.jpg,airy,train,0.8045956492424011,0.335987389087677,0.11746475845575333,0.4691963195800781,0.22205209359526634
/content/dataset/train/airy/u_ClnegWZ5704.jpg,airy,train,0.4504629373550415,0.5993805527687073,0.19846905767917633,0.5209192633628845,0.286650313064456
/content/dataset/train/airy/u_JAC8RFKgTlU.jpg,airy,train,0.6124473214149475,0.5549952387809753,0.3018973767757416,0.45996391773223877,0.4161505214869976
/content/dataset/train/airy/p_10465362.jpg,airy,train,0.5571816563606262,0.6798449754714966,0.20725968480110168,0.456866979598999,0.07323963800445199
/content/dataset/train/airy/p_17366257.jpg,airy,train,0.4179854393005371,0.5673583745956421,0.17946137487888336,0.4977332055568695,0.11400161776691675
/content/dataset/train/airy/p_4409125.jpg,airy,train,0.2785012722015381,0.5252413153648376,0.41021236777305603,0.5615050792694092,0.21314582787454128
/content/dataset/train/airy/u_02V3SqyUARk.jpg,airy,train,0.6111322641372681,0.08118791878223419,0.09285204112529755,0.49017134308815,0.031045597279444337
/content/dataset/train/airy/p_30899450.jpg,airy,train,0.23264645040035248,0.3709660768508911,0.6488308310508728,0.5855700373649597,0.25564542040228844
/content/dataset/train/airy/p_32891120.jpg,airy,train,0.4494037926197052,0.507321298122406,0.5344244241714478,0.6162678003311157,0.23360028862953186
/content/dataset/train/airy/p_12840684.jpg,airy,train,0.7912529706954956,0.2700888216495514,0.00034289294853806496,0.4998422861099243,0.10476620402187109
/content/dataset/train/airy/p_20793105.jpg,airy,train,0.7813630104064941,0.28245076537132263,0.12391313165426254,0.5288441181182861,0.06373399053700268
/content/dataset/train/airy/p_5943728.jpg,airy,train,0.22105050086975098,0.24190030992031097,0.3213637173175812,0.5173329710960388,0.21719727665185928
/content/dataset/train/airy/p_14184265.jpg,airy,train,0.29346317052841187,0.4652111232280731,0.54392409324646,0.5327626466751099,0.22691918537020683
/content/dataset/train/airy/p_26924047.jpg,airy,train,0.8756790161132812,0.059823859483003616,0.047320716083049774,0.5044999122619629,0.03993084188550711
/content/dataset/train/airy/D3VBxHF3n6Q.jpg,airy,train,0.8518508076667786,0.4332573711872101,0.018257563933730125,0.5043689012527466,0.18503948114812374
/content/dataset/train/airy/p_35158433.jpg,airy,train,0.899553120136261,0.14242050051689148,0.047690410166978836,0.4882449805736542,0.10762780904769897
/content/dataset/train/airy/p_5129351.jpg,airy,train,0.7059085369110107,0.4873371720314026,0.1902855485677719,0.5601738095283508,0.13596245553344488
/content/dataset/train/airy/u_oRJbuNYXhms.jpg,airy,train,0.3439618647098541,0.5446009635925293,0.0,0.5,0.34454531967639923
/content/dataset/train/airy/u_S4_78XGVlFM.jpg,airy,train,0.8174077868461609,0.2701224684715271,0.17402705550193787,0.46872419118881226,0.16090787947177887
/content/dataset/train/airy/p_36456611.jpg,airy,train,0.08860412240028381,0.2421046644449234,0.0,0.5,0.02923041465692222
/content/dataset/train/airy/p_11438880.jpg,airy,train,0.7037833333015442,0.13842134177684784,0.15567398071289062,0.4417707324028015,0.03978884546086192
/content/dataset/train/airy/p_5128762.jpg,airy,train,0.6839548349380493,0.1789720356464386,0.20195217430591583,0.5718424320220947,0.22401121445000172
/content/dataset/train/airy/u_ZqH2xVrHc_8.jpg,airy,train,0.5875474810600281,0.42786455154418945,0.17322053015232086,0.5526303648948669,0.1358434185385704
/content/dataset/train/airy/UIZZpNvKSBY.jpg,airy,train,0.5621413588523865,0.33127984404563904,0.324298620223999,0.5836899876594543,0.20533294416964054
/content/dataset/train/airy/-mFKPfXXUG0.jpg,airy,train,0.9140783548355103,0.16731713712215424,0.022431999444961548,0.5085865259170532,0.25947747752070427
/content/dataset/train/airy/u_VbT5M8mcRKI.jpg,airy,train,0.4598311483860016,0.386936753988266,0.6022092700004578,0.4071100950241089,0.4159584268927574
/content/dataset/train/airy/u_wqns0RmOBOc.jpg,airy,train,0.4102109372615814,0.636665403842926,0.011988120153546333,0.49994397163391113,0.2353363949805498
/content/dataset/train/airy/u_0-LBoX_pAiA.jpg,airy,train,0.2593703866004944,0.4588598310947418,0.41745299100875854,0.5439502596855164,0.18669347278773785
/content/dataset/train/airy/25NWO0LAITY.jpg,airy,train,0.824528157711029,0.19037514925003052,0.0,0.5,0.19790645688772202
/content/dataset/train/airy/p_29992465.jpg,airy,train,0.9314854741096497,0.21286144852638245,0.026429271325469017,0.507314145565033,0.04693511174991727
/content/dataset/train/airy/p_6335653.jpg,airy,train,0.5558084845542908,0.20595400035381317,0.2800229489803314,0.454379141330719,0.058207870461046696
/content/dataset/train/airy/p_28945827.jpg,airy,train,0.6331927180290222,0.5766929388046265,0.1688997894525528,0.5124264359474182,0.13490589801222086
/content/dataset/train/airy/p_28945781.jpg,airy,train,0.2991873621940613,0.26896873116493225,0.26446089148521423,0.4869813024997711,0.2339538000524044
/content/dataset/train/airy/p_34754493.jpg,airy,train,0.5461542010307312,0.27852004766464233,0.21759702265262604,0.45669516921043396,0.039786542765796185
/content/dataset/train/airy/p_17860340.jpg,airy,train,0.2717649042606354,0.28223276138305664,0.47195565700531006,0.561491847038269,0.12036834843456745
/content/dataset/train/airy/u_R3Hht2xotUI.jpg,airy,train,0.5212780833244324,0.5234171152114868,0.38041576743125916,0.5387441515922546,0.3313402086496353
/content/dataset/train/airy/p_33946425.jpg,airy,train,0.29330286383628845,0.703378438949585,0.14886470139026642,0.4953431785106659,0.19656926859170198
/content/dataset/train/airy/p_27663490.jpg,airy,train,0.3003334105014801,0.5331827402114868,0.1651555895805359,0.5344090461730957,0.2400102000683546
/content/dataset/train/airy/p_30722556.jpg,airy,train,0.5421741008758545,0.2057710736989975,0.4890780448913574,0.6638049483299255,0.06391394883394241
/content/dataset/train/airy/u_YNMoV6YHXFY.jpg,airy,train,0.6808047890663147,0.24548368155956268,0.27540910243988037,0.4032459557056427,0.2174429688602686
/content/dataset/train/airy/p_34077028.jpg,airy,train,0.22480997443199158,0.5172609686851501,0.459876149892807,0.5416847467422485,0.3155204560607672
/content/dataset/train/airy/p_6990675.jpg,airy,train,0.7830234169960022,0.35339510440826416,0.1364862024784088,0.5190237164497375,0.13455630745738745
/content/dataset/train/airy/p_31891110.jpg,airy,train,0.7735218405723572,0.3604036867618561,0.07900360226631165,0.5146304368972778,0.11605880223214626
/content/dataset/train/airy/p_13347656.jpg,airy,train,0.5248709917068481,0.7268786430358887,0.0,0.5,0.2054427145048976
/content/dataset/train/airy/p_1066188.jpg,airy,train,0.7223647832870483,0.38642778992652893,0.15717510879039764,0.5177610516548157,0.3051121439784765
/content/dataset/train/airy/p_18965344.jpg,airy,train,0.9280593991279602,0.14504988491535187,0.05033307522535324,0.5205955505371094,0.038422608049586415
/content/dataset/train/airy/p_27538726.jpg,airy,train,0.3500332832336426,0.4827396273612976,0.025761069729924202,0.5046879053115845,0.3347861208021641
/content/dataset/train/airy/p_8756236.jpg,airy,train,0.21286702156066895,0.5672001838684082,0.768621027469635,0.558407723903656,0.11270777322351933
/content/dataset/train/airy/u__mvFcwE7pog.jpg,airy,train,0.6228076815605164,0.32176536321640015,0.12808255851268768,0.5304338932037354,0.05056835478171706
/content/dataset/train/airy/u_k3uNB5BBKtM.jpg,airy,train,0.7430515885353088,0.4748021066188812,0.13557247817516327,0.5311344265937805,0.23437399417161942
/content/dataset/train/airy/p_36135542.jpg,airy,train,0.722070574760437,0.24470838904380798,0.4187562167644501,0.544452428817749,0.039230441907420754
/content/dataset/train/airy/p_22940136.jpg,airy,train,0.3742358982563019,0.4561888575553894,0.36463865637779236,0.5379771590232849,0.9220454469323158
/content/dataset/train/airy/p_7810800.jpg,airy,train,0.8874831199645996,0.2139645665884018,0.07955671101808548,0.5331891179084778,0.02486323704943061
/content/dataset/train/airy/p_31234052.jpg,airy,train,0.2833171486854553,0.5043432712554932,0.5379477739334106,0.5589823722839355,0.20421146880835295
/content/dataset/train/airy/p_9130824.jpg,airy,train,0.8074989318847656,0.1067395880818367,0.17147564888000488,0.46483948826789856,0.04850427503697574
/content/dataset/train/airy/jhJBmwcrlLE.jpg,airy,train,0.5182115435600281,0.3132275938987732,0.18249297142028809,0.5150574445724487,0.09911895263940096
/content/dataset/train/airy/p_4946930.jpg,airy,train,0.8641639351844788,0.20469607412815094,0.055949971079826355,0.4969056248664856,0.12214408721774817
/content/dataset/train/airy/u_Ec7uNVEQDkU.jpg,airy,train,0.42536380887031555,0.5580776333808899,0.23283754289150238,0.4718700051307678,0.5819747596979141
/content/dataset/train/airy/u_And-iT4BMIU.jpg,airy,train,0.8716655373573303,0.22829018533229828,0.08793418109416962,0.5060824155807495,0.06658758269622922
/content/dataset/train/airy/Ax_mykuTFyk.jpg,airy,train,0.8470527529716492,0.23442409932613373,0.07906333357095718,0.47430863976478577,0.16249060165137053
/content/dataset/train/airy/p_8697748.jpg,airy,train,0.4475231170654297,0.5784833431243896,0.5613561272621155,0.6346440315246582,0.3020122554153204
/content/dataset/train/airy/p_27539470.jpg,airy,train,0.7093684673309326,0.19685596227645874,0.07503969967365265,0.5104536414146423,0.0959113915450871
/content/dataset/train/airy/u_gUg4b3gSaPE.jpg,airy,train,0.7749654054641724,0.5714842677116394,0.05639523267745972,0.5011448264122009,0.09079006034880877
/content/dataset/train/airy/p_6541880.jpg,airy,train,0.5270501375198364,0.2780453860759735,0.2615630626678467,0.5738406777381897,0.04040332045406103
/content/dataset/train/airy/u_zia58H5m-uw.jpg,airy,train,0.6096445322036743,0.3253541886806488,0.44816043972969055,0.6578768491744995,0.24758683517575264
/content/dataset/train/airy/p_12167477.jpg,airy,train,0.6533414721488953,0.15937009453773499,0.27697470784187317,0.6025772094726562,0.06411279318854213
/content/dataset/train/airy/p_16968255.jpg,airy,train,0.3983211815357208,0.5554986596107483,0.0,0.5,0.2750550303608179
/content/dataset/train/airy/u_6D3z73t5XiA.jpg,airy,train,0.43122369050979614,0.4181593060493469,0.4006534814834595,0.5738478899002075,0.5334542132914066
/content/dataset/train/airy/u_5JiFEdi7uXg.jpg,airy,train,0.5287992358207703,0.46810826659202576,0.29286569356918335,0.5200362801551819,0.22661025635898113
/content/dataset/train/airy/p_31246898.jpg,airy,train,0.6335675716400146,0.2728244364261627,0.0929713323712349,0.5270630121231079,0.28509548865258694
/content/dataset/train/airy/p_4618576.jpg,airy,train,0.6303146481513977,0.4113215506076813,0.21730199456214905,0.5303297638893127,0.4256502352654934
/content/dataset/train/airy/p_10100735.jpg,airy,train,0.577871561050415,0.42156410217285156,0.1963718980550766,0.5452111959457397,0.1804879168048501
/content/dataset/train/airy/p_30221636.jpg,airy,train,0.3604118824005127,0.5489519238471985,0.41918209195137024,0.5475310683250427,0.1548190414905548
/content/dataset/train/airy/p_19042783.jpg,airy,train,0.18863987922668457,0.5590248107910156,0.6346707940101624,0.534606397151947,0.22983177565038204
/content/dataset/train/airy/u_j3yz-XyQMWk.jpg,airy,train,0.4477691352367401,0.5313023328781128,0.5889723300933838,0.6010218262672424,0.46930206939578056
/content/dataset/train/airy/u_lRN7ZcJq1mA.jpg,airy,train,0.7613083720207214,0.11515022069215775,0.13848347961902618,0.4803764224052429,0.05258666118606925
/content/dataset/train/airy/u_CJaPeZfWW9E.jpg,airy,train,0.43786635994911194,0.3501123785972595,0.4947011470794678,0.34557199478149414,0.3670116513967514
/content/dataset/train/airy/u_lhla1ZWMx74.jpg,airy,train,0.8645327687263489,0.29536083340644836,0.0,0.5,0.1975072454661131
/content/dataset/train/airy/p_6453917.jpg,airy,train,0.8437991142272949,0.23832717537879944,0.07651310414075851,0.527639627456665,0.06524626165628433
/content/dataset/train/airy/p_7776514.jpg,airy,train,0.8798677921295166,0.06744509190320969,0.016172777861356735,0.5036222338676453,0.045556374825537205
/content/dataset/train/airy/3uvj3mZkUUw.jpg,airy,train,0.837006151676178,0.18177057802677155,0.06833070516586304,0.5196582674980164,0.15681266319006681
/content/dataset/train/airy/p_7135006.jpg,airy,train,0.8767071962356567,0.17003107070922852,0.13003554940223694,0.5101078748703003,0.011982009164057672
/content/dataset/train/airy/p_14476029.jpg,airy,train,0.9076797366142273,0.16594849526882172,0.0,0.5,0.053367314394563437
/content/dataset/train/airy/p_35375997.jpg,airy,train,0.7750643491744995,0.17520491778850555,0.1182587742805481,0.4553438127040863,0.03973380313254893
/content/dataset/train/airy/u_KgM7H8gvg3E.jpg,airy,train,0.3034510016441345,0.6579533219337463,0.24093034863471985,0.518417239189148,0.13156195171177387
/content/dataset/train/airy/p_28945780.jpg,airy,train,0.38947606086730957,0.2628808319568634,0.31818848848342896,0.43400347232818604,0.2029926050454378
/content/dataset/train/airy/ba575drshoI.jpg,airy,train,0.9404634237289429,0.11740633100271225,0.01724734902381897,0.4933156371116638,0.03815941046923399
/content/dataset/train/airy/J1yOuO74SLs.jpg,airy,train,0.849235475063324,0.27827703952789307,0.18881361186504364,0.4256073832511902,0.29327210038900375
/content/dataset/train/airy/p_29613063.jpg,airy,train,0.5795883536338806,0.4367298483848572,0.20185890793800354,0.5395428538322449,0.1643763529136777
/content/dataset/train/airy/u_Tn-TedLdE-s.jpg,airy,train,0.5251643061637878,0.5607737302780151,0.32935649156570435,0.4796123504638672,0.30275100842118263
/content/dataset/train/airy/u_Ax_mykuTFyk.jpg,airy,train,0.8470529317855835,0.23442445695400238,0.07906339317560196,0.474308043718338,0.16248848289251328
/content/dataset/train/airy/p_3126552.jpg,airy,train,0.3725963234901428,0.4475029706954956,0.5337709188461304,0.5962784886360168,0.17841343767940998
/content/dataset/train/airy/u_e3jIlqsRP_0.jpg,airy,train,0.05726431682705879,0.167778879404068,0.0,0.5,0.061460963916033506
/content/dataset/train/airy/u_5ATVkn1e10Y.jpg,airy,train,0.4649433195590973,0.4848555326461792,0.16529805958271027,0.5077145099639893,0.0753680756315589
/content/dataset/train/airy/p_3255244.jpg,airy,train,0.5699634552001953,0.42883825302124023,0.27300286293029785,0.5700165033340454,0.20719964057207108
/content/dataset/train/airy/u_aoQ1XyKcgw0.jpg,airy,train,0.6972140073776245,0.44925567507743835,0.17562399804592133,0.5456537008285522,0.21944774314761162
/content/dataset/train/airy/p_17945586.jpg,airy,train,0.889471709728241,0.027821756899356842,0.022734541445970535,0.5064617395401001,0.016745440661907196
/content/dataset/train/airy/p_33680471.jpg,airy,train,0.3822334110736847,0.509566605091095,0.0,0.5,0.17716577276587486
/content/dataset/train/airy/u_r5tFWRUbIJ4.jpg,airy,train,0.42258453369140625,0.5105347037315369,0.20346079766750336,0.5174703001976013,0.6517609767615795
/content/dataset/train/airy/p_26508218.jpg,airy,train,0.29303139448165894,0.539228081703186,0.29336151480674744,0.4889175295829773,0.23343350738286972
/content/dataset/train/airy/p_7677313.jpg,airy,train,0.6631766557693481,0.5239924192428589,0.38403433561325073,0.6344318985939026,0.0841090502217412
/content/dataset/train/airy/p_19149953.jpg,airy,train,0.3875032961368561,0.7113073468208313,0.3688981831073761,0.5403517484664917,0.2002242999151349
/content/dataset/train/airy/p_5128754.jpg,airy,train,0.734039306640625,0.27244889736175537,0.14994171261787415,0.5535241365432739,0.14443460386246443
/content/dataset/train/airy/p_16443220.jpg,airy,train,0.7574228048324585,0.19242581725120544,0.24818681180477142,0.597904622554779,0.24885790422558784
/content/dataset/train/airy/u_4qXkz8NQV2c.jpg,airy,train,0.5554569363594055,0.13150110840797424,0.4021756649017334,0.643062174320221,0.02624490298330784
/content/dataset/train/airy/p_5615681.jpg,airy,train,0.7124465703964233,0.4350254535675049,0.2180168777704239,0.5115965008735657,0.09621627163141966
/content/dataset/train/airy/u_bYN8Oo7QCKw.jpg,airy,train,0.38976144790649414,0.5449336171150208,0.34979936480522156,0.5097143650054932,0.11425621341913939
/content/dataset/train/airy/p_37099956.jpg,airy,train,0.649584949016571,0.2694522440433502,0.172176793217659,0.5355291366577148,0.11260130675509572
/content/dataset/train/airy/p_6542051.jpg,airy,train,0.6337302327156067,0.16185200214385986,0.18544349074363708,0.5568320751190186,0.04616933409124613
/content/dataset/train/airy/p_4621771.jpg,airy,train,0.7928693294525146,0.3188265860080719,0.06978486478328705,0.5102553367614746,0.1765509881079197
/content/dataset/train/airy/u_QKYxgkaTmQk.jpg,airy,train,0.8871539235115051,0.24827948212623596,0.07132314890623093,0.5263218879699707,0.13180090580135584
/content/dataset/train/airy/p_11154507.jpg,airy,train,0.5440751910209656,0.2181958109140396,0.4998086094856262,0.67723548412323,0.08145945612341166
/content/dataset/train/airy/HTjhub5wheU.jpg,airy,train,0.5522909164428711,0.43861401081085205,0.2370142638683319,0.550024151802063,0.19246097654104233
/content/dataset/train/airy/p_11635932.jpg,airy,train,0.8533836007118225,0.28337526321411133,0.04918910190463066,0.4896838068962097,0.12930231634527445
/content/dataset/train/airy/p_28843336.jpg,airy,train,0.7322379946708679,0.3427010476589203,0.07276703417301178,0.5164666771888733,0.23312288336455822
/content/dataset/train/airy/u_b6OtjtKlREo.jpg,airy,train,0.8266041278839111,0.1654118299484253,0.19679012894630432,0.5913375020027161,0.027191460831090808
/content/dataset/train/airy/5GMaCtiz_p4.jpg,airy,train,0.8489184975624084,0.14187365770339966,0.039258603006601334,0.5137732625007629,0.03412877209484577
/content/dataset/train/airy/p_8354525.jpg,airy,train,0.18780627846717834,0.44248247146606445,0.7975457906723022,0.5928683876991272,0.19369812682271004
/content/dataset/train/airy/u_ZbBIO3yJGD8.jpg,airy,train,0.703123152256012,0.08733893185853958,0.21237565577030182,0.5542881488800049,0.08625779766589403
/content/dataset/train/airy/u_OAjhveaJg_A.jpg,airy,train,0.7413665652275085,0.2998029291629791,0.3877733647823334,0.6807889938354492,0.08223815821111202
/content/dataset/train/airy/p_32090265.jpg,airy,train,0.37134572863578796,0.40844759345054626,0.6003618240356445,0.3394466042518616,0.11213202495127916
/content/dataset/train/airy/r7JZGKGhrf0.jpg,airy,train,0.9350562691688538,0.12732470035552979,0.008078789338469505,0.5028662085533142,0.06274186773225665
/content/dataset/train/airy/p_30353399.jpg,airy,train,0.6412565112113953,0.5845019221305847,0.2549612820148468,0.54314786195755,0.19327904097735882
/content/dataset/train/airy/p_4661214.jpg,airy,train,0.8002678751945496,0.2071468085050583,0.1250932663679123,0.5474979281425476,0.18698345869779587
/content/dataset/train/airy/u_c8fP3DnKhbs.jpg,airy,train,0.3918928802013397,0.3640357255935669,0.4326765239238739,0.5280709862709045,0.11409210972487926
/content/dataset/train/airy/p_19205927.jpg,airy,train,0.912712574005127,0.2860705852508545,0.0,0.5,0.1571642141789198
/content/dataset/train/airy/p_35045489.jpg,airy,train,0.40058836340904236,0.573513925075531,0.45579347014427185,0.5591182708740234,0.2296672761440277
/content/dataset/train/airy/u_H0nS013vUx0.jpg,airy,train,0.5771496295928955,0.17414939403533936,0.4241219758987427,0.6176190972328186,0.08191063534468412
/content/dataset/train/airy/p_10982911.jpg,airy,train,0.7320989370346069,0.25624918937683105,0.10074975341558456,0.4679434597492218,0.06955028278753161
/content/dataset/train/airy/p_37113633.jpg,airy,train,0.6376722455024719,0.42479410767555237,0.25820761919021606,0.4812832176685333,0.08943223860114813
/content/dataset/train/airy/u_x0BJW8jXIbI.jpg,airy,train,0.8762460947036743,0.12934856116771698,0.08945837616920471,0.5381630659103394,0.047811795957386494
/content/dataset/train/airy/p_13742248.jpg,airy,train,0.6144914031028748,0.6238134503364563,0.335732102394104,0.600445032119751,0.17353493254631758
/content/dataset/train/airy/p_28649892.jpg,airy,train,0.58791583776474,0.46678677201271057,0.5217380523681641,0.5978760719299316,0.7953901216387749
/content/dataset/train/airy/5cGUd96fIV4.jpg,airy,train,0.645248532295227,0.2801031172275543,0.5110865235328674,0.3249821066856384,0.1848000753670931
/content/dataset/train/airy/p_35257121.jpg,airy,train,0.6076908707618713,0.2878175973892212,0.2918165624141693,0.4020710587501526,0.1487850910052657
/content/dataset/train/airy/u_hvR3PkVudtU.jpg,airy,train,0.48983755707740784,0.3696404695510864,0.7848408818244934,0.635323166847229,0.4050399176776409
/content/dataset/train/airy/p_17027024.jpg,airy,train,0.6105696558952332,0.4716205894947052,0.44474002718925476,0.6304178237915039,0.18183423206210136
/content/dataset/train/airy/u_8FWTCz7eCaE.jpg,airy,train,0.6297333240509033,0.21829667687416077,0.13237318396568298,0.49494680762290955,0.09017971809953451
/content/dataset/train/airy/u_Uwyiks4Lfk8.jpg,airy,train,0.40857866406440735,0.3505493998527527,0.38419461250305176,0.48698461055755615,0.26198120787739754
/content/dataset/train/airy/p_29812583.jpg,airy,train,0.6731416583061218,0.5091413259506226,0.15924601256847382,0.5416578054428101,0.17456944100558758
/content/dataset/train/airy/u_ihkaBay3gNM.jpg,airy,train,0.8962517380714417,0.2728109061717987,0.0706777572631836,0.4728725850582123,0.06891543976962566
/content/dataset/train/airy/p_17896032.jpg,airy,train,0.2775845527648926,0.5024797916412354,0.3103121817111969,0.4746137857437134,0.292403781786561
/content/dataset/train/airy/u_VrHTqyYgALo.jpg,airy,train,0.05786725506186485,0.23509977757930756,0.48702460527420044,0.47988465428352356,0.17446916550397873
/content/dataset/train/airy/p_6193077.jpg,airy,train,0.7387456297874451,0.1628951132297516,0.1689213514328003,0.4499410390853882,0.12121242005378008
/content/dataset/train/airy/p_5208284.jpg,airy,train,0.8608630299568176,0.05524580553174019,0.0683320015668869,0.49430984258651733,0.02075596887152642
/content/dataset/train/airy/GhTRhcYHTb4.jpg,airy,train,0.8055968284606934,0.3863150179386139,0.22279375791549683,0.42236265540122986,0.19402255304157734
/content/dataset/train/airy/u_cYeWcQUdpno.jpg,airy,train,0.8317969441413879,0.19648101925849915,0.09280028939247131,0.5280658602714539,0.22066988050937653
/content/dataset/train/airy/p_29370025.jpg,airy,train,0.5880436301231384,0.09439978003501892,0.19755008816719055,0.4350891411304474,0.02856522216461599
/content/dataset/train/airy/u_LDbSpvVNLPs.jpg,airy,train,0.6313169598579407,0.2504134774208069,0.15324677526950836,0.529899001121521,0.08629142306745052
/content/dataset/train/airy/p_10420269.jpg,airy,train,0.8251206278800964,0.07469794899225235,0.04896431043744087,0.48149770498275757,0.02393249305896461
/content/dataset/train/airy/u_ISro8uqjrNw.jpg,airy,train,0.3507995903491974,0.48188793659210205,0.5519297122955322,0.6017163991928101,0.14631517697125673
/content/dataset/train/airy/p_4219291.jpg,airy,train,0.29697003960609436,0.47605106234550476,0.5966504812240601,0.5482853651046753,0.34560338594019413
/content/dataset/train/airy/p_11591698.jpg,airy,train,0.6425436735153198,0.6628385186195374,0.1618700474500656,0.5248420238494873,0.07202134234830737
/content/dataset/train/airy/p_3060958.jpg,airy,train,0.23629866540431976,0.23991940915584564,0.35540807247161865,0.5457332134246826,0.10951517149806023
/content/dataset/train/airy/u_oYzhu2fcJtc.jpg,airy,train,0.779124915599823,0.42085975408554077,0.16698405146598816,0.5402683019638062,0.32562240958213806
/content/dataset/train/airy/p_32075916.jpg,airy,train,0.7598211169242859,0.3542839586734772,3.3866544981719926e-05,0.5000088810920715,0.07618238450959325
/content/dataset/train/airy/p_16448977.jpg,airy,train,0.7077781558036804,0.2571350038051605,0.2641906142234802,0.5937739014625549,0.26122143492102623
/content/dataset/train/airy/p_34771745.jpg,airy,train,0.5650274157524109,0.36952874064445496,0.5592691898345947,0.28905993700027466,0.14113430865108967
/content/dataset/train/airy/p_18366575.jpg,airy,train,0.7197820544242859,0.34851372241973877,0.2887311577796936,0.6040318608283997,0.16508571803569794
/content/dataset/train/airy/p_1660693.jpg,airy,train,0.7715879678726196,0.28466203808784485,0.14649049937725067,0.5374488234519958,0.1977342739701271
/content/dataset/train/airy/p_35979769.jpg,airy,train,0.4044845402240753,0.6404321789741516,0.22565408051013947,0.5226147174835205,0.2677695406600833
/content/dataset/train/airy/u_qBmJ93lwt2o.jpg,airy,train,0.14058798551559448,0.37407010793685913,0.45326894521713257,0.5204963088035583,0.10838118847459555
/content/dataset/train/airy/p_28945830.jpg,airy,train,0.5897166728973389,0.605989396572113,0.31298181414604187,0.4526831805706024,0.24177785031497478
/content/dataset/train/airy/p_20690090.jpg,airy,train,0.6577252745628357,0.14346493780612946,0.3993591368198395,0.3738254904747009,0.07955997949466109
/content/dataset/train/airy/oao5Mkqn34U.jpg,airy,train,0.8845117688179016,0.3162747621536255,0.11655750125646591,0.5328788757324219,0.4640345461666584
/content/dataset/train/airy/u_9GUdZcUva2Y.jpg,airy,train,0.622721791267395,0.34742891788482666,0.22553017735481262,0.43599003553390503,0.06458275951445103
/content/dataset/train/airy/u_bvs5cNZ2PqY.jpg,airy,train,0.5972976088523865,0.32561445236206055,0.17815221846103668,0.5241979360580444,0.09264379972591996
/content/dataset/train/airy/u_SNKNHhUzb6A.jpg,airy,train,0.25178590416908264,0.38708066940307617,0.2894737720489502,0.4536772072315216,0.050919142086058855
/content/dataset/train/airy/u_pElyNChDE38.jpg,airy,train,0.6972870230674744,0.285978227853775,0.29938778281211853,0.5834435820579529,0.09426006115972996
/content/dataset/train/airy/p_3242111.jpg,airy,train,0.8941821455955505,0.275559663772583,0.13982409238815308,0.4393799901008606,0.06870699347928166
/content/dataset/train/airy/u_VZ4LULR_Cjw.jpg,airy,train,0.6951866149902344,0.32721146941185,0.42760607600212097,0.5707703232765198,0.03830056055448949
/content/dataset/train/airy/Yd7iCxLTGc8.jpg,airy,train,0.8269819021224976,0.12208031117916107,0.24544624984264374,0.39381086826324463,0.08503206772729754
/content/dataset/train/airy/0tupl23hHSo.jpg,airy,train,0.9476383924484253,0.1721402406692505,0.06308750063180923,0.5279958844184875,0.08231379324570298
/content/dataset/train/airy/p_8350476.jpg,airy,train,0.7021186947822571,0.2029072791337967,0.10999612510204315,0.5281503796577454,0.04227491561323404
/content/dataset/train/airy/u_pnHBE-YDdxs.jpg,airy,train,0.7369100451469421,0.36323046684265137,0.29600805044174194,0.5339843034744263,0.21370714530348778
/content/dataset/train/airy/u_dmHXfafe_SQ.jpg,airy,train,0.6695854663848877,0.09989243745803833,0.26273635029792786,0.5816136598587036,0.1359268045052886
/content/dataset/train/airy/t8DFLo1Pmp4.jpg,airy,train,0.8437797427177429,0.22960931062698364,0.04199819266796112,0.5093823671340942,0.16357991844415665
/content/dataset/train/airy/p_29973457.jpg,airy,train,0.7285423278808594,0.2749691903591156,0.20440709590911865,0.5751550793647766,0.07732425117865205
/content/dataset/train/airy/p_26903013.jpg,airy,train,0.6092109084129333,0.34047290682792664,0.14096707105636597,0.5166785717010498,0.5303078331053257
/content/dataset/train/airy/u_6HNBVvWcJkg.jpg,airy,train,0.811598002910614,0.0744243860244751,0.11222142726182938,0.457610547542572,0.023694164119660854
/content/dataset/train/airy/p_7307437.jpg,airy,train,0.6764618158340454,0.22380787134170532,0.11430594325065613,0.5292056798934937,0.0564264808781445
/content/dataset/train/airy/p_15685034.jpg,airy,train,0.7296982407569885,0.28086137771606445,0.0966118797659874,0.49648991227149963,0.1538617815822363
/content/dataset/train/airy/p_9791337.jpg,airy,train,0.8140197992324829,0.48137539625167847,0.11659546196460724,0.5218889117240906,0.0978680420666933
/content/dataset/train/airy/u_y_mN38CKFKM.jpg,airy,train,0.5199496746063232,0.30228087306022644,0.0,0.5,0.0939929811283946
/content/dataset/train/airy/u_aedMupFjoE0.jpg,airy,train,0.8247647881507874,0.249381884932518,0.0806410014629364,0.5275121331214905,0.209871931001544
/content/dataset/train/airy/p_9791793.jpg,airy,train,0.5943044424057007,0.11074939370155334,0.2612532377243042,0.5522201657295227,0.08443484781309962
/content/dataset/train/airy/-VvxbgJge8A.jpg,airy,train,0.8629555702209473,0.24859948456287384,0.12363334745168686,0.4553428888320923,0.16396280378103256
/content/dataset/train/airy/p_8356488.jpg,airy,train,0.7491484880447388,0.32925719022750854,0.1805723011493683,0.4339907169342041,0.10550740407779813
/content/dataset/train/airy/p_17888740.jpg,airy,train,0.7195801734924316,0.21384404599666595,0.24815113842487335,0.5919385552406311,0.02873083809390664
/content/dataset/train/airy/p_921294.jpg,airy,train,0.6948236227035522,0.3552194833755493,0.13403506577014923,0.502799391746521,0.11041420511901379
/content/dataset/train/airy/u_ttECEtZJWmA.jpg,airy,train,0.36257845163345337,0.27512937784194946,0.2835827171802521,0.5510596632957458,0.14043685514479876
/content/dataset/train/airy/Z6GRLEA8Tk4.jpg,airy,train,0.5253537893295288,0.4054148495197296,0.4311474859714508,0.5820440053939819,0.3045112267136574
/content/dataset/train/airy/iZnGuYmP_AY.jpg,airy,train,0.8552086353302002,0.34149369597435,0.08154284954071045,0.48980772495269775,0.19744375720620155
/content/dataset/train/airy/u_XQ1LQeR4DX4.jpg,airy,train,0.9130920767784119,0.09734077751636505,0.06678596138954163,0.530805230140686,0.04120933823287487
/content/dataset/train/airy/u_PnAe5MU60oc.jpg,airy,train,0.7865026593208313,0.18535280227661133,0.03255489468574524,0.50777667760849,0.05983135895803571
/content/dataset/train/airy/p_3226612.jpg,airy,train,0.5066049695014954,0.6803587079048157,0.25511664152145386,0.5365273952484131,0.11839464772492647
/content/dataset/train/airy/p_8123141.jpg,airy,train,0.3226802349090576,0.3783070147037506,0.1602317988872528,0.5192322134971619,0.21798343397676945
/content/dataset/train/airy/p_10534024.jpg,airy,train,0.7188565731048584,0.348880410194397,0.18831653892993927,0.49871429800987244,0.11755760759115219
/content/dataset/train/airy/u_PAk0pX0_YgA.jpg,airy,train,0.24362175166606903,0.3741062879562378,0.6493715643882751,0.6049407720565796,0.14978108927607536
/content/dataset/train/airy/p_32599882.jpg,airy,train,0.7418371438980103,0.3532440662384033,0.15188726782798767,0.5005127191543579,0.152834365144372
/content/dataset/train/airy/jzoToTF3o2c.jpg,airy,train,0.794782817363739,0.2658904790878296,0.08644867688417435,0.4936114549636841,0.07457629544660449
/content/dataset/train/airy/p_34741726.jpg,airy,train,0.5120023488998413,0.48643144965171814,0.62214195728302,0.6638556718826294,0.2120950073003769
/content/dataset/train/airy/qDdv33C-BSw.jpg,airy,train,0.9126548171043396,0.19485688209533691,0.028263559564948082,0.49574393033981323,0.11672674212604761
/content/dataset/train/airy/2jN_lbCV1CI.jpg,airy,train,0.8706750869750977,0.15972840785980225,0.11596408486366272,0.5136916637420654,0.06519930670037866
/content/dataset/train/airy/p_37357576.jpg,airy,train,0.574667751789093,0.39667245745658875,0.22864855825901031,0.5507357120513916,0.12867216020822525
/content/dataset/train/airy/p_1687502.jpg,airy,train,0.8920056223869324,0.1250249743461609,0.1615818738937378,0.44063201546669006,0.0378217629622668
/content/dataset/train/airy/p_3323681.jpg,airy,train,0.7467926144599915,0.15967121720314026,0.04689640924334526,0.5000815987586975,0.06785315927118063
/content/dataset/train/airy/p_33506859.jpg,airy,train,0.6814406514167786,0.16552594304084778,0.11105737090110779,0.5171967148780823,0.03699932596646249
/content/dataset/train/airy/p_34937717.jpg,airy,train,0.6995717883110046,0.4271914064884186,0.13746577501296997,0.5186325907707214,0.40439389646053314
/content/dataset/train/airy/p_12236488.jpg,airy,train,0.5386275053024292,0.13557669520378113,0.592776358127594,0.2753041386604309,0.03023850964382291
/content/dataset/train/airy/oYzhu2fcJtc.jpg,airy,train,0.7791242599487305,0.42086061835289,0.16698239743709564,0.5402684807777405,0.32562345266342163
/content/dataset/train/airy/p_4210882.jpg,airy,train,0.5045393109321594,0.1966429501771927,0.41765645146369934,0.3686985969543457,0.08885161718353629
/content/dataset/train/airy/p_7594482.jpg,airy,train,0.7434110641479492,0.2874777913093567,0.06648833304643631,0.4769783616065979,0.1613467698916793
/content/dataset/train/airy/p_544917.jpg,airy,train,0.2322136014699936,0.3289546072483063,0.11620662361383438,0.5084003806114197,0.06576980464160442
/content/dataset/train/airy/p_26866946.jpg,airy,train,0.5993151664733887,0.5832558274269104,0.2337855100631714,0.5221811532974243,0.26415541768074036
/content/dataset/train/airy/u_hfNfIwmccv8.jpg,airy,train,0.669103741645813,0.5178660750389099,0.0,0.5,0.18046540673822165
/content/dataset/train/airy/p_37222080.jpg,airy,train,0.7073860764503479,0.3394240736961365,0.30099961161613464,0.3847511410713196,0.0781625765375793
/content/dataset/train/airy/p_10440483.jpg,airy,train,0.6321713328361511,0.32502543926239014,0.0,0.5,0.05073262611404061
/content/dataset/train/airy/p_33312310.jpg,airy,train,0.5111050009727478,0.4507327675819397,0.3036680519580841,0.44188767671585083,0.039897545939311385
/content/dataset/train/airy/u_Ow_8whC_zAk.jpg,airy,train,0.8777350783348083,0.11583595722913742,0.03538898751139641,0.5135996341705322,0.07633548462763429
/content/dataset/train/airy/p_12021530.jpg,airy,train,0.7077727317810059,0.4657352864742279,0.3025204837322235,0.5710805654525757,0.17994679510593414
/content/dataset/train/airy/u_uRL_M7fELpY.jpg,airy,train,0.49452173709869385,0.47948211431503296,0.3754701316356659,0.5942732691764832,0.229063481092453
/content/dataset/train/airy/u_Q66o4KJKKKI.jpg,airy,train,0.3248578608036041,0.38718554377555847,0.8093771934509277,0.680561363697052,0.11847516987472773
/content/dataset/train/airy/u_nAwDxoSiWuk.jpg,airy,train,0.4801681339740753,0.2946022152900696,0.4180821478366852,0.4767417311668396,0.05937048001214862
/content/dataset/train/airy/u_xEniDPxU1Kc.jpg,airy,train,0.24402396380901337,0.35991430282592773,0.4113359749317169,0.5510227680206299,0.2958987094461918
/content/dataset/train/airy/Wjo2i4ENMgQ.jpg,airy,train,0.9524398446083069,0.11265411227941513,0.008085645735263824,0.5027015805244446,0.05726475501433015
/content/dataset/train/airy/p_7930216.jpg,airy,train,0.6257612109184265,0.195805162191391,0.3075462579727173,0.3996102213859558,0.04582936875522137
/content/dataset/train/airy/p_10067242.jpg,airy,train,0.6370165944099426,0.5560909509658813,0.4011693596839905,0.43765467405319214,0.18872828222811222
/content/dataset/train/airy/p_30221668.jpg,airy,train,0.22325743734836578,0.3378726840019226,0.5604546070098877,0.5637537240982056,0.19688570871949196
/content/dataset/train/airy/p_8057449.jpg,airy,train,0.6451650857925415,0.2838568091392517,0.2925998270511627,0.43571600317955017,0.061754847411066294
/content/dataset/train/airy/p_32386046.jpg,airy,train,0.7141630053520203,0.3120725452899933,0.1845845729112625,0.5622926354408264,0.15518150757998228
/content/dataset/train/airy/p_1198976.jpg,airy,train,0.6022156476974487,0.2967059016227722,0.20205412805080414,0.5444352626800537,0.3211413789540529
/content/dataset/train/airy/p_4075505.jpg,airy,train,0.6118921041488647,0.33917689323425293,0.13466858863830566,0.4998379945755005,0.09655560832470655
/content/dataset/train/airy/u_NzTfWq_thaA.jpg,airy,train,0.46969905495643616,0.37223514914512634,0.3935781717300415,0.592708945274353,0.24605036713182926
/content/dataset/train/airy/uVT6D32Jrws.jpg,airy,train,0.8151732683181763,0.3606427311897278,0.11342643946409225,0.5228197574615479,0.13111194595694542
/content/dataset/train/airy/p_31009525.jpg,airy,train,0.37169957160949707,0.45530983805656433,0.42794719338417053,0.43092432618141174,0.4805942252278328
/content/dataset/train/airy/p_18156148.jpg,airy,train,0.721281111240387,0.30437806248664856,0.12150390446186066,0.5238342881202698,0.17861663363873959
/content/dataset/train/airy/u_dnkIRQEU1Hk.jpg,airy,train,0.0495656281709671,0.1650831699371338,0.48717424273490906,0.4999258816242218,0.08687807247042656
/content/dataset/train/airy/p_16514953.jpg,airy,train,0.7592006325721741,0.5061455368995667,0.0913761705160141,0.5004973411560059,0.2265600487589836
/content/dataset/train/airy/LKoFO-PUaFI.jpg,airy,train,0.7462483644485474,0.4640204608440399,0.1345120668411255,0.49359846115112305,0.17245938535779715
/content/dataset/train/airy/p_11967670.jpg,airy,train,0.8176316022872925,0.0770423486828804,0.1564134806394577,0.5504168272018433,0.05669633625075221
/content/dataset/train/airy/p_25285642.jpg,airy,train,0.5248167514801025,0.39604827761650085,0.3435437083244324,0.593451738357544,0.1346518425270915
/content/dataset/train/airy/u_GhBFfhq2sCQ.jpg,airy,train,0.7002483010292053,0.15928326547145844,0.3329043984413147,0.41819998621940613,0.06675959331914783
/content/dataset/train/airy/u_yB06YIkA57w.jpg,airy,train,0.1682308167219162,0.3210333585739136,0.6751477718353271,0.48419448733329773,0.06603297777473927
/content/dataset/train/airy/u_pTCY7NJzHGI.jpg,airy,train,0.3638298213481903,0.416138619184494,0.32329684495925903,0.4903222322463989,0.22147254087030888
/content/dataset/train/airy/p_4911345.jpg,airy,train,0.6939194202423096,0.44796058535575867,0.2261071652173996,0.4785636067390442,0.23357801139354706
/content/dataset/train/airy/p_20543598.jpg,airy,train,0.3522561490535736,0.328105092048645,0.08753766119480133,0.49265196919441223,0.12194894719868898
/content/dataset/train/airy/p_35549746.jpg,airy,train,0.2962101995944977,0.5006905198097229,0.42405077815055847,0.5624608993530273,0.11058114701882005
/content/dataset/train/airy/nG1qUIVo0NY.jpg,airy,train,0.6623651385307312,0.5056490302085876,0.13722148537635803,0.5146765112876892,0.5656507425010204
/content/dataset/train/airy/u_viAolITKIkg.jpg,airy,train,0.684459924697876,0.21562008559703827,0.14517423510551453,0.49802345037460327,0.08032493642531335
/content/dataset/train/airy/u_w4KFNu5Frfk.jpg,airy,train,0.6627542972564697,0.2580725848674774,0.4785170555114746,0.3114054799079895,0.23671885021030903
/content/dataset/train/airy/u_-fkZ_SmL2yA.jpg,airy,train,0.3203723430633545,0.3708285093307495,0.7404218912124634,0.3516697585582733,0.08932251948863268
/content/dataset/train/airy/u_8vhP3--8Btg.jpg,airy,train,0.7689064741134644,0.18638426065444946,0.26039183139801025,0.6122196912765503,0.06917777471244335
/content/dataset/train/airy/p_14569558.jpg,airy,train,0.8300324082374573,0.10722790658473969,0.05408283323049545,0.49495309591293335,0.06743782432749867
/content/dataset/train/airy/u_fyK8AeaAgUg.jpg,airy,train,0.47101303935050964,0.48650968074798584,0.0,0.5,0.2227730955928564
/content/dataset/train/airy/u_i7mrcsaMilI.jpg,airy,train,0.6499642729759216,0.15293225646018982,0.2134132832288742,0.5664966702461243,0.029557322850450873
/content/dataset/train/airy/u_hR-h8LNaCug.jpg,airy,train,0.5379008650779724,0.4940938651561737,0.3695671558380127,0.5285611748695374,0.1820855773985386
/content/dataset/train/airy/p_37195179.jpg,airy,train,0.8178272843360901,0.2878226339817047,0.1438809633255005,0.5496415495872498,0.13538748025894165
/content/dataset/train/airy/p_7232661.jpg,airy,train,0.8219080567359924,0.14712649583816528,0.0749824270606041,0.530080258846283,0.05533674964681268
/content/dataset/train/airy/u_eglQqE0Dtdg.jpg,airy,train,0.8519625663757324,0.13711228966712952,0.06508828699588776,0.5236256718635559,0.04894706420600414
/content/dataset/train/airy/p_4678321.jpg,airy,train,0.49906420707702637,0.6181309223175049,0.3206031620502472,0.527472198009491,0.24932761676609516
/content/dataset/train/airy/p_4916408.jpg,airy,train,0.7673561573028564,0.36751222610473633,0.15115036070346832,0.5481420755386353,0.28278226032853127
/content/dataset/train/airy/__S9QRYha68.jpg,airy,train,0.9007225632667542,0.2611788213253021,0.0,0.5,0.31225938349962234
/content/dataset/train/airy/u_ExNg4vUgkes.jpg,airy,train,0.167771577835083,0.4455408453941345,0.9033045172691345,0.5856947302818298,0.11550827650353312
/content/dataset/train/airy/p_30788342.jpg,airy,train,0.5271035432815552,0.3558250665664673,0.21499589085578918,0.5333049297332764,0.21878532133996487
/content/dataset/train/airy/p_16077144.jpg,airy,train,0.8069378733634949,0.27707892656326294,0.11392597109079361,0.5156837105751038,0.19591335207223892
/content/dataset/train/airy/p_34357809.jpg,airy,train,0.6713480949401855,0.3964288532733917,0.11818576604127884,0.53074711561203,0.1529196836054325
/content/dataset/train/airy/u_jhJBmwcrlLE.jpg,airy,train,0.5182116627693176,0.31322750449180603,0.18249697983264923,0.5150577425956726,0.09911622386425734
/content/dataset/train/airy/p_33506854.jpg,airy,train,0.7110993266105652,0.12019231915473938,0.13924026489257812,0.5083879232406616,0.07851494243368506
/content/dataset/train/airy/p_34771774.jpg,airy,train,0.48263558745384216,0.21643732488155365,0.3212020993232727,0.4539661109447479,0.11003842577338219
/content/dataset/train/airy/37diuBsJXaw.jpg,airy,train,0.835325300693512,0.5635555982589722,0.0,0.5,0.06277241744101048
/content/dataset/train/airy/p_33680466.jpg,airy,train,0.2952166199684143,0.4655943810939789,0.0,0.5,0.24305175989866257
/content/dataset/train/airy/p_9771839.jpg,airy,train,0.8063780069351196,0.2434120923280716,0.06695233285427094,0.5102572441101074,0.1173967169597745
/content/dataset/train/airy/p_12298484.jpg,airy,train,0.8336151838302612,0.354684054851532,0.09415727108716965,0.4794919490814209,0.08991235867142677
/content/dataset/train/airy/p_28411594.jpg,airy,train,0.7994216680526733,0.3126508593559265,0.11620960384607315,0.4610651731491089,0.5621018260717392
/content/dataset/train/airy/p_8055243.jpg,airy,train,0.8810598254203796,0.10465621203184128,0.07949407398700714,0.5128251314163208,0.02821121015585959
/content/dataset/train/airy/u_nEQZ3HvdEcQ.jpg,airy,train,0.6938705444335938,0.3235360383987427,0.3669446110725403,0.4324605464935303,0.12493227608501911
/content/dataset/train/airy/p_26593120.jpg,airy,train,0.5498839616775513,0.3967835009098053,0.2874213755130768,0.5392932295799255,0.2605552691966295
/content/dataset/train/airy/p_4942469.jpg,airy,train,0.47655749320983887,0.40729597210884094,0.4635855257511139,0.41167357563972473,0.1085819024592638
/content/dataset/train/airy/p_6621251.jpg,airy,train,0.7639004588127136,0.15867282450199127,0.09929346293210983,0.47854673862457275,0.10049102827906609
/content/dataset/train/airy/p_19342235.jpg,airy,train,0.4783148467540741,0.6492663025856018,0.5467554330825806,0.6084630489349365,0.12602688744664192
/content/dataset/train/airy/p_9753692.jpg,airy,train,0.7242602109909058,0.11964019387960434,0.0005382300587370992,0.5002109408378601,0.009720524540171027
/content/dataset/train/airy/u_rdGF8LPkvoY.jpg,airy,train,0.6052809953689575,0.25240299105644226,0.2391853928565979,0.48684161901474,0.1889344397932291
/content/dataset/train/airy/p_10809192.jpg,airy,train,0.8235690593719482,0.22998365759849548,0.06355256587266922,0.5223530530929565,0.19146278500556946
/content/dataset/train/airy/p_4075503.jpg,airy,train,0.7411379218101501,0.4305327534675598,0.11755940318107605,0.5188257694244385,0.11075022164732218
/content/dataset/train/airy/u_fHu41_uamys.jpg,airy,train,0.8325139880180359,0.09531116485595703,0.19656093418598175,0.41761845350265503,0.015784116694703698
/content/dataset/train/airy/p_36596197.jpg,airy,train,0.4036701023578644,0.5767893195152283,0.1748104691505432,0.4965801239013672,0.4817521758377552
/content/dataset/train/airy/puIqoAhQK6k.jpg,airy,train,0.775373637676239,0.2622601091861725,0.1546594351530075,0.445263147354126,0.10719220619648695
/content/dataset/train/airy/u_hv306w7fUHw.jpg,airy,train,0.6947422623634338,0.2580622732639313,0.07753805071115494,0.5177008509635925,0.13115204870700836
/content/dataset/train/airy/p_1006108.jpg,airy,train,0.7451217174530029,0.46555307507514954,0.15515956282615662,0.5275254845619202,0.09044420905411243
/content/dataset/train/airy/p_953400.jpg,airy,train,0.4185226559638977,0.6201514601707458,0.16145068407058716,0.528988778591156,0.2017464768141508
/content/dataset/train/airy/u_pI0hlGA93sM.jpg,airy,train,0.3647821247577667,0.2522946000099182,0.28506362438201904,0.43978336453437805,0.042982143349945545
/content/dataset/train/airy/p_16392171.jpg,airy,train,0.37995490431785583,0.5720247030258179,0.29298216104507446,0.5322458744049072,0.1767722051590681
/content/dataset/train/airy/p_34299021.jpg,airy,train,0.6914538145065308,0.36401429772377014,0.5047534108161926,0.2703397572040558,0.08294680155813694
/content/dataset/train/airy/p_29973444.jpg,airy,train,0.5031962394714355,0.31581825017929077,0.11477676033973694,0.5265297293663025,0.2110758237540722
/content/dataset/train/airy/u_dBfRk7FKawk.jpg,airy,train,0.23749034106731415,0.6104600429534912,0.6924538016319275,0.48418110609054565,0.1684909500181675
/content/dataset/train/airy/p_15484585.jpg,airy,train,0.40154728293418884,0.20146192610263824,0.31941837072372437,0.43418556451797485,0.08663611020892859
/content/dataset/train/airy/p_10348541.jpg,airy,train,0.8398058414459229,0.18841227889060974,0.014139373786747456,0.4980400800704956,0.13670710381120443
/content/dataset/train/airy/p_13364144.jpg,airy,train,0.3247309625148773,0.5159527063369751,0.31494611501693726,0.5882292985916138,0.25135538540780544
/content/dataset/train/airy/p_4139143.jpg,airy,train,0.11625203490257263,0.06988967955112457,0.7811370491981506,0.40932556986808777,0.03183523775078356
/content/dataset/train/airy/gvNMZCLSKlM.jpg,airy,train,0.6964088678359985,0.6852202415466309,0.0020851262379437685,0.5008593797683716,0.13812454417347908
/content/dataset/train/airy/p_28886222.jpg,airy,train,0.2963728904724121,0.6054147481918335,0.5361576080322266,0.5832769274711609,0.14267717488110065
/content/dataset/train/airy/p_7307723.jpg,airy,train,0.613064706325531,0.22860734164714813,0.22963669896125793,0.5683401823043823,0.06510753417387605
/content/dataset/train/airy/u_TY3_dA55rpY.jpg,airy,train,0.379708468914032,0.7234703302383423,0.3102989196777344,0.5468218326568604,0.23931585252285004
/content/dataset/train/airy/u_ZgcfCh_XuZw.jpg,airy,train,0.695421576499939,0.3663387894630432,0.29633721709251404,0.615729808807373,0.20488178357481956
/content/dataset/train/airy/p_36845782.jpg,airy,train,0.5269011855125427,0.5603336691856384,0.24093839526176453,0.467058002948761,0.2845329511910677
/content/dataset/train/airy/uZavIjDsse0.jpg,airy,train,0.7260966897010803,0.34638530015945435,0.11205314844846725,0.51165771484375,0.307821873575449
/content/dataset/train/airy/u_zjZhv62MUE8.jpg,airy,train,0.6012349128723145,0.5676146745681763,0.09662342071533203,0.5055810809135437,0.03778197453357279
/content/dataset/train/airy/p_16190430.jpg,airy,train,0.3910920023918152,0.42768821120262146,0.3119816780090332,0.5548489689826965,0.3231346234679222
/content/dataset/train/airy/p_192441.jpg,airy,train,0.7805231213569641,0.47772812843322754,0.1796950101852417,0.5365931391716003,0.17073807306587696
/content/dataset/train/airy/p_28245640.jpg,airy,train,0.8106691837310791,0.06240638345479965,0.19912515580654144,0.43415337800979614,0.04050972172990441
/content/dataset/train/airy/p_4541919.jpg,airy,train,0.646339476108551,0.4738312065601349,0.18674984574317932,0.517114520072937,0.3933936357498169
/content/dataset/train/airy/u_B2wLLcFi4Z0.jpg,airy,train,0.7628713846206665,0.4184846878051758,0.11155378818511963,0.514496922492981,0.2343522198498249
/content/dataset/train/airy/p_10747743.jpg,airy,train,0.6471194624900818,0.16288036108016968,0.0892053171992302,0.4764741063117981,0.060289555694907904
/content/dataset/train/airy/u_Scxq8fhB2Nc.jpg,airy,train,0.9367258548736572,0.07210186123847961,0.0,0.5,0.03380579757504165
/content/dataset/train/airy/u_ONWHGGNU7NI.jpg,airy,train,0.45602351427078247,0.4881587326526642,0.0,0.5,0.24508314207196236
/content/dataset/train/airy/e-PGU9rwlsE.jpg,airy,train,0.5115888714790344,0.5979974269866943,0.23956386744976044,0.47564172744750977,0.2954975236207247
/content/dataset/train/airy/u_ibNBOG3EdQI.jpg,airy,train,0.5372152328491211,0.4655667841434479,0.3625723719596863,0.5866994857788086,0.3176132030785084
/content/dataset/train/airy/p_7112822.jpg,airy,train,0.6607117652893066,0.35183629393577576,0.036850739270448685,0.49336427450180054,0.08878413122147322
/content/dataset/train/airy/p_12587166.jpg,airy,train,0.4181426167488098,0.6027312874794006,0.14251109957695007,0.4751148223876953,0.11110256426036358
/content/dataset/train/airy/p_35474812.jpg,airy,train,0.702589750289917,0.5859200358390808,0.05701896920800209,0.4894368052482605,0.10237293783575296
/content/dataset/train/airy/u_6qORI5j_6n8.jpg,airy,train,0.44176724553108215,0.2784830331802368,0.5525237917900085,0.3158040940761566,0.06503882817924023
/content/dataset/train/airy/p_36604781.jpg,airy,train,0.6805871725082397,0.28645941615104675,0.13748855888843536,0.45857179164886475,0.11826409492641687
/content/dataset/train/airy/u_5mmMhS3PgeI.jpg,airy,train,0.6754844188690186,0.28207921981811523,0.3559443950653076,0.3761749565601349,0.03570513799786568
/content/dataset/train/airy/p_10536604.jpg,airy,train,0.7913472056388855,0.3221549689769745,0.135648712515831,0.510551393032074,0.07733389735221863
/content/dataset/train/airy/kL12J4stVrE.jpg,airy,train,0.7269556522369385,0.21116632223129272,0.20721036195755005,0.4344017803668976,0.2348055224865675
/content/dataset/train/airy/p_13995427.jpg,airy,train,0.46256446838378906,0.46991148591041565,0.3863260746002197,0.5853225588798523,0.3793216869235039
/content/dataset/train/airy/u_eUEOHPsyirs.jpg,airy,train,0.7018190622329712,0.3017529249191284,0.20737121999263763,0.4917691648006439,0.035224053426645696
/content/dataset/train/airy/owXZqE_QaOo.jpg,airy,train,0.6551889181137085,0.3543587028980255,0.2255321592092514,0.5127328038215637,0.29571673832833767
/content/dataset/train/airy/dSc2aoQmaZk.jpg,airy,train,0.8297812938690186,0.2813221514225006,0.05287104845046997,0.5094137787818909,0.143348746933043
/content/dataset/train/airy/u_pg3alZyaWjo.jpg,airy,train,0.43424099683761597,0.49107295274734497,0.506377100944519,0.6349202394485474,0.19853931851685047
/content/dataset/train/airy/p_7256074.jpg,airy,train,0.797699511051178,0.08543583005666733,0.30610233545303345,0.63865727186203,0.09666787460446358
/content/dataset/train/airy/u_0_7Y7F4AEcw.jpg,airy,train,0.7653229236602783,0.3064192831516266,0.1579485982656479,0.46134859323501587,0.30303673818707466
/content/dataset/train/airy/u_WNt4sIdS9D0.jpg,airy,train,0.3453071117401123,0.3905389606952667,0.25398004055023193,0.5092430710792542,0.4200711101293564
/content/dataset/train/airy/p_13806840.jpg,airy,train,0.501319408416748,0.40918636322021484,0.29439955949783325,0.5818842649459839,0.104405852034688
/content/dataset/train/airy/4bVQZwbHdXE.jpg,airy,train,0.6978551149368286,0.2991214990615845,0.19569070637226105,0.5150709748268127,0.19935818389058113
/content/dataset/train/airy/-Sf2HtTC290.jpg,airy,train,0.884934663772583,0.18649332225322723,0.027368789538741112,0.5068868398666382,0.0931214727461338
/content/dataset/train/airy/p_19969616.jpg,airy,train,0.4255499541759491,0.5475751757621765,0.7614539861679077,0.6873398423194885,0.22321064956486225
/content/dataset/train/airy/0-LgoX4m_rA.jpg,airy,train,0.671989917755127,0.4525304436683655,0.1960025131702423,0.5527442097663879,0.19767072051763535
/content/dataset/train/airy/--_HKRilc1c.jpg,airy,train,0.718128502368927,0.39222562313079834,0.171476349234581,0.5047237873077393,0.4604650102555752
/content/dataset/train/airy/p_36824282.jpg,airy,train,0.40284234285354614,0.8274348378181458,0.46197742223739624,0.4907951354980469,0.37717100232839584
/content/dataset/train/airy/mkGo12RogRA.jpg,airy,train,0.4673320949077606,0.6164217591285706,0.29297035932540894,0.5173279047012329,0.2740284614264965
/content/dataset/train/airy/p_21624274.jpg,airy,train,0.6895402669906616,0.40118297934532166,0.18879956007003784,0.46204471588134766,0.10041951201856136
/content/dataset/train/airy/p_36135540.jpg,airy,train,0.729998767375946,0.2861483693122864,0.37579023838043213,0.48882073163986206,0.040820196736603975
/content/dataset/train/airy/p_808579.jpg,airy,train,0.5927985310554504,0.36300525069236755,0.23337458074092865,0.4899991750717163,0.18472714349627495
/content/dataset/train/airy/p_4777173.jpg,airy,train,0.8514859676361084,0.27140843868255615,0.11795688420534134,0.4620831310749054,0.07314180256798863
/content/dataset/train/airy/u_hI-APbRibYM.jpg,airy,train,0.3391282558441162,0.2040349692106247,0.500576913356781,0.5997004508972168,0.13196212239563465
/content/dataset/train/airy/tq6n_cqz5PA.jpg,airy,train,0.6437665820121765,0.49511706829071045,0.23585033416748047,0.5108030438423157,0.2525224629789591
/content/dataset/train/airy/u_F__Hu4ZEl0o.jpg,airy,train,0.8002160787582397,0.3548752963542938,0.16838663816452026,0.44425317645072937,0.08266784250736237
/content/dataset/train/airy/p_35259598.jpg,airy,train,0.9030089378356934,0.15735316276550293,0.028844764456152916,0.5017520785331726,0.09439059067517519
/content/dataset/train/airy/AWPDbFF3Mhc.jpg,airy,train,0.7597735524177551,0.13479751348495483,0.22036457061767578,0.41396719217300415,0.1500608492642641
/content/dataset/train/airy/p_11581215.jpg,airy,train,0.22675584256649017,0.36435773968696594,0.3213229179382324,0.531082808971405,0.08497436298057437
/content/dataset/train/airy/p_36951206.jpg,airy,train,0.46279415488243103,0.34621095657348633,0.6285364031791687,0.29582229256629944,0.14301466289907694
/content/dataset/train/airy/u_00ImzvsYtcA.jpg,airy,train,0.3820469081401825,0.15191036462783813,0.26877903938293457,0.5586023926734924,0.1797473058104515
/content/dataset/train/airy/u_rHac8BnvMLE.jpg,airy,train,0.679377019405365,0.3592333197593689,0.10958117246627808,0.48209720849990845,0.08588597411289811
/content/dataset/train/airy/u_PjgtsLCOPt4.jpg,airy,train,0.6183794140815735,0.3145878314971924,0.3114149868488312,0.4721750319004059,0.48728693276643753
/content/dataset/train/airy/u_Mjf-wlzw548.jpg,airy,train,0.8418594002723694,0.18276084959506989,0.16231460869312286,0.5698524117469788,0.17918797209858894
/content/dataset/train/airy/p_29792196.jpg,airy,train,0.5959466695785522,0.7656837105751038,0.0,0.5,0.04519907757639885
/content/dataset/train/airy/u_Im_EuVACJP8.jpg,airy,train,0.7320752143859863,0.473713755607605,0.03639799728989601,0.4875239133834839,0.48090172931551933
/content/dataset/train/airy/p_8167283.jpg,airy,train,0.720220685005188,0.14999742805957794,0.24981462955474854,0.6003274917602539,0.10178008582442999
/content/dataset/train/airy/u_QxhX9TJF0Y4.jpg,airy,train,0.3839782476425171,0.1529460996389389,0.2804469168186188,0.5629398822784424,0.1054631220176816
/content/dataset/train/airy/u_ptzv_vnmd2Q.jpg,airy,train,0.7018892765045166,0.47942158579826355,0.1423480212688446,0.4842592775821686,0.37505311891436577
/content/dataset/train/airy/p_1367080.jpg,airy,train,0.7245144248008728,0.07323288172483444,0.07977337390184402,0.4801509380340576,0.027029744815081358
/content/dataset/train/airy/p_14017729.jpg,airy,train,0.6641797423362732,0.46016982197761536,0.28898119926452637,0.4809444844722748,0.1336244447156787
/content/dataset/train/airy/p_36239165.jpg,airy,train,0.5530614852905273,0.4606112241744995,0.19069239497184753,0.45801156759262085,0.20249641966074705
/content/dataset/train/airy/u_H4fnu6BLzEo.jpg,airy,train,0.6100350618362427,0.5507392287254333,0.48374924063682556,0.3838505744934082,0.09614319307729602
/content/dataset/train/airy/u_mT0RcxX-SD0.jpg,airy,train,0.4684408903121948,0.3496812582015991,0.5466826558113098,0.3631858229637146,0.18586717545986176
/content/dataset/train/airy/p_37174168.jpg,airy,train,0.3354191780090332,0.5849179029464722,0.4257619082927704,0.5724672079086304,0.5374390073120594
/content/dataset/train/airy/p_16876975.jpg,airy,train,0.6599105000495911,0.5033974647521973,0.23822703957557678,0.5806986689567566,0.21902505308389664
/content/dataset/train/airy/u_js-k7QLHfos.jpg,airy,train,0.1154569685459137,0.2688102126121521,0.5528695583343506,0.45768070220947266,0.0749074062332511
/content/dataset/train/airy/4notuGYAWxA.jpg,airy,train,0.6128987669944763,0.3507174253463745,0.3548741936683655,0.5760628581047058,0.14541117008775473
/content/dataset/train/airy/p_37126887.jpg,airy,train,0.42836686968803406,0.380944162607193,0.3692367970943451,0.502057671546936,0.2209815476089716
/content/dataset/train/airy/IcKMzGPGek8.jpg,airy,train,0.8373624682426453,0.27404674887657166,0.1651345044374466,0.4342271685600281,0.2261954080313444
/content/dataset/train/airy/u_OmPrg7wPcEo.jpg,airy,train,0.7983192205429077,0.11208663880825043,0.10797033458948135,0.462367445230484,0.13365205377340317
/content/dataset/train/airy/p_31582844.jpg,airy,train,0.6063557863235474,0.4178805351257324,0.0,0.5,0.31379459425807
/content/dataset/train/airy/p_6494979.jpg,airy,train,0.5427011251449585,0.4149106740951538,0.1420600712299347,0.504184901714325,0.17510198056697845
/content/dataset/train/airy/p_36209426.jpg,airy,train,0.7525078058242798,0.28000977635383606,0.10681652277708054,0.46793854236602783,0.22201750427484512
/content/dataset/train/airy/p_28945789.jpg,airy,train,0.5068363547325134,0.4154377579689026,0.4030630886554718,0.4275924861431122,0.3560408391058445
/content/dataset/train/airy/p_15990362.jpg,airy,train,0.5444175004959106,0.566960871219635,0.2837284803390503,0.56388920545578,0.23181098513305187
/content/dataset/train/airy/p_19851849.jpg,airy,train,0.7641047835350037,0.3027953803539276,0.23013651371002197,0.4196622371673584,0.13865978922694921
/content/dataset/train/airy/u_WmSSotMdavs.jpg,airy,train,0.6286313533782959,0.4392094314098358,0.18245576322078705,0.4764888882637024,0.23034562356770039
/content/dataset/train/airy/u_wOjM5viiTUQ.jpg,airy,train,0.8339048624038696,0.21426959335803986,0.11547423154115677,0.4525851309299469,0.08746517822146416
/content/dataset/train/dark/u_ppPhMHy3hVw.jpg,dark,train,0.1955559402704239,0.5048044323921204,0.5497621297836304,0.4880354404449463,0.20093392115086317
/content/dataset/train/dark/p_12286017.jpg,dark,train,0.3976646065711975,0.38886868953704834,0.0,0.5,0.21579894237220287
/content/dataset/train/dark/u_l1jxOgIHPUw.jpg,dark,train,0.23507466912269592,0.3843618929386139,0.22348688542842865,0.49422600865364075,0.24071292951703072
/content/dataset/train/dark/u_TKxiSP6gNoI.jpg,dark,train,0.6277925372123718,0.7880491614341736,0.10670865327119827,0.5076465606689453,0.5896500870585442
/content/dataset/train/dark/u_7Jv7fHnGHm0.jpg,dark,train,0.2947237491607666,0.6461101770401001,0.0,0.5,0.10978813748806715
/content/dataset/train/dark/u_6h-XTWEjgc8.jpg,dark,train,0.024595806375145912,0.15325550734996796,0.14380118250846863,0.4955049455165863,0.06824055686593056
/content/dataset/train/dark/h83M8F34mjA.jpg,dark,train,0.05604099854826927,0.23362475633621216,0.15222656726837158,0.4994007647037506,0.18590621650218964
/content/dataset/train/dark/u_f6k5moGu2o8.jpg,dark,train,0.14895491302013397,0.5735611319541931,0.0,0.5,0.20747524686157703
/content/dataset/train/dark/p_5809900.jpg,dark,train,0.011401514522731304,0.1369391828775406,0.0,0.5,0.06548247532919049
/content/dataset/train/dark/1aNfhymqoik.jpg,dark,train,0.053745951503515244,0.1543445885181427,0.11607964336872101,0.49392691254615784,0.097032580524683
/content/dataset/train/dark/p_30484693.jpg,dark,train,0.0993080884218216,0.23560890555381775,0.0007729035569354892,0.49997463822364807,0.08101249812170863
/content/dataset/train/dark/u_-oqNk2jQyn0.jpg,dark,train,0.05634809657931328,0.29600223898887634,0.12530985474586487,0.5019703507423401,0.17265491653233767
/content/dataset/train/dark/u_G45tO-hLoNY.jpg,dark,train,0.46880125999450684,0.40590423345565796,0.8508509397506714,0.8021051287651062,0.5280130542814732
/content/dataset/train/dark/kGx2THJJUkw.jpg,dark,train,0.19975483417510986,0.31568825244903564,0.0,0.5,0.10407441761344671
/content/dataset/train/dark/p_7870360.jpg,dark,train,0.03032822720706463,0.11314136534929276,0.0,0.5,0.10218554176390171
/content/dataset/train/dark/u_fhnWAjhXqh4.jpg,dark,train,0.16932494938373566,0.35284537076950073,0.0,0.5,0.20729077979922295
/content/dataset/train/dark/p_11047432.jpg,dark,train,0.2054944783449173,0.26202940940856934,0.5537091493606567,0.44125184416770935,0.2989766001701355
/content/dataset/train/dark/p_9099825.jpg,dark,train,0.06436523795127869,0.08877996355295181,0.6220946311950684,0.5225417017936707,0.04253325401805341
/content/dataset/train/dark/p_10894418.jpg,dark,train,0.06675607711076736,0.30709120631217957,0.3064733147621155,0.5191091895103455,0.111181631218642
/content/dataset/train/dark/p_14826392.jpg,dark,train,0.10080277919769287,0.2642383575439453,0.4080628752708435,0.5096897482872009,0.1881645992398262
/content/dataset/train/dark/u_mEwdPveuwTA.jpg,dark,train,0.11557133495807648,0.1753053367137909,0.13015271723270416,0.5138750672340393,0.06471720291301608
/content/dataset/train/dark/u_j1k_yBthB-s.jpg,dark,train,0.3203350007534027,0.49919435381889343,0.23583734035491943,0.5394744277000427,0.3527670167386532
/content/dataset/train/dark/p_20583484.jpg,dark,train,0.03420615196228027,0.15325279533863068,0.21809698641300201,0.5089090466499329,0.04699071170762181
/content/dataset/train/dark/u_osoLq2lE0RI.jpg,dark,train,0.0714290514588356,0.14407595992088318,0.0,0.5,0.051488252356648445
/content/dataset/train/dark/u_Z5IVL3eshWU.jpg,dark,train,0.5556665658950806,0.5168265700340271,0.0,0.5,0.6809218972921371
/content/dataset/train/dark/p_5104296.jpg,dark,train,0.03082839772105217,0.13941749930381775,0.4912824332714081,0.5201314687728882,0.03472781041637063
/content/dataset/train/dark/u_RNVMICYW1Vs.jpg,dark,train,0.04437142610549927,0.23930694162845612,0.150776207447052,0.5031453967094421,0.059685069136321545
/content/dataset/train/dark/u_dJ4735gafcI.jpg,dark,train,0.1739489883184433,0.20883822441101074,0.3658396303653717,0.5600780248641968,0.1965288445353508
/content/dataset/train/dark/p_28571109.jpg,dark,train,0.07371760904788971,0.20588785409927368,0.4378676414489746,0.5184424519538879,0.11747573036700487
/content/dataset/train/dark/u_EqeW3WWr_FE.jpg,dark,train,0.07379184663295746,0.3279452323913574,0.7491657733917236,0.5130512714385986,0.08980126120150089
/content/dataset/train/dark/jwULBg61q_U.jpg,dark,train,0.17905116081237793,0.3203563690185547,0.7495747208595276,0.39646464586257935,0.15553473960608244
/content/dataset/train/dark/p_35080651.jpg,dark,train,0.17656472325325012,0.3566362261772156,0.362943559885025,0.4944363236427307,0.4196385480463505
/content/dataset/train/dark/p_29842868.jpg,dark,train,0.12778425216674805,0.19705379009246826,0.0,0.5,0.10177024640142918
/content/dataset/train/dark/AbJ06VdkcIc.jpg,dark,train,0.057308100163936615,0.28205177187919617,0.31489548087120056,0.4950862526893616,0.10150408372282982
/content/dataset/train/dark/Zitu_loDiyw.jpg,dark,train,0.1317945122718811,0.3627496063709259,0.4622703194618225,0.48334869742393494,0.24199722334742546
/content/dataset/train/dark/u_MhkJKHz7-Nk.jpg,dark,train,0.636863648891449,0.6879820227622986,0.0,0.5,0.20869247615337372
/content/dataset/train/dark/p_10824291.jpg,dark,train,0.3807529807090759,0.8662434220314026,0.0,0.5,0.10657642502337694
/content/dataset/train/dark/p_28356617.jpg,dark,train,0.06655067950487137,0.2943594455718994,0.0,0.5,0.06517119240015745
/content/dataset/train/dark/p_33432055.jpg,dark,train,0.03664593771100044,0.15069539844989777,0.17524701356887817,0.5093458890914917,0.04278275417163968
/content/dataset/train/dark/p_5120449.jpg,dark,train,0.20204994082450867,0.5230945348739624,0.4459710717201233,0.5102170705795288,0.4699368216097355
/content/dataset/train/dark/u_d5wgXVNQv_M.jpg,dark,train,0.13944879174232483,0.17288556694984436,0.08235644549131393,0.5069470405578613,0.08194255642592907
/content/dataset/train/dark/p_14340820.jpg,dark,train,0.031667232513427734,0.2537451386451721,0.002183920470997691,0.49994203448295593,0.12483155820518732
/content/dataset/train/dark/u_2tVb2tAro_w.jpg,dark,train,0.13670381903648376,0.21506278216838837,0.026895763352513313,0.5040083527565002,0.09871550370007753
/content/dataset/train/dark/u_Mg4sLVvgLv4.jpg,dark,train,0.22789476811885834,0.36420562863349915,0.16017168760299683,0.5123897194862366,0.2002902701497078
/content/dataset/train/dark/77jjujoGbWk.jpg,dark,train,0.10749441385269165,0.10501553863286972,0.0,0.5,0.04947887500748038
/content/dataset/train/dark/p_7949036.jpg,dark,train,0.16188067197799683,0.29097259044647217,0.25916552543640137,0.5093768835067749,0.1910898368805647
/content/dataset/train/dark/p_6322722.jpg,dark,train,0.2856122851371765,0.41015538573265076,0.4392508268356323,0.5392428636550903,0.13905528001487255
/content/dataset/train/dark/u_hL6RzXu2YUA.jpg,dark,train,0.3808192014694214,0.5941857695579529,0.09814643114805222,0.5033709406852722,0.2035889681428671
/content/dataset/train/dark/u_2JkBt9IzZ_c.jpg,dark,train,0.06142355501651764,0.27735233306884766,0.0,0.5,0.0778975267894566
/content/dataset/train/dark/p_17268968.jpg,dark,train,0.1357632726430893,0.44302475452423096,0.5703243613243103,0.5397504568099976,0.12413851451128721
/content/dataset/train/dark/p_1446948.jpg,dark,train,0.007327921688556671,0.11970621347427368,0.01425479631870985,0.5003513693809509,0.051643489859998226
/content/dataset/train/dark/p_21926657.jpg,dark,train,0.08624231815338135,0.1382068246603012,0.0,0.5,0.09101678850129247
/content/dataset/train/dark/p_35589238.jpg,dark,train,0.18994808197021484,0.24484311044216156,0.40607041120529175,0.5168347954750061,0.25151641108095646
/content/dataset/train/dark/p_35643762.jpg,dark,train,0.05484617128968239,0.23683273792266846,0.039551470428705215,0.49837246537208557,0.05352063803002238
/content/dataset/train/dark/p_904332.jpg,dark,train,0.14270839095115662,0.22991009056568146,0.07210538536310196,0.5031986832618713,0.054447720758616924
/content/dataset/train/dark/p_7630665.jpg,dark,train,0.03405909612774849,0.23621466755867004,0.0,0.5,0.04422991303727031
/content/dataset/train/dark/p_8405702.jpg,dark,train,0.2658451795578003,0.30592283606529236,0.0,0.5,0.13046014588326216
/content/dataset/train/dark/u_vDNSCEcO0hI.jpg,dark,train,0.17396368086338043,0.34684211015701294,0.027715284377336502,0.5013123750686646,0.07397583220154047
/content/dataset/train/dark/p_6064558.jpg,dark,train,0.10419970005750656,0.13120225071907043,0.4788954555988312,0.4597923755645752,0.13216030318289995
/content/dataset/train/dark/u_HCwviNEuLns.jpg,dark,train,0.1551070362329483,0.479503333568573,0.0,0.5,0.10006468743085861
/content/dataset/train/dark/p_959284.jpg,dark,train,0.03400743380188942,0.19041107594966888,0.0,0.5,0.05509250215254724
/content/dataset/train/dark/u_k_R6MvBjtMM.jpg,dark,train,0.021339789032936096,0.20606224238872528,0.0,0.5,0.05680197849869728
/content/dataset/train/dark/p_10805648.jpg,dark,train,0.48853185772895813,0.6730098724365234,0.4847228527069092,0.5998147130012512,0.13310139067471027
/content/dataset/train/dark/p_10402255.jpg,dark,train,0.19298793375492096,0.368704229593277,0.3102840185165405,0.5287742614746094,0.2689087949693203
/content/dataset/train/dark/u_MGGDcYOVRi4.jpg,dark,train,0.4436754882335663,0.520546019077301,0.40787655115127563,0.457540899515152,0.3790774941444397
/content/dataset/train/dark/KHNyGNorBrM.jpg,dark,train,0.02220064215362072,0.23767125606536865,0.002544800750911236,0.5001500844955444,0.02624762593768537
/content/dataset/train/dark/p_10755616.jpg,dark,train,0.12185036391019821,0.36226359009742737,0.44490137696266174,0.5213309526443481,0.11233083438128233
/content/dataset/train/dark/YSBpSErLaHc.jpg,dark,train,0.14041095972061157,0.5114465355873108,0.6535162925720215,0.5280519723892212,0.2330962009727955
/content/dataset/train/dark/u_pNZJUV7cNl8.jpg,dark,train,0.5943719744682312,0.3765159547328949,0.08927156776189804,0.5225508809089661,0.24892019107937813
/content/dataset/train/dark/p_14169295.jpg,dark,train,0.04543592035770416,0.11005347222089767,0.4478035867214203,0.5085667967796326,0.0391628488432616
/content/dataset/train/dark/p_9441547.jpg,dark,train,0.10688432306051254,0.04412076622247696,0.0,0.5,0.02524423529393971
/content/dataset/train/dark/p_9917037.jpg,dark,train,0.22902724146842957,0.3256017863750458,0.2723303437232971,0.4805448055267334,0.26959708891808987
/content/dataset/train/dark/Gy7f-xwKGyo.jpg,dark,train,0.011048270389437675,0.12205217778682709,0.6880386471748352,0.4971831440925598,0.0306747539434582
/content/dataset/train/dark/u_F2bCde0-Nlk.jpg,dark,train,0.09724950045347214,0.3034575581550598,0.4541972875595093,0.49591970443725586,0.051850705640390515
/content/dataset/train/dark/OTA6KK_WENQ.jpg,dark,train,0.02682269923388958,0.24590712785720825,0.01311761885881424,0.5015347003936768,0.07306277984753251
/content/dataset/train/dark/p_9200496.jpg,dark,train,0.1084212064743042,0.24717988073825836,0.24009235203266144,0.5076946020126343,0.04532273160293698
/content/dataset/train/dark/u_32aTE5R4j9s.jpg,dark,train,0.13858936727046967,0.11911708861589432,0.18679502606391907,0.5073950886726379,0.03554496914148331
/content/dataset/train/dark/p_13268627.jpg,dark,train,0.06866471469402313,0.2199449986219406,0.5990643501281738,0.514439582824707,0.06204565288498998
/content/dataset/train/dark/u_cJXRFD7C020.jpg,dark,train,0.09495165199041367,0.13651879131793976,0.7958403825759888,0.5025765299797058,0.040137869073078036
/content/dataset/train/dark/BwA_aAx8dV0.jpg,dark,train,0.05022970587015152,0.11928313970565796,0.04706074669957161,0.5011717677116394,0.06511938525363803
/content/dataset/train/dark/u_wAH8BPUoaQQ.jpg,dark,train,0.5838697552680969,0.30756500363349915,0.260763943195343,0.5801384449005127,0.4213135316967964
/content/dataset/train/dark/p_30236021.jpg,dark,train,0.035609327256679535,0.21864944696426392,0.0,0.5,0.06590170320123434
/content/dataset/train/dark/p_34786703.jpg,dark,train,0.09425709396600723,0.16651946306228638,0.0,0.5,0.04928731359541416
/content/dataset/train/dark/u_WcPIGE3oKS4.jpg,dark,train,0.01705721765756607,0.0769198089838028,0.04805667698383331,0.5019822120666504,0.015284442924894392
/content/dataset/train/dark/u_GtGsH2FjcRE.jpg,dark,train,0.30863305926322937,0.4895866811275482,0.12663082778453827,0.523064911365509,0.20670562982559204
/content/dataset/train/dark/p_8740555.jpg,dark,train,0.2287088930606842,0.44407349824905396,0.0,0.5,0.2282654121518135
/content/dataset/train/dark/p_5501174.jpg,dark,train,0.11272621899843216,0.15969914197921753,0.18747149407863617,0.5049989819526672,0.10420302860438824
/content/dataset/train/dark/p_6341511.jpg,dark,train,0.2040812075138092,0.40610271692276,0.3100616931915283,0.5069947242736816,0.2532117161899805
/content/dataset/train/dark/p_8564613.jpg,dark,train,0.06265399605035782,0.3213266134262085,0.7990489602088928,0.49627238512039185,0.033172122202813625
/content/dataset/train/dark/p_6705449.jpg,dark,train,0.07821301370859146,0.30082327127456665,0.0,0.5,0.23221547715365887
/content/dataset/train/dark/p_30957025.jpg,dark,train,0.019426964223384857,0.10619273036718369,0.10716654360294342,0.5043286681175232,0.024516595294699073
/content/dataset/train/dark/u_WA390EeB2UY.jpg,dark,train,0.28574198484420776,0.3186638057231903,0.46658697724342346,0.5398697257041931,0.4233328625559807
/content/dataset/train/dark/p_11189207.jpg,dark,train,0.1405240297317505,0.3999522030353546,0.0,0.5,0.16398292500525713
/content/dataset/train/dark/H4xVNzF5p4c.jpg,dark,train,0.0531318373978138,0.25372961163520813,0.02433454431593418,0.5016985535621643,0.08617292856797576
/content/dataset/train/dark/p_7381412.jpg,dark,train,0.05693652853369713,0.12048999965190887,0.0,0.5,0.12782035861164331
/content/dataset/train/dark/p_4253105.jpg,dark,train,0.04637693986296654,0.18220485746860504,0.20155425369739532,0.515846312046051,0.07704883581027389
/content/dataset/train/dark/u_AZXPX4PfEi8.jpg,dark,train,0.039776481688022614,0.27596086263656616,0.35436078906059265,0.5235714316368103,0.09960352908819914
/content/dataset/train/dark/u_h4vFc3-e92c.jpg,dark,train,0.3319656252861023,0.38232550024986267,0.3670097589492798,0.5620123147964478,0.2137446217238903
/content/dataset/train/dark/p_34429017.jpg,dark,train,0.021047335118055344,0.19813404977321625,0.10666690766811371,0.5117906332015991,0.030227279057726264
/content/dataset/train/dark/u_5eG6uLqDZdI.jpg,dark,train,0.1316976100206375,0.44517913460731506,0.289602130651474,0.522237241268158,0.24936572648584843
/content/dataset/train/dark/p_8888886.jpg,dark,train,0.027391895651817322,0.1738564819097519,0.0,0.5,0.03435415565036237
/content/dataset/train/dark/ZAvQfTnT7MA.jpg,dark,train,0.1554708033800125,0.34716081619262695,0.565491795539856,0.4928964674472809,0.37439098581671715
/content/dataset/train/dark/p_14010095.jpg,dark,train,0.07806450873613358,0.31073179841041565,0.0,0.5,0.08721510414034128
/content/dataset/train/dark/u_dS3d29kKSo8.jpg,dark,train,0.31461140513420105,0.41840729117393494,0.3891151547431946,0.5896936655044556,0.2978098299354315
/content/dataset/train/dark/p_30578727.jpg,dark,train,0.035642772912979126,0.17861098051071167,0.0,0.5,0.03860411932691932
/content/dataset/train/dark/u_6mRfNloPHlc.jpg,dark,train,0.35845109820365906,0.6153966784477234,0.0,0.5,0.14729159884154797
/content/dataset/train/dark/p_18349999.jpg,dark,train,0.19130338728427887,0.3860812485218048,0.0,0.5,0.21517831832170486
/content/dataset/train/dark/p_12414434.jpg,dark,train,0.3326598107814789,0.5142513513565063,0.0,0.5,0.09569068439304829
/content/dataset/train/dark/u_ysjIs8pTyNc.jpg,dark,train,0.37000858783721924,0.3331963121891022,0.043737269937992096,0.4976516664028168,0.21271583624184132
/content/dataset/train/dark/p_11973126.jpg,dark,train,0.1447032392024994,0.3850940465927124,0.775733232498169,0.4768570065498352,0.07309095468372107
/content/dataset/train/dark/u_4lBAqUmKMt0.jpg,dark,train,0.09728822112083435,0.33486735820770264,0.0,0.5,0.09539785794913769
/content/dataset/train/dark/p_12950669.jpg,dark,train,0.09959647059440613,0.09859861433506012,0.054673731327056885,0.5043706893920898,0.03220690065063536
/content/dataset/train/dark/u_sGd5-oDEhDM.jpg,dark,train,0.14495615661144257,0.16919687390327454,0.08681917190551758,0.49957308173179626,0.07953186286613345
/content/dataset/train/dark/p_29643723.jpg,dark,train,0.5660942196846008,0.34591609239578247,0.09579771757125854,0.5180606245994568,0.2710821945220232
/content/dataset/train/dark/p_5877077.jpg,dark,train,0.13705477118492126,0.342470645904541,0.0,0.5,0.10892849415540695
/content/dataset/train/dark/u_7oa5sa6aQEA.jpg,dark,train,0.012429817579686642,0.10324590653181076,0.0,0.5,0.026026557898148894
/content/dataset/train/dark/p_12434897.jpg,dark,train,0.13956685364246368,0.1789899617433548,0.03339925780892372,0.5057553648948669,0.028534341836348176
/content/dataset/train/dark/bzfeMRCfU-k.jpg,dark,train,0.07147565484046936,0.19897007942199707,0.4582490622997284,0.5004922747612,0.09795497171580791
/content/dataset/train/dark/u_AX6uDTQsUSE.jpg,dark,train,0.20243319869041443,0.2536095678806305,0.49386852979660034,0.5741221308708191,0.21379218436777592
/content/dataset/train/dark/p_18866202.jpg,dark,train,0.21772359311580658,0.3213961720466614,0.207687109708786,0.513891339302063,0.17807099968194962
/content/dataset/train/dark/p_36650194.jpg,dark,train,0.6424710154533386,0.6096894145011902,0.0,0.5,0.08248585974797606
/content/dataset/train/dark/p_16764893.jpg,dark,train,0.03298991546034813,0.2468951791524887,0.0,0.5,0.07842352148145437
/content/dataset/train/dark/-9gbliPNc1c.jpg,dark,train,0.08035711944103241,0.25271737575531006,0.6460390686988831,0.46569687128067017,0.13635016977787018
/content/dataset/train/dark/u_a18lCneoV4E.jpg,dark,train,0.4363836944103241,0.7219551801681519,0.04681071639060974,0.49899744987487793,0.19105116836726665
/content/dataset/train/dark/p_8227575.jpg,dark,train,0.17450226843357086,0.3372913599014282,0.13097870349884033,0.5167221426963806,0.1457939436659217
/content/dataset/train/dark/GqSEu2Iz6xU.jpg,dark,train,0.16720114648342133,0.19214652478694916,0.048003703355789185,0.5003479719161987,0.04756667884066701
/content/dataset/train/dark/u_QcRdYByRu4Y.jpg,dark,train,0.06323999166488647,0.12958689033985138,0.7048690319061279,0.48485514521598816,0.0769705860875547
/content/dataset/train/dark/p_17556997.jpg,dark,train,0.04542957618832588,0.21564991772174835,0.0,0.5,0.0671978434547782
/content/dataset/train/dark/u_-f1JRRDaAks.jpg,dark,train,0.132443368434906,0.08422538638114929,0.31009912490844727,0.5262848734855652,0.05081808194518089
/content/dataset/train/dark/u_epsakudtO3o.jpg,dark,train,0.14243492484092712,0.24501726031303406,0.2361026108264923,0.4883880913257599,0.06493548396974802
/content/dataset/train/dark/u_s92UUqmIXY4.jpg,dark,train,0.16937121748924255,0.11937812715768814,0.24581974744796753,0.49230027198791504,0.08380074286833405
/content/dataset/train/dark/p_30877835.jpg,dark,train,0.2047557383775711,0.5917097330093384,0.0,0.5,0.0968321692198515
/content/dataset/train/dark/u_u6kez2qRcHk.jpg,dark,train,0.3218093514442444,0.3440750241279602,0.8928878903388977,0.7512633204460144,0.47539979219436646
/content/dataset/train/dark/u_M2DoKfBkpsM.jpg,dark,train,0.21944472193717957,0.48070836067199707,0.05868211016058922,0.5072731971740723,0.09232336189597845
/content/dataset/train/dark/u_JTj_ein28zo.jpg,dark,train,0.14484143257141113,0.14906767010688782,0.003396076150238514,0.5000534653663635,0.14121904503554106
/content/dataset/train/dark/QcRdYByRu4Y.jpg,dark,train,0.06324011087417603,0.1295861005783081,0.7048616409301758,0.4848552346229553,0.07696966407820582
/content/dataset/train/dark/u_jY7_vHY2630.jpg,dark,train,0.22254537045955658,0.3108397126197815,0.0,0.5,0.49616768956184387
/content/dataset/train/dark/p_16572541.jpg,dark,train,0.21180637180805206,0.265449196100235,0.27902525663375854,0.5340411067008972,0.14756199438124895
/content/dataset/train/dark/u_D6OpKSbbgzA.jpg,dark,train,0.5222502946853638,0.4463209807872772,0.0,0.5,0.2166208904236555
/content/dataset/train/dark/p_28732639.jpg,dark,train,0.09803272783756256,0.4517275393009186,0.0,0.5,0.08369014831259847
/content/dataset/train/dark/p_36139008.jpg,dark,train,0.05518033728003502,0.3024758994579315,0.6166563630104065,0.5307931900024414,0.059842648915946484
/content/dataset/train/dark/p_32564500.jpg,dark,train,0.0686698704957962,0.3283971846103668,0.01513522770255804,0.5006071329116821,0.11099367402493954
/content/dataset/train/dark/_WruCqALsbg.jpg,dark,train,0.15304754674434662,0.44058042764663696,0.657716691493988,0.5668336153030396,0.33373448997735977
/content/dataset/train/dark/p_28944764.jpg,dark,train,0.09048464149236679,0.14355142414569855,0.6131436824798584,0.5587460994720459,0.1424541464075446
/content/dataset/train/dark/u_6IQXsPpEcAg.jpg,dark,train,0.2274852842092514,0.4888797998428345,0.0,0.5,0.2112180832773447
/content/dataset/train/dark/u_mv5ToYacKnQ.jpg,dark,train,0.4320290684700012,0.5158575773239136,0.26936349272727966,0.5422134399414062,0.33838124945759773
/content/dataset/train/dark/p_14005920.jpg,dark,train,0.02300449274480343,0.09147753566503525,0.5268025398254395,0.500916600227356,0.02876315265893936
/content/dataset/train/dark/AAI48xm9hDA.jpg,dark,train,0.20217584073543549,0.24520477652549744,0.09106924384832382,0.5050570964813232,0.07648496422916651
/content/dataset/train/dark/p_11570785.jpg,dark,train,0.08070536702871323,0.22562085092067719,0.24482785165309906,0.4914533793926239,0.08706660941243172
/content/dataset/train/dark/u_4ohSCknrKjA.jpg,dark,train,0.20776398479938507,0.2510268986225128,0.32334238290786743,0.509441077709198,0.1739158108830452
/content/dataset/train/dark/p_20087810.jpg,dark,train,0.06533147394657135,0.15916065871715546,0.6491497755050659,0.483887255191803,0.024322194512933493
/content/dataset/train/dark/p_13876403.jpg,dark,train,0.08938728272914886,0.17518585920333862,0.21908268332481384,0.5026763081550598,0.15961922705173492
/content/dataset/train/dark/u_1D-wdjTyMQc.jpg,dark,train,0.07413986325263977,0.2238111048936844,0.6156851053237915,0.4816388785839081,0.08833341300487518
/content/dataset/train/dark/p_13125315.jpg,dark,train,0.06083732098340988,0.2820812463760376,0.8547882437705994,0.5439107418060303,0.038288625655695796
/content/dataset/train/dark/p_35431167.jpg,dark,train,0.04254889488220215,0.09531570225954056,0.0,0.5,0.02182879892643541
/content/dataset/train/dark/p_17821287.jpg,dark,train,0.02797681652009487,0.20816746354103088,0.0,0.5,0.14333762228488922
/content/dataset/train/dark/u_8P9bxJ1dF4o.jpg,dark,train,0.19658832252025604,0.33485397696495056,0.0,0.5,0.1466494146734476
/content/dataset/train/dark/p_35486762.jpg,dark,train,0.030133360996842384,0.2565084397792816,0.8255841732025146,0.5184904336929321,0.03081772243604064
/content/dataset/train/dark/p_18454121.jpg,dark,train,0.18806996941566467,0.30353406071662903,0.9014753103256226,0.6431865096092224,0.06585459457710385
/content/dataset/train/dark/p_7853666.jpg,dark,train,0.11536983400583267,0.12139542400836945,0.6587316393852234,0.5389235615730286,0.026013016467913985
/content/dataset/train/dark/u_rGdvyrAeOHE.jpg,dark,train,0.114463672041893,0.15562085807323456,0.26346662640571594,0.4908629357814789,0.07337929215282202
/content/dataset/train/dark/u_5SQ618BTeC4.jpg,dark,train,0.177374005317688,0.4446517825126648,0.0,0.5,0.14949331525713205
/content/dataset/train/dark/p_3019303.jpg,dark,train,0.14166730642318726,0.24937067925930023,0.0,0.5,0.060811322182416916
/content/dataset/train/dark/p_14018279.jpg,dark,train,0.025235408917069435,0.13159865140914917,0.0,0.5,0.023068421287462115
/content/dataset/train/dark/p_32281228.jpg,dark,train,0.14117713272571564,0.2941647171974182,0.5938408374786377,0.550828218460083,0.1476060412824154
/content/dataset/train/dark/_ISQ-OfUtDE.jpg,dark,train,0.1933821141719818,0.6233171820640564,0.3316754698753357,0.5107914209365845,0.11804914101958275
/content/dataset/train/dark/u_e3jIlqsRP_0.jpg,dark,train,0.05726431682705879,0.167778879404068,0.0,0.5,0.061460963916033506
/content/dataset/train/dark/p_2568583.jpg,dark,train,0.015189191326498985,0.06052061542868614,0.8448647260665894,0.49531257152557373,0.01178586360765621
/content/dataset/train/dark/p_18076665.jpg,dark,train,0.11469908803701401,0.3353581428527832,0.924467921257019,0.5740615725517273,0.13956060633063316
/content/dataset/train/dark/p_33699578.jpg,dark,train,0.0773199200630188,0.23806828260421753,0.0,0.5,0.06790833547711372
/content/dataset/train/dark/u_lb_RMr9gLXQ.jpg,dark,train,0.18263664841651917,0.42442452907562256,0.0,0.5,0.12765235733240843
/content/dataset/train/dark/p_33715974.jpg,dark,train,0.1963818371295929,0.45381882786750793,0.0,0.5,0.1472692284733057
/content/dataset/train/dark/p_18325565.jpg,dark,train,0.1188398152589798,0.2770760953426361,0.9529788494110107,0.6098217368125916,0.034974077716469765
/content/dataset/train/dark/u_GwAIwqvDu9c.jpg,dark,train,0.04040475934743881,0.26896172761917114,0.0,0.5,0.09946215664967895
/content/dataset/train/dark/u_Gy7f-xwKGyo.jpg,dark,train,0.011048110201954842,0.12205307930707932,0.6880508065223694,0.4971827268600464,0.03067504963837564
/content/dataset/train/dark/p_32281231.jpg,dark,train,0.13273663818836212,0.28244832158088684,0.7598612904548645,0.43233925104141235,0.19041063264012337
/content/dataset/train/dark/p_32011991.jpg,dark,train,0.15806426107883453,0.37314483523368835,0.0,0.5,0.24231106042861938
/content/dataset/train/dark/p_18345593.jpg,dark,train,0.0751788541674614,0.16389814019203186,0.5328657031059265,0.48222747445106506,0.09601153898984194
/content/dataset/train/dark/aD2YPNdcV3E.jpg,dark,train,0.11056500673294067,0.33329641819000244,0.11097824573516846,0.5024592280387878,0.2831314131617546
/content/dataset/train/dark/u_ZsetoMUBfac.jpg,dark,train,0.08916372060775757,0.26808878779411316,0.0,0.5,0.0715871574357152
/content/dataset/train/dark/p_9470807.jpg,dark,train,0.11356230080127716,0.3992902934551239,0.0,0.5,0.13983032666146755
/content/dataset/train/dark/p_10434700.jpg,dark,train,0.3465075194835663,0.29090872406959534,0.23870055377483368,0.5357090830802917,0.15655111521482468
/content/dataset/train/dark/p_28728499.jpg,dark,train,0.05596147105097771,0.12095893174409866,0.2515105605125427,0.511308491230011,0.06232243496924639
/content/dataset/train/dark/p_32281230.jpg,dark,train,0.17275340855121613,0.27243828773498535,0.5940372943878174,0.5676543712615967,0.1396478246897459
/content/dataset/train/dark/u_8G-QhjggYQs.jpg,dark,train,0.11857855319976807,0.2651960253715515,0.8684313297271729,0.5509808659553528,0.18115500919520855
/content/dataset/train/dark/u_yMDdXFSrtkM.jpg,dark,train,0.15781114995479584,0.16929638385772705,0.3097940683364868,0.5014370083808899,0.1129417959600687
/content/dataset/train/dark/p_8564606.jpg,dark,train,0.02246883139014244,0.11979562044143677,0.8954022526741028,0.4789021611213684,0.014006663113832474
/content/dataset/train/dark/p_5764378.jpg,dark,train,0.11722432076931,0.2753047049045563,0.0,0.5,0.10737053118646145
/content/dataset/train/dark/u_A5G3VE1W9EI.jpg,dark,train,0.10511750727891922,0.34141480922698975,0.6822376847267151,0.568467378616333,0.33248615451157093
/content/dataset/train/dark/p_30522888.jpg,dark,train,0.11705364286899567,0.17278051376342773,0.11103790998458862,0.5067971348762512,0.07419474888592958
/content/dataset/train/dark/u_e-jmbp8gQi4.jpg,dark,train,0.09381134808063507,0.3579251170158386,0.2201201170682907,0.5182818174362183,0.08549736114218831
/content/dataset/train/dark/p_36187266.jpg,dark,train,0.12794709205627441,0.19177553057670593,0.22295860946178436,0.48625683784484863,0.15704301185905933
/content/dataset/train/dark/p_5430925.jpg,dark,train,0.07903996109962463,0.23256632685661316,0.15163426101207733,0.4967513978481293,0.08358732797205448
/content/dataset/train/dark/p_8564617.jpg,dark,train,0.041287612169981,0.2263430655002594,0.840742290019989,0.4906604290008545,0.04533860366791487
/content/dataset/train/dark/79BJKg2FwPI.jpg,dark,train,0.06735441833734512,0.3104517161846161,0.017098819836974144,0.4996176064014435,0.12361707165837288
/content/dataset/train/dark/u_iWlTvYween4.jpg,dark,train,0.02359600178897381,0.13129809498786926,0.0,0.5,0.05766712361946702
/content/dataset/train/dark/p_8555933.jpg,dark,train,0.04073489084839821,0.24692997336387634,0.0,0.5,0.11386657133698463
/content/dataset/train/dark/p_5319572.jpg,dark,train,0.4037821888923645,0.2864883244037628,0.09044558554887772,0.5157984495162964,0.3064275812357664
/content/dataset/train/dark/p_3302488.jpg,dark,train,0.05127543956041336,0.19034609198570251,0.4858570396900177,0.5205243825912476,0.05321091040968895
/content/dataset/train/dark/u_Ln6uJ9pVFHs.jpg,dark,train,0.09005483984947205,0.4857712388038635,0.8709146976470947,0.5101268887519836,0.0517724291421473
/content/dataset/train/dark/u_3UH01WTiBRE.jpg,dark,train,0.1961096227169037,0.24302387237548828,0.0,0.5,0.0693983887322247
/content/dataset/train/dark/u_uvKKweWMTbE.jpg,dark,train,0.043808311223983765,0.19017647206783295,0.0,0.5,0.07717840722762048
/content/dataset/train/dark/p_20001578.jpg,dark,train,0.10330779105424881,0.16812236607074738,0.3554435670375824,0.514953076839447,0.101586296223104
/content/dataset/train/dark/p_9459470.jpg,dark,train,0.0421137809753418,0.202413409948349,0.33220887184143066,0.4981100559234619,0.03167781513184309
/content/dataset/train/dark/u_WSDgKGfOtfY.jpg,dark,train,0.0904795303940773,0.042866501957178116,0.05178794264793396,0.5022749900817871,0.03512029885314405
/content/dataset/train/dark/u_Vy89ZS-GgXo.jpg,dark,train,0.4834887981414795,0.5070860385894775,0.0,0.5,1.0
/content/dataset/train/dark/u_7cJ_l1zWyYs.jpg,dark,train,0.5691806077957153,0.5433091521263123,0.0,0.5,0.31792208552360535
/content/dataset/train/dark/u_DyGb75wz66s.jpg,dark,train,0.14933916926383972,0.25608962774276733,0.26422709226608276,0.5151669383049011,0.223418353125453
/content/dataset/train/dark/p_25712716.jpg,dark,train,0.04406723752617836,0.27513906359672546,0.0,0.5,0.07632503751665354
/content/dataset/train/dark/p_37352141.jpg,dark,train,0.3503279387950897,0.2707325518131256,0.0,0.5,0.26679065078496933
/content/dataset/train/dark/p_17367779.jpg,dark,train,0.08757910132408142,0.210821732878685,0.3683670461177826,0.4877713620662689,0.2313647512346506
/content/dataset/train/dark/p_36575039.jpg,dark,train,0.2394557148218155,0.44840288162231445,0.3176632523536682,0.518866777420044,0.22784619592130184
/content/dataset/train/dark/u_swC1JClEcIM.jpg,dark,train,0.4658326506614685,0.4672170877456665,0.47946399450302124,0.5768715739250183,0.3509029559791088
/content/dataset/train/dark/p_34742150.jpg,dark,train,0.20649196207523346,0.41506174206733704,0.49744439125061035,0.5143826007843018,0.2459887880831957
/content/dataset/train/dark/u_gnmh0B2KgSg.jpg,dark,train,0.507688045501709,0.4841252863407135,0.12287797033786774,0.5229402780532837,0.32515425235033035
/content/dataset/train/dark/p_15250232.jpg,dark,train,0.09568256884813309,0.3511366546154022,0.5263269543647766,0.5409776568412781,0.06936389254406095
/content/dataset/train/dark/p_1595240.jpg,dark,train,0.008048961870372295,0.10856146365404129,0.003746552625671029,0.5000873804092407,0.035022624069824815
/content/dataset/train/dark/u_5V0L85CwuN0.jpg,dark,train,0.08553623408079147,0.18998797237873077,0.08954215794801712,0.4976399540901184,0.08643035311251879
/content/dataset/train/dark/u_wrFYAyIUcoI.jpg,dark,train,0.1271207332611084,0.34552502632141113,0.11145661026239395,0.5026239156723022,0.1324184751138091
/content/dataset/train/dark/u_WpNfKGZDZEw.jpg,dark,train,0.09572407603263855,0.47798651456832886,0.0,0.5,0.08122268365696073
/content/dataset/train/dark/p_9809616.jpg,dark,train,0.07996723055839539,0.20328962802886963,0.0,0.5,0.27978114783763885
/content/dataset/train/dark/u_f58OLKKTODo.jpg,dark,train,0.1754230260848999,0.4224624037742615,0.06990867853164673,0.5055536031723022,0.2397423703223467
/content/dataset/train/dark/p_11117242.jpg,dark,train,0.03044533170759678,0.07572944462299347,0.3465556800365448,0.5014994144439697,0.018487361376173794
/content/dataset/train/dark/p_15238964.jpg,dark,train,0.03281359747052193,0.1790466010570526,0.22551289200782776,0.5092517733573914,0.05495515186339617
/content/dataset/train/dark/u_OmgNVHDXIaE.jpg,dark,train,0.34411266446113586,0.3454979360103607,0.0,0.5,0.16539487056434155
/content/dataset/train/dark/u_1ZRErHkAY2A.jpg,dark,train,0.19259633123874664,0.3757546842098236,0.0,0.5,0.10320573579519987
/content/dataset/train/dark/p_4641867.jpg,dark,train,0.3953985869884491,0.5188674330711365,0.16388103365898132,0.5223916172981262,0.27651905082166195
/content/dataset/train/dark/p_7549126.jpg,dark,train,0.03658643364906311,0.2482292354106903,0.0,0.5,0.06643907632678747
/content/dataset/train/dark/p_14398297.jpg,dark,train,0.21580016613006592,0.5106755495071411,0.0,0.5,0.23910642601549625
/content/dataset/train/dark/u_kPlR2Og7aKw.jpg,dark,train,0.2154674381017685,0.32505694031715393,0.06258495151996613,0.501240611076355,0.11644466314464808
/content/dataset/train/dark/p_14308293.jpg,dark,train,0.0293202456086874,0.13760918378829956,0.0,0.5,0.05085038486868143
/content/dataset/train/dark/p_19923619.jpg,dark,train,0.1525832563638687,0.6856028437614441,0.3575049042701721,0.48634618520736694,0.0914991507306695
/content/dataset/train/dark/5e2zJbJmbMk.jpg,dark,train,0.1412692666053772,0.2495095133781433,0.2590228319168091,0.5073050260543823,0.15380579512566328
/content/dataset/train/dark/u_82MBM2LnEpg.jpg,dark,train,0.175881490111351,0.2071286141872406,0.42022427916526794,0.5399549007415771,0.09749616030603647
/content/dataset/train/dark/p_5623972.jpg,dark,train,0.01373579166829586,0.11025561392307281,0.027430526912212372,0.5008015036582947,0.03124537179246545
/content/dataset/train/dark/p_16932929.jpg,dark,train,0.05913079157471657,0.23296737670898438,0.6219362020492554,0.5189928412437439,0.09617143776267767
/content/dataset/train/dark/p_11087484.jpg,dark,train,0.06462569534778595,0.16601723432540894,0.0,0.5,0.06376945762895048
/content/dataset/train/dark/u_6G5-jSPutkY.jpg,dark,train,0.01267560850828886,0.05980486795306206,0.16810286045074463,0.5031850934028625,0.04140587756410241
/content/dataset/train/dark/p_19203717.jpg,dark,train,0.0882032960653305,0.1598697006702423,0.39568713307380676,0.48320093750953674,0.06969658425077796
/content/dataset/train/dark/p_7871577.jpg,dark,train,0.1104372963309288,0.3793427348136902,0.354470819234848,0.5242843627929688,0.1914368849247694
/content/dataset/train/dark/u_YjS6xMv9X4w.jpg,dark,train,0.5078134536743164,0.24191296100616455,0.19973871111869812,0.5376088619232178,0.26282806880772114
/content/dataset/train/dark/u_LNljMD3OaVI.jpg,dark,train,0.24039830267429352,0.31932532787323,0.974759578704834,0.7727444171905518,0.04541553324088454
/content/dataset/train/dark/rJgaOO9jQoI.jpg,dark,train,0.06347070634365082,0.23257923126220703,0.31938955187797546,0.513988733291626,0.14329152647405863
/content/dataset/train/dark/p_18673850.jpg,dark,train,0.05087399110198021,0.2579580545425415,0.7171829342842102,0.5315970778465271,0.06271654739975929
/content/dataset/train/dark/p_18324078.jpg,dark,train,0.06387415528297424,0.1281939297914505,0.5332503318786621,0.5190867185592651,0.07114602951332927
/content/dataset/train/dark/p_14297004.jpg,dark,train,0.15822267532348633,0.2974705100059509,0.0,0.5,0.12455722782760859
/content/dataset/train/dark/p_9166300.jpg,dark,train,0.0716777890920639,0.15080156922340393,0.060494501143693924,0.4983099400997162,0.06184094585478306
/content/dataset/train/dark/i78X8TeRw90.jpg,dark,train,0.37876439094543457,0.43785083293914795,0.0,0.5,0.2303697820752859
/content/dataset/train/dark/u_aj9MGWM7dmk.jpg,dark,train,0.40700751543045044,0.5819081664085388,0.15767432749271393,0.5040155649185181,0.29498014599084854
/content/dataset/train/dark/u_RXnzGhZi8g0.jpg,dark,train,0.4090844392776489,0.549962043762207,0.0,0.5,0.26487311348319054
/content/dataset/train/dark/B7AxedmS7tI.jpg,dark,train,0.050947465002536774,0.13397002220153809,0.034152232110500336,0.5018240213394165,0.022816761629655957
/content/dataset/train/dark/p_11312142.jpg,dark,train,0.04718887433409691,0.13426823914051056,0.0,0.5,0.07979897083714604
/content/dataset/train/dark/p_31098348.jpg,dark,train,0.2714771628379822,0.4452410936355591,0.020457938313484192,0.5030862092971802,0.25815971195697784
/content/dataset/train/dark/p_1595244.jpg,dark,train,0.005841914564371109,0.09173083305358887,0.019858844578266144,0.4997533857822418,0.03376202599611133
/content/dataset/train/dark/u_zhSjb6m6WtU.jpg,dark,train,0.11175202578306198,0.3838861286640167,0.6463220119476318,0.5044847130775452,0.10920555330812931
/content/dataset/train/dark/u_FrvyXjoEMoI.jpg,dark,train,0.5230292677879333,0.5510406494140625,0.14016631245613098,0.5111971497535706,0.7945017144083977
/content/dataset/train/dark/p_5997540.jpg,dark,train,0.015716800466179848,0.20364855229854584,0.1661035567522049,0.5037682056427002,0.028198276413604617
/content/dataset/train/dark/u_fJNY-HP8PSA.jpg,dark,train,0.10756291449069977,0.33180829882621765,0.4879908561706543,0.5307250618934631,0.18734456971287727
/content/dataset/train/dark/u_zqiZV55h78I.jpg,dark,train,0.14234423637390137,0.3319285809993744,0.845371663570404,0.554959774017334,0.23569445125758648
/content/dataset/train/dark/p_29186248.jpg,dark,train,0.04150913655757904,0.10335519909858704,0.23617370426654816,0.508829653263092,0.06453381851315498
/content/dataset/train/dark/p_33424853.jpg,dark,train,0.04567896947264671,0.11890381574630737,0.21610227227210999,0.5070407390594482,0.03916528890840709
/content/dataset/train/dark/p_13965020.jpg,dark,train,0.4406023621559143,0.5386027693748474,0.0,0.5,0.42837241664528847
/content/dataset/train/dark/p_36650196.jpg,dark,train,0.5478202104568481,0.6396998763084412,0.3513895571231842,0.6129961013793945,0.13104290701448917
/content/dataset/train/dark/p_7579556.jpg,dark,train,0.04878983274102211,0.3382943570613861,0.25780853629112244,0.5126966834068298,0.05131848156452179
/content/dataset/train/dark/p_35126540.jpg,dark,train,0.30021849274635315,0.505072295665741,0.2509167194366455,0.5140417218208313,0.29230251908302307
/content/dataset/train/dark/u_nIx7jyT05t4.jpg,dark,train,0.14081257581710815,0.4622071385383606,0.0,0.5,0.16188560985028744
/content/dataset/train/dark/p_7145289.jpg,dark,train,0.06009504199028015,0.1236812025308609,0.0015647534746676683,0.4999520778656006,0.056922652292996645
/content/dataset/train/dark/X-7Jws4oeeg.jpg,dark,train,0.09070715308189392,0.3192513585090637,0.01889459788799286,0.5011768341064453,0.1877773180603981
/content/dataset/train/dark/u_AbSjmuKJQVs.jpg,dark,train,0.07101781666278839,0.15572059154510498,0.6502247452735901,0.5395724177360535,0.05599465221166611
/content/dataset/train/dark/u_uoCmv3qyN8s.jpg,dark,train,0.14346835017204285,0.20982326567173004,0.3620525002479553,0.525139331817627,0.12736374512314796
/content/dataset/train/dark/u_KGIFWzWRmUI.jpg,dark,train,0.2975536584854126,0.39726191759109497,0.7758970260620117,0.6442598104476929,0.16278183553367853
/content/dataset/train/dark/p_31241016.jpg,dark,train,0.023210927844047546,0.14448915421962738,0.0,0.5,0.028051240369677544
/content/dataset/train/dark/u_zrZUCPgKMHc.jpg,dark,train,0.13062822818756104,0.2561332881450653,0.02814817987382412,0.49801069498062134,0.09986002929508686
/content/dataset/train/dark/u_ASLVqx6weGw.jpg,dark,train,0.048991523683071136,0.15396690368652344,0.029454544186592102,0.5006778240203857,0.04467106075026095
/content/dataset/train/dark/u_JoZwaa3mhi8.jpg,dark,train,0.0878981202840805,0.13433507084846497,0.05038328468799591,0.5026184916496277,0.09781186934560537
/content/dataset/train/dark/p_12087.jpg,dark,train,0.03347722813487053,0.1476753205060959,0.005427453201264143,0.4994695782661438,0.0314432370942086
/content/dataset/train/dark/p_8331006.jpg,dark,train,0.05317807197570801,0.1501416116952896,0.0,0.5,0.05796741461381316
/content/dataset/train/dark/p_17500769.jpg,dark,train,0.0663432627916336,0.17083945870399475,0.0,0.5,0.3408668376505375
/content/dataset/train/dark/u_TLpQ88wV3ro.jpg,dark,train,0.2335357815027237,0.3248338997364044,0.06712450087070465,0.5006715059280396,0.17457679845392704
/content/dataset/train/dark/u_ABkHG5_sENs.jpg,dark,train,0.05076516047120094,0.15029191970825195,0.0,0.5,0.11426106560975313
/content/dataset/train/dark/p_14264361.jpg,dark,train,0.04185772314667702,0.07104206830263138,0.30220767855644226,0.49555161595344543,0.039180024759843946
/content/dataset/train/dark/u_0SvmYvyF8oY.jpg,dark,train,0.3103023171424866,0.45322540402412415,3.0389221137738787e-05,0.5000060796737671,0.37262968719005585
/content/dataset/train/dark/p_12493594.jpg,dark,train,0.1096077486872673,0.4263400435447693,0.6658925414085388,0.5429124236106873,0.10417668148875237
/content/dataset/train/dark/p_2565347.jpg,dark,train,0.13681302964687347,0.10915713012218475,0.0461568683385849,0.5040623545646667,0.08066983195021749
/content/dataset/train/dark/p_31486205.jpg,dark,train,0.06818540394306183,0.2958488464355469,0.0,0.5,0.20050466060638428
/content/dataset/train/dark/u_oKj0Pvpg7iU.jpg,dark,train,0.10283195972442627,0.2806553840637207,0.6390329599380493,0.4980044662952423,0.18409337848424911
/content/dataset/train/dark/u_lAq8F7142Ik.jpg,dark,train,0.0882626473903656,0.1598212718963623,0.4437382221221924,0.5166056156158447,0.07130153011530638
/content/dataset/train/dark/u_ojIQ9pM1aiA.jpg,dark,train,0.11099729686975479,0.1241157278418541,0.0,0.5,0.05623124307021499
/content/dataset/train/dark/p_14397113.jpg,dark,train,0.09215322136878967,0.36329469084739685,0.317646324634552,0.5523058176040649,0.0503631925676018
/content/dataset/train/dark/p_29344289.jpg,dark,train,0.5471901297569275,0.470675528049469,0.0,0.5,0.4131401516497135
/content/dataset/train/dark/u_xZeW7489las.jpg,dark,train,0.06076662242412567,0.22635050117969513,0.002399720950052142,0.500090479850769,0.0951265636831522
/content/dataset/train/dark/p_16241096.jpg,dark,train,0.3150598108768463,0.46021169424057007,0.0,0.5,0.18702464178204536
/content/dataset/train/dark/u_lAxRKSApoD8.jpg,dark,train,0.42829617857933044,0.47234973311424255,0.3391791880130768,0.5568935871124268,0.8659222349524498
/content/dataset/train/dark/p_6962285.jpg,dark,train,0.015536037273705006,0.12713195383548737,0.14843501150608063,0.498634934425354,0.021667677210643888
/content/dataset/train/dark/p_13077977.jpg,dark,train,0.05688752606511116,0.1750345081090927,0.0,0.5,0.3169705718755722
/content/dataset/train/dark/u_y3se5Xmt0mE.jpg,dark,train,0.11693748831748962,0.12971772253513336,0.0,0.5,0.0292441516648978
/content/dataset/train/dark/u_QJL6omawATI.jpg,dark,train,0.48962342739105225,0.5927838683128357,0.34011366963386536,0.4275585412979126,0.18770898692309856
/content/dataset/train/dark/YVrAfKkn_7I.jpg,dark,train,0.20067931711673737,0.6068903803825378,0.25364425778388977,0.52430260181427,0.1783592626452446
/content/dataset/train/dark/u_GC2UHBFeTYA.jpg,dark,train,0.05155007168650627,0.271012544631958,0.010974416509270668,0.5003995299339294,0.08416697150096297
/content/dataset/train/dark/u_6rrWEQ8coWM.jpg,dark,train,0.5380398631095886,0.449494332075119,0.26790985465049744,0.521729588508606,0.3518344834446907
/content/dataset/train/dark/p_11885777.jpg,dark,train,0.13446077704429626,0.2674385905265808,0.27675166726112366,0.5147438049316406,0.08534850552678108
/content/dataset/train/dark/p_7145284.jpg,dark,train,0.038762930780649185,0.21063263714313507,0.0,0.5,0.097800949588418
/content/dataset/train/dark/u_O4swWdU1-CM.jpg,dark,train,0.11116042733192444,0.19283825159072876,0.0,0.5,0.08073908044025302
/content/dataset/train/dark/p_7097778.jpg,dark,train,0.06314350664615631,0.18185828626155853,0.49778273701667786,0.5294820070266724,0.09480427950620651
/content/dataset/train/dark/p_19240829.jpg,dark,train,0.15113216638565063,0.25964951515197754,0.5573936700820923,0.591916561126709,0.20898552145808935
/content/dataset/train/dark/u_-6ZGv2Qlr14.jpg,dark,train,0.4903948903083801,0.4058579206466675,0.32766395807266235,0.45219627022743225,0.20949012599885464
/content/dataset/train/dark/u_DS-y-o9x87Y.jpg,dark,train,0.08669068664312363,0.31816431879997253,0.5122440457344055,0.5449780225753784,0.21812387742102146
/content/dataset/train/dark/u_OGJoWoMhrkY.jpg,dark,train,0.2101866900920868,0.4371547996997833,0.4990141987800598,0.5575810670852661,0.2939386572688818
/content/dataset/train/dark/p_3826436.jpg,dark,train,0.06835593283176422,0.14491921663284302,0.44411998987197876,0.5087187886238098,0.1331652980297804
/content/dataset/train/dark/p_12534917.jpg,dark,train,0.046748626977205276,0.20728108286857605,0.0,0.5,0.18040141090750694
/content/dataset/train/dark/u_RS56YoMaotk.jpg,dark,train,0.12047714740037918,0.11399321258068085,0.28078117966651917,0.476576566696167,0.03322338918223977
/content/dataset/train/dark/u_iAwXkUE0vMk.jpg,dark,train,0.3739789128303528,0.32809844613075256,0.0,0.5,0.25468526408076286
/content/dataset/train/dark/p_33546298.jpg,dark,train,0.15072552859783173,0.5444371700286865,0.0,0.5,0.16289363615214825
/content/dataset/train/dark/u_HygaJYZbSVQ.jpg,dark,train,0.03967399522662163,0.0679948478937149,0.6155778169631958,0.5098245143890381,0.07033384637907147
/content/dataset/train/dark/p_13987321.jpg,dark,train,0.17911382019519806,0.44027432799339294,0.8089672923088074,0.5784677267074585,0.061046232003718615
/content/dataset/train/dark/p_5901492.jpg,dark,train,0.10511384904384613,0.10864924639463425,0.0,0.5,0.027703457744792104
/content/dataset/train/dark/u_1nizzZ-SFw4.jpg,dark,train,0.06634709239006042,0.2893151044845581,0.02704046294093132,0.5031651854515076,0.051345627289265394
/content/dataset/train/dark/u_zIRx6-aofxI.jpg,dark,train,0.16461043059825897,0.3289458751678467,0.43859657645225525,0.4690372347831726,0.07703213253989816
/content/dataset/train/dark/p_1437434.jpg,dark,train,0.18261617422103882,0.3709692358970642,0.0,0.5,0.12656110804527998
/content/dataset/train/dark/p_18491104.jpg,dark,train,0.16737240552902222,0.41432783007621765,0.0,0.5,0.14305380173027515
/content/dataset/train/dark/tjK1KhyHq_0.jpg,dark,train,0.08318500965833664,0.3288934528827667,0.8270650506019592,0.5337812900543213,0.24340558797121048
/content/dataset/train/dark/u_rFmZ6433Rf4.jpg,dark,train,0.07894028723239899,0.2715151011943817,0.4501332938671112,0.5204328298568726,0.14291607309132814
/content/dataset/train/dark/u_lGH9ciIcK7I.jpg,dark,train,0.05187349021434784,0.26313352584838867,0.0,0.5,0.06355591816827655
/content/dataset/train/dark/p_5891794.jpg,dark,train,0.0371144637465477,0.21788375079631805,0.0,0.5,0.05198520259000361
/content/dataset/train/dark/u_a-dAkP2zABY.jpg,dark,train,0.060032133013010025,0.20170019567012787,0.3763788044452667,0.4466966390609741,0.03876162110827863
/content/dataset/train/dark/u_N_6clxPs1SI.jpg,dark,train,0.13787144422531128,0.2668594419956207,0.06308609992265701,0.4924347400665283,0.11190521065145731
/content/dataset/train/dark/p_5501189.jpg,dark,train,0.14448295533657074,0.3136233985424042,0.26046308875083923,0.5288747549057007,0.2637541387230158
/content/dataset/train/dark/u_tWkhwDozSEA.jpg,dark,train,0.22481289505958557,0.37972235679626465,0.16773605346679688,0.502960741519928,0.10532712563872337
/content/dataset/train/dark/p_11074367.jpg,dark,train,0.0571402832865715,0.23416702449321747,0.8641373515129089,0.4757648706436157,0.02833562670275569
/content/dataset/train/dark/u_MB54TvUUmOE.jpg,dark,train,0.43246519565582275,0.5591485500335693,0.5430610179901123,0.6236895322799683,0.26124333031475544
/content/dataset/train/dark/u_8U8j6Cyb2Ak.jpg,dark,train,0.1266259253025055,0.32033735513687134,0.12047946453094482,0.509474515914917,0.27000525034964085
/content/dataset/train/dark/p_14516251.jpg,dark,train,0.07956698536872864,0.23058590292930603,0.373721182346344,0.5235573053359985,0.036002983106300235
/content/dataset/train/dark/p_16231026.jpg,dark,train,0.1333542913198471,0.25556743144989014,0.3420123755931854,0.4925527572631836,0.14178320299834013
/content/dataset/train/dark/u__nDPls9kE9o.jpg,dark,train,0.3925549387931824,0.369569331407547,0.26258668303489685,0.4973655939102173,0.5076276510953903
/content/dataset/train/dark/p_3111251.jpg,dark,train,0.06197166442871094,0.26051199436187744,0.0,0.5,0.16110485419631004
/content/dataset/train/dark/p_30268525.jpg,dark,train,0.11302787065505981,0.1835027039051056,0.5715592503547668,0.5039403438568115,0.11192033533006907
/content/dataset/train/dark/W8Nk0dgWcBk.jpg,dark,train,0.03615071251988411,0.21420793235301971,0.0,0.5,0.049532256089150906
/content/dataset/train/dark/p_7723480.jpg,dark,train,0.10322919487953186,0.3439670503139496,0.09952246397733688,0.4913842976093292,0.08695210330188274
/content/dataset/train/dark/u_jmIJElYTfaY.jpg,dark,train,0.30397042632102966,0.5402253270149231,0.2571564316749573,0.5153638124465942,0.34622976556420326
/content/dataset/train/dark/u_Jp7w0Bn9Cz0.jpg,dark,train,0.13671904802322388,0.20487196743488312,0.2850021719932556,0.5387460589408875,0.19164382480084896
/content/dataset/train/dark/p_36519554.jpg,dark,train,0.1395331621170044,0.47936245799064636,0.28160157799720764,0.5087190866470337,0.19602999556809664
/content/dataset/train/dark/u_yALyWYs0bH0.jpg,dark,train,0.06955346465110779,0.26480764150619507,0.2689698338508606,0.5016543865203857,0.08154611568897963
/content/dataset/train/dark/p_36057216.jpg,dark,train,0.21453621983528137,0.4199090301990509,0.0,0.5,0.08898699190467596
/content/dataset/train/dark/p_20183601.jpg,dark,train,0.5590152144432068,0.3203619122505188,0.18563790619373322,0.543491542339325,0.4035032168030739
/content/dataset/train/dark/p_35639407.jpg,dark,train,0.08067100495100021,0.3129895329475403,0.12235841155052185,0.5090250372886658,0.11484780814498663
/content/dataset/train/dark/u_oh7BwFw07cw.jpg,dark,train,0.08411950618028641,0.3194277584552765,0.0,0.5,0.08658627048134804
/content/dataset/train/dark/u_CWP9UTIkPis.jpg,dark,train,0.13979937136173248,0.15653471648693085,0.2198120653629303,0.5144763588905334,0.06538162240758538
/content/dataset/train/dark/u_GqudhZqNOCk.jpg,dark,train,0.2931444048881531,0.4753541946411133,0.20032137632369995,0.5269200205802917,0.2785911038517952
/content/dataset/train/dark/u_KgZIys-NJd8.jpg,dark,train,0.15564310550689697,0.3316737413406372,0.4003254175186157,0.5118328928947449,0.15301222447305918
/content/dataset/train/dark/p_14571574.jpg,dark,train,0.02299834042787552,0.16867373883724213,0.0,0.5,0.08392096031457186
/content/dataset/train/dark/p_36242115.jpg,dark,train,0.04135624319314957,0.2322511225938797,0.007010680623352528,0.5006467700004578,0.07037540897727013
/content/dataset/train/dark/u_RzfkNQ5V11Q.jpg,dark,train,0.05891341716051102,0.2104130983352661,0.0,0.5,0.08219813229516149
/content/dataset/train/dark/p_12218328.jpg,dark,train,0.1925104558467865,0.5245480537414551,0.0,0.5,0.1868676394224167
/content/dataset/train/dark/5V0L85CwuN0.jpg,dark,train,0.08553635329008102,0.18998806178569794,0.08955288678407669,0.4976399540901184,0.0864293659105897
/content/dataset/train/dark/u_3fM6lFkpekE.jpg,dark,train,0.314613938331604,0.5473698377609253,0.3633044958114624,0.5826159715652466,0.46262070536613464
/content/dataset/train/dark/u_InpSZCpwS7g.jpg,dark,train,0.1240985319018364,0.2995980679988861,0.5597164630889893,0.5226050615310669,0.0866320775821805
/content/dataset/train/dark/p_12899648.jpg,dark,train,0.017614057287573814,0.15691576898097992,0.031944748014211655,0.5028290748596191,0.03932360210455954
/content/dataset/train/dark/u_lR5iyetckGs.jpg,dark,train,0.14084763824939728,0.33009958267211914,0.7387593388557434,0.43289855122566223,0.13293743133544922
/content/dataset/train/dark/p_18864415.jpg,dark,train,0.23010846972465515,0.27655819058418274,0.14993681013584137,0.515093982219696,0.19796306267380714
/content/dataset/train/dark/u_ErMW3XKzmuQ.jpg,dark,train,0.08432689309120178,0.15442399680614471,0.0018964896444231272,0.4999707341194153,0.13538018334656954
/content/dataset/train/dark/p_19973395.jpg,dark,train,0.5293439030647278,0.2927129864692688,0.5078645944595337,0.6852800846099854,0.19408898428082466
/content/dataset/train/dark/p_35410295.jpg,dark,train,0.07924944162368774,0.3402450382709503,0.41162005066871643,0.5083547234535217,0.036354827461764216
/content/dataset/train/dark/p_2904139.jpg,dark,train,0.13608147203922272,0.08683047443628311,0.0,0.5,0.03193536656908691
/content/dataset/train/dark/p_3319221.jpg,dark,train,0.022546522319316864,0.1719534993171692,0.0,0.5,0.05143997026607394
/content/dataset/train/dark/u_wdrU31YJZrE.jpg,dark,train,0.14936073124408722,0.43288877606391907,0.9438596963882446,0.5779644250869751,0.08519045077264309
/content/dataset/train/dark/p_8617327.jpg,dark,train,0.16926929354667664,0.5310702323913574,0.29558390378952026,0.579037070274353,0.12353098019957542
/content/dataset/train/dark/p_27354284.jpg,dark,train,0.0688391774892807,0.15198881924152374,0.0,0.5,0.033748478163033724
/content/dataset/train/dark/u_Hv0tyTeWWpE.jpg,dark,train,0.13002341985702515,0.19467242062091827,0.037520553916692734,0.4984351098537445,0.09350087493658066
/content/dataset/train/dark/p_7827272.jpg,dark,train,0.05887624993920326,0.2139669954776764,0.205800861120224,0.503384530544281,0.11135549750179052
/content/dataset/train/dark/p_14973122.jpg,dark,train,0.11216073483228683,0.43843579292297363,0.0,0.5,0.07208724739030004
/content/dataset/train/dark/p_9687370.jpg,dark,train,0.13052411377429962,0.3763924539089203,0.2661423981189728,0.5152828097343445,0.05059927003458142
/content/dataset/train/dark/p_6874068.jpg,dark,train,0.025486670434474945,0.13268990814685822,0.2571364641189575,0.501522958278656,0.03485862398520112
/content/dataset/train/dark/u_WK-OZtZaVeY.jpg,dark,train,0.16079755127429962,0.4622268080711365,0.0,0.5,0.30874229967594147
/content/dataset/train/dark/u_0Lzs2nmO7_U.jpg,dark,train,0.07800017297267914,0.35031670331954956,0.5783003568649292,0.5063149333000183,0.1627681963145733
/content/dataset/train/dark/p_33579695.jpg,dark,train,0.08482270687818527,0.34505876898765564,0.00012282258830964565,0.4999874532222748,0.09361770004034042
/content/dataset/train/dark/u_vVyQKYNq8ZA.jpg,dark,train,0.06372541189193726,0.06155288591980934,0.0,0.5,0.022575005423277617
/content/dataset/train/dark/u_h_7pD_K_ZWQ.jpg,dark,train,0.3349941074848175,0.5327258110046387,0.40403494238853455,0.45947766304016113,0.2666505705565214
/content/dataset/train/dark/u_leDfmLcTWGo.jpg,dark,train,0.07706470042467117,0.42280974984169006,0.354046493768692,0.5315977931022644,0.041683109011501074
/content/dataset/train/dark/p_18701363.jpg,dark,train,0.07795391976833344,0.1492888182401657,0.0,0.5,0.04535884130746126
/content/dataset/train/dark/p_9617617.jpg,dark,train,0.11822497099637985,0.2559847831726074,0.06792514771223068,0.5049728155136108,0.12392047792673111
/content/dataset/train/dark/p_36765975.jpg,dark,train,0.11571057885885239,0.4854666590690613,0.0,0.5,0.18124026246368885
/content/dataset/train/dark/p_31507201.jpg,dark,train,0.5624481439590454,0.41735777258872986,0.17043030261993408,0.4818474352359772,0.31686301343142986
/content/dataset/train/dark/p_16277487.jpg,dark,train,0.4222034215927124,0.545551061630249,0.6458439826965332,0.6621150970458984,0.05413915612734854
/content/dataset/train/dark/p_11313859.jpg,dark,train,0.06852106750011444,0.20236128568649292,0.7020349502563477,0.5258527994155884,0.12167635839432478
/content/dataset/train/dark/u_6NGQWeA1RNs.jpg,dark,train,0.04488552734255791,0.21160781383514404,0.9119985103607178,0.5241673588752747,0.11602722108364105
/content/dataset/train/dark/HrcMrnrr-2A.jpg,dark,train,0.046068064868450165,0.22557581961154938,0.2650858461856842,0.48123636841773987,0.16724856104701757
/content/dataset/train/dark/u_15aTSheJhLw.jpg,dark,train,0.15034699440002441,0.20813266932964325,0.07880992442369461,0.5008007287979126,0.24057161062955856
/content/dataset/train/dark/u_IGqoe0ZC2vY.jpg,dark,train,0.22639009356498718,0.33176660537719727,0.05878817290067673,0.5006955862045288,0.12401094660162926
/content/dataset/train/dark/u_-hWwL0n3_As.jpg,dark,train,0.0006826231256127357,0.019596785306930542,0.0029186210595071316,0.4999600648880005,0.003375559754204005
/content/dataset/train/dark/p_22742296.jpg,dark,train,0.07564462721347809,0.21435876190662384,0.0003362765710335225,0.5000189542770386,0.09086646139621735
/content/dataset/train/dark/u_0inXQ2NYkWg.jpg,dark,train,0.012331394478678703,0.15450499951839447,0.05507117882370949,0.5010958909988403,0.044470508582890034
/content/dataset/train/dark/u_91vox7PYTTA.jpg,dark,train,0.29273632168769836,0.6816394925117493,0.0,0.5,0.22916940972208977
/content/dataset/train/dark/u_4U1x6459Q-s.jpg,dark,train,0.0968267023563385,0.30577537417411804,0.0,0.5,0.08541376795619726
/content/dataset/train/dark/JNYQ5UWGrW4.jpg,dark,train,0.08784013241529465,0.35848113894462585,0.0,0.5,0.10241636075079441
/content/dataset/train/dark/u_sc_8zZ8WoCc.jpg,dark,train,0.21284255385398865,0.29725903272628784,0.31299445033073425,0.5007032752037048,0.373936016112566
/content/dataset/train/dark/u_p_TGbi5J_hM.jpg,dark,train,0.04540141299366951,0.20177605748176575,0.4691544473171234,0.5086936950683594,0.1252390118315816
/content/dataset/train/dark/0SvmYvyF8oY.jpg,dark,train,0.31030309200286865,0.4532264173030853,3.0389221137738787e-05,0.5000060796737671,0.372626930475235
/content/dataset/train/dark/p_5812966.jpg,dark,train,0.03411697968840599,0.1249469667673111,0.2926498055458069,0.5051001906394958,0.02619823324494064
/content/dataset/train/dark/p_9548486.jpg,dark,train,0.03191991150379181,0.22960606217384338,0.8165545463562012,0.49805015325546265,0.051034449134022
/content/dataset/train/dark/u_ijy4I4Bnkrs.jpg,dark,train,0.03191589191555977,0.1766604632139206,0.0,0.5,0.08090394083410501
/content/dataset/train/dark/u_gQOE2o6ulSU.jpg,dark,train,0.09722045809030533,0.13032513856887817,0.10300856828689575,0.5048632621765137,0.15923921950161457
/content/dataset/train/dark/F88pNhpH9tY.jpg,dark,train,0.06996821612119675,0.3655289113521576,0.43987149000167847,0.5408447980880737,0.19340178929269314
/content/dataset/train/dark/u_Qy7MWfpXpak.jpg,dark,train,0.2489248365163803,0.28315165638923645,0.4707857668399811,0.5639710426330566,0.22359471768140793
/content/dataset/train/dark/p_33952517.jpg,dark,train,0.13481314480304718,0.3982982933521271,0.015228322707116604,0.5016926527023315,0.1283737551420927
/content/dataset/train/dark/u_CptcxHgxI00.jpg,dark,train,0.09333454072475433,0.4845965504646301,0.889441728591919,0.48944592475891113,0.05510456277988851
/content/dataset/train/dark/p_35785012.jpg,dark,train,0.4992911219596863,0.4681248068809509,0.5432203412055969,0.5547381043434143,0.14694600366055965
/content/dataset/train/dark/p_783200.jpg,dark,train,0.029473736882209778,0.17036980390548706,0.2016584426164627,0.5243740677833557,0.03632501466199756
/content/dataset/train/dark/p_5969584.jpg,dark,train,0.029611453413963318,0.10175280272960663,0.0,0.5,0.03680827794596553
/content/dataset/train/dark/u_EgVoA4BbwAQ.jpg,dark,train,0.3792843222618103,0.4653589725494385,0.40181857347488403,0.5443360805511475,0.7720954716205597
/content/dataset/train/dark/YEN8TMjxW_U.jpg,dark,train,0.12692135572433472,0.42666617035865784,0.37092211842536926,0.5139620304107666,0.27102566324174404
/content/dataset/train/dark/p_4412516.jpg,dark,train,0.07555288821458817,0.18554040789604187,0.0,0.5,0.031092592980712652
/content/dataset/train/dark/p_5588470.jpg,dark,train,0.11897283792495728,0.37088799476623535,0.5699537396430969,0.49507376551628113,0.35140763968229294
/content/dataset/train/dark/p_37461250.jpg,dark,train,0.4799017906188965,0.618126392364502,0.3893638253211975,0.5976133346557617,0.3492449875921011
/content/dataset/train/dark/p_11008108.jpg,dark,train,0.054138217121362686,0.12517662346363068,0.0,0.5,0.04488073522225022
/content/dataset/train/dark/p_12360160.jpg,dark,train,0.06482397764921188,0.24686188995838165,0.5100913047790527,0.5402363538742065,0.022047405946068466
/content/dataset/train/dark/u_T0iTtJ7Gxrc.jpg,dark,train,0.011868187226355076,0.10059031844139099,0.000545955786947161,0.5000097751617432,0.019419998861849308
/content/dataset/train/dark/p_5738634.jpg,dark,train,0.06853587925434113,0.16966775059700012,0.1283845156431198,0.5195420980453491,0.05581841804087162
/content/dataset/train/dark/u_rJqIgdnJEOA.jpg,dark,train,0.09914452582597733,0.25182247161865234,0.666008472442627,0.4846815764904022,0.0971603998914361
/content/dataset/train/dark/p_11189265.jpg,dark,train,0.054839201271533966,0.19718919694423676,0.0,0.5,0.17763719893991947
/content/dataset/train/dark/p_16262797.jpg,dark,train,0.03894433006644249,0.24212394654750824,0.0,0.5,0.07887925719842315
/content/dataset/train/dark/p_5491028.jpg,dark,train,0.04478774592280388,0.1984526664018631,0.02450420707464218,0.5013099908828735,0.0759408762678504
/content/dataset/train/dark/u_mQuPp1TJVks.jpg,dark,train,0.11816674470901489,0.26397356390953064,0.20988185703754425,0.4916021227836609,0.1769572589546442
/content/dataset/train/dark/p_35869410.jpg,dark,train,0.18466496467590332,0.5895768404006958,0.0,0.5,0.21888503339141607
/content/dataset/train/dark/u_znAn3C7bOEk.jpg,dark,train,0.06523773819208145,0.18143364787101746,0.30792906880378723,0.505832850933075,0.09779918938875198
/content/dataset/train/dark/p_813772.jpg,dark,train,0.035158250480890274,0.18130731582641602,0.1515098363161087,0.5118558406829834,0.03467757138423622
/content/dataset/train/dark/p_8411956.jpg,dark,train,0.012324461713433266,0.14575794339179993,0.0,0.5,0.058326192665845156
/content/dataset/train/dark/p_8203347.jpg,dark,train,0.06998823583126068,0.2855539917945862,0.4339950680732727,0.517076313495636,0.17211857717484236
/content/dataset/train/dark/u_Cd-qonL7lEo.jpg,dark,train,0.01393301784992218,0.09087108075618744,0.09433243423700333,0.5021010637283325,0.02638959907926619
/content/dataset/train/dark/p_30734121.jpg,dark,train,0.05857382342219353,0.04625775292515755,0.0,0.5,0.012594052241183817
/content/dataset/train/dark/p_9534798.jpg,dark,train,0.012198841199278831,0.09539688378572464,0.10294155031442642,0.4997010827064514,0.04503011703491211
/content/dataset/train/dark/u_FGdEZgpr6SE.jpg,dark,train,0.13261961936950684,0.09589188545942307,0.0,0.5,0.030919485725462437
/content/dataset/train/dark/u_vrMDQB2e3YQ.jpg,dark,train,0.20292538404464722,0.5041269063949585,0.0,0.5,0.32873835414648056
/content/dataset/train/dark/p_30037321.jpg,dark,train,0.00793527066707611,0.13058112561702728,0.004819866269826889,0.5001294612884521,0.020280638709664345
/content/dataset/train/dark/p_27856479.jpg,dark,train,0.1551506072282791,0.38130322098731995,0.06643099337816238,0.4963264465332031,0.06792214931920171
/content/dataset/train/dark/p_8656991.jpg,dark,train,0.11537687480449677,0.14105530083179474,0.18323232233524323,0.5052609443664551,0.054028325248509645
/content/dataset/train/dark/p_33467670.jpg,dark,train,0.043832242488861084,0.07721216231584549,0.739177942276001,0.5283840894699097,0.023222953313961625
/content/dataset/train/dark/p_33331668.jpg,dark,train,0.0403343066573143,0.09415251016616821,0.502129852771759,0.5095454454421997,0.04341251216828823
/content/dataset/train/dark/bjj9VZc64Zk.jpg,dark,train,0.1755601465702057,0.18650570511817932,0.24435386061668396,0.48120954632759094,0.0909520941786468
/content/dataset/train/dark/u_umvbrTRVH7g.jpg,dark,train,0.0855461061000824,0.2232857346534729,0.005057590547949076,0.5000946521759033,0.19916826859116554
/content/dataset/train/dark/u_JPO6VIfkWWQ.jpg,dark,train,0.25527098774909973,0.33928021788597107,0.5105445981025696,0.5678524374961853,0.25791579857468605
/content/dataset/train/dark/p_24244743.jpg,dark,train,0.03447797894477844,0.18592742085456848,0.133452907204628,0.501369297504425,0.05059716524556279
/content/dataset/train/dark/u_ibDe3Sqz4XE.jpg,dark,train,0.4681302607059479,0.5287214517593384,0.0,0.5,0.11499511543661356
/content/dataset/train/dark/u_FB3pynD2TU0.jpg,dark,train,0.21222585439682007,0.2526804208755493,0.26596081256866455,0.5138537883758545,0.16205506399273872
/content/dataset/train/dark/u_DCqbGxtwM6M.jpg,dark,train,0.3761354684829712,0.4557446837425232,0.2853018641471863,0.5647031664848328,0.18455460667610168
/content/dataset/train/dark/u_j-I95oTtdzY.jpg,dark,train,0.48729950189590454,0.5569488406181335,0.19268333911895752,0.47242987155914307,0.1965191401541233
/content/dataset/train/dark/p_14296998.jpg,dark,train,0.17449627816677094,0.3465823531150818,0.0,0.5,0.23398303426802158
/content/dataset/train/dark/p_733614.jpg,dark,train,0.1471586376428604,0.20101095736026764,0.0,0.5,0.042225634679198265
/content/dataset/train/dark/u_7ZlWCMQka-s.jpg,dark,train,0.25183820724487305,0.23539726436138153,0.01861754059791565,0.49941858649253845,0.09403256233781576
/content/dataset/train/dark/u_-oKXhngo3X4.jpg,dark,train,0.2781483829021454,0.45191311836242676,0.0,0.5,0.16133722849190235
/content/dataset/train/dark/u_JjXSMP1Kzbg.jpg,dark,train,0.42582929134368896,0.5934280753135681,0.2592730224132538,0.5395134091377258,0.30367919243872166
/content/dataset/train/dark/p_18454118.jpg,dark,train,0.1538214236497879,0.34698164463043213,0.8444665670394897,0.603053867816925,0.09066672995686531
/content/dataset/train/dark/u_FheUCRSbizY.jpg,dark,train,0.2433672994375229,0.25142475962638855,0.0,0.5,0.11107330210506916
/content/dataset/train/dark/u_raVougTfjTk.jpg,dark,train,0.4832099676132202,0.5423898696899414,0.38636359572410583,0.6142516136169434,0.2180797979235649
/content/dataset/train/dark/a2nQcqPM5us.jpg,dark,train,0.07961324602365494,0.21203379333019257,0.3135085105895996,0.5076056122779846,0.16385598108172417
/content/dataset/train/dark/0bltbD1CZCU.jpg,dark,train,0.21807700395584106,0.2549999952316284,0.32878097891807556,0.5343508720397949,0.17009894829243422
/content/dataset/train/dark/p_13543055.jpg,dark,train,0.017783911898732185,0.06346046179533005,0.0,0.5,0.023990090703591704
/content/dataset/train/dark/u_yUSqGQw4OhI.jpg,dark,train,0.4218461513519287,0.7023646235466003,0.1137794554233551,0.492750346660614,0.31274260953068733
/content/dataset/train/dark/p_31337658.jpg,dark,train,0.1724672168493271,0.34348437190055847,0.5858465433120728,0.5563533306121826,0.18630549311637878
/content/dataset/train/dark/eh8myaPkQA4.jpg,dark,train,0.01312574464827776,0.13388077914714813,0.07976038753986359,0.5051470994949341,0.09607876650989056
/content/dataset/train/dark/u_E1J6YJNexoY.jpg,dark,train,0.1618039309978485,0.31264862418174744,0.5325244069099426,0.5468394160270691,0.3194131050258875
/content/dataset/train/dark/p_2019814.jpg,dark,train,0.06195403262972832,0.2882464826107025,0.21428926289081573,0.5202944874763489,0.054080585250630975
/content/dataset/train/dark/p_14529234.jpg,dark,train,0.01992890238761902,0.18633103370666504,0.9253647327423096,0.5131152272224426,0.020491864415816963
/content/dataset/train/dark/u_Lq2051y3dBo.jpg,dark,train,0.1889510452747345,0.3392343521118164,0.0,0.5,0.15242124442011118
/content/dataset/train/dark/u_ISJaTL47xWQ.jpg,dark,train,0.2044549286365509,0.3409251868724823,0.0,0.5,0.36781586706638336
/content/dataset/train/dramatic/p_5823178.jpg,dramatic,train,0.2687077820301056,0.3385724723339081,0.32307636737823486,0.49078163504600525,0.11498275678604841
/content/dataset/train/dramatic/p_12289403.jpg,dramatic,train,0.3766012489795685,0.688790500164032,0.0,0.5,0.4611183702945709
/content/dataset/train/dramatic/p_1148201.jpg,dramatic,train,0.5083293914794922,0.6640560626983643,0.2864179015159607,0.5239703059196472,0.4095001518726349
/content/dataset/train/dramatic/u_eXPl4rubdEY.jpg,dramatic,train,0.2641710937023163,0.4732312858104706,0.18783627450466156,0.4985606372356415,0.16097580082714558
/content/dataset/train/dramatic/p_19050393.jpg,dramatic,train,0.510657787322998,0.5895423293113708,0.1825525313615799,0.5098015069961548,0.36753272637724876
/content/dataset/train/dramatic/p_16142549.jpg,dramatic,train,0.42997536063194275,0.5162853002548218,0.0,0.5,0.13041854370385408
/content/dataset/train/dramatic/p_34491031.jpg,dramatic,train,0.09608431905508041,0.12796778976917267,0.5309040546417236,0.5558872818946838,0.08599121822044253
/content/dataset/train/dramatic/u_gBTT0vwIpPo.jpg,dramatic,train,0.20316976308822632,0.3932132124900818,0.3077181577682495,0.5350762605667114,0.15419989358633757
/content/dataset/train/dramatic/u_qBzAl_LMPZg.jpg,dramatic,train,0.2528350055217743,0.2541346251964569,0.2020294964313507,0.5083855986595154,0.04951063310727477
/content/dataset/train/dramatic/RZuCe5XgZL8.jpg,dramatic,train,0.11333046108484268,0.23378686606884003,0.841870903968811,0.6106245517730713,0.08349926676601171
/content/dataset/train/dramatic/u_iUvamYdJJwc.jpg,dramatic,train,0.44272932410240173,0.24798738956451416,0.2434939295053482,0.5228701829910278,0.12449638918042183
/content/dataset/train/dramatic/u_yCb4mAwzPRQ.jpg,dramatic,train,0.485531210899353,0.49280625581741333,0.23207730054855347,0.5611268281936646,0.15156822744756937
/content/dataset/train/dramatic/p_9145535.jpg,dramatic,train,0.4463903605937958,0.25511887669563293,0.21152640879154205,0.4503306448459625,0.03526680055074394
/content/dataset/train/dramatic/u_QkUmQaLIEqg.jpg,dramatic,train,0.31947970390319824,0.33888450264930725,0.33797502517700195,0.5323013067245483,0.03896695910952985
/content/dataset/train/dramatic/u_6h-XTWEjgc8.jpg,dramatic,train,0.024595806375145912,0.15325550734996796,0.14380118250846863,0.4955049455165863,0.06824055686593056
/content/dataset/train/dramatic/u_lClqwZoGX-Q.jpg,dramatic,train,0.07796265184879303,0.2404327541589737,0.5452897548675537,0.5672234296798706,0.04936325363814831
/content/dataset/train/dramatic/u_f6k5moGu2o8.jpg,dramatic,train,0.14895491302013397,0.5735611319541931,0.0,0.5,0.20747524686157703
/content/dataset/train/dramatic/p_17843722.jpg,dramatic,train,0.2350596785545349,0.4517632722854614,0.0,0.5,0.11254452168941498
/content/dataset/train/dramatic/p_9764167.jpg,dramatic,train,0.3610498011112213,0.3088771104812622,0.2303321212530136,0.4651281535625458,0.20281537901610136
/content/dataset/train/dramatic/p_6989570.jpg,dramatic,train,0.060541726648807526,0.2147057205438614,0.06149743124842644,0.4994136393070221,0.06418322678655386
/content/dataset/train/dramatic/p_7184113.jpg,dramatic,train,0.17463283240795135,0.33628520369529724,0.0,0.5,0.1189337857067585
/content/dataset/train/dramatic/p_1021366.jpg,dramatic,train,0.4202754497528076,0.5107418298721313,0.16453470289707184,0.526877224445343,0.21908807568252087
/content/dataset/train/dramatic/p_32305639.jpg,dramatic,train,0.43939143419265747,0.4357139766216278,0.0,0.5,0.2971696015447378
/content/dataset/train/dramatic/u_xVbmtSnIaUA.jpg,dramatic,train,0.5035573840141296,0.3185686469078064,0.15862441062927246,0.47988635301589966,0.050901651848107576
/content/dataset/train/dramatic/u_jlUcd2fLfNk.jpg,dramatic,train,0.09589850902557373,0.2570280134677887,0.836534857749939,0.46175578236579895,0.12303146999329329
/content/dataset/train/dramatic/p_29146811.jpg,dramatic,train,0.19031058251857758,0.5329557061195374,0.0,0.5,0.26385017670691013
/content/dataset/train/dramatic/u_R8P85tcIilc.jpg,dramatic,train,0.39224594831466675,0.48341113328933716,0.7496759295463562,0.29639995098114014,0.2893123310059309
/content/dataset/train/dramatic/p_30552608.jpg,dramatic,train,0.1518774777650833,0.48287805914878845,0.0,0.5,0.23730979301035404
/content/dataset/train/dramatic/p_25392037.jpg,dramatic,train,0.576320230960846,0.5052785277366638,0.19450363516807556,0.4924452602863312,0.09520780295133591
/content/dataset/train/dramatic/p_12810998.jpg,dramatic,train,0.36344119906425476,0.5533162951469421,0.4458633065223694,0.5882695913314819,0.10717495810240507
/content/dataset/train/dramatic/p_37109632.jpg,dramatic,train,0.3823653757572174,0.556078314781189,0.0,0.5,0.09669439867138863
/content/dataset/train/dramatic/p_21555827.jpg,dramatic,train,0.05382512882351875,0.19150102138519287,0.0,0.5,0.2003020979464054
/content/dataset/train/dramatic/p_20316589.jpg,dramatic,train,0.11970008164644241,0.371001660823822,0.0,0.5,0.24398008827120066
/content/dataset/train/dramatic/pAm2bchKD4Y.jpg,dramatic,train,0.6903806924819946,0.409175306558609,0.21262410283088684,0.431159108877182,0.12056807056069374
/content/dataset/train/dramatic/p_273661.jpg,dramatic,train,0.4428834319114685,0.779869019985199,0.0,0.5,0.12150135589763522
/content/dataset/train/dramatic/p_28827866.jpg,dramatic,train,0.15831147134304047,0.47676846385002136,0.5971871018409729,0.5464127659797668,0.17111903987824917
/content/dataset/train/dramatic/u_J1rAwxvTGz4.jpg,dramatic,train,0.32367846369743347,0.686949610710144,0.0,0.5,0.07859545759856701
/content/dataset/train/dramatic/p_34122901.jpg,dramatic,train,0.49702292680740356,0.312520831823349,0.130520299077034,0.47302210330963135,0.05963565316051245
/content/dataset/train/dramatic/p_27132412.jpg,dramatic,train,0.07045459002256393,0.3511844277381897,0.0,0.5,0.11817854829132557
/content/dataset/train/dramatic/p_24804662.jpg,dramatic,train,0.27941352128982544,0.5190136432647705,0.008365185931324959,0.5006454586982727,0.22618667222559452
/content/dataset/train/dramatic/u_AD1xOs9WXQ4.jpg,dramatic,train,0.4307674467563629,0.4652019739151001,0.3409746587276459,0.4888058006763458,0.1821839902549982
/content/dataset/train/dramatic/p_22240897.jpg,dramatic,train,0.18622982501983643,0.7249049544334412,0.0,0.5,0.1997808227315545
/content/dataset/train/dramatic/AUL0-swQhyg.jpg,dramatic,train,0.019727658480405807,0.15575037896633148,0.0,0.5,0.054508018074557185
/content/dataset/train/dramatic/u_nUataVtordA.jpg,dramatic,train,0.460831880569458,0.5353230834007263,0.26482826471328735,0.46928510069847107,0.08535454282537103
/content/dataset/train/dramatic/u_8dZNhw8jbds.jpg,dramatic,train,0.2033347338438034,0.3095722496509552,0.0,0.5,0.11657034978270531
/content/dataset/train/dramatic/p_36486941.jpg,dramatic,train,0.15770557522773743,0.38399994373321533,0.3548700511455536,0.540939450263977,0.11966150719672441
/content/dataset/train/dramatic/p_12091631.jpg,dramatic,train,0.5182076096534729,0.6534629464149475,0.0,0.5,0.09232235373929143
/content/dataset/train/dramatic/p_10670357.jpg,dramatic,train,0.20040494203567505,0.41519322991371155,0.0,0.5,0.30043157748878
/content/dataset/train/dramatic/5_4NpDtt0gc.jpg,dramatic,train,0.33316996693611145,0.2838190495967865,0.17735782265663147,0.5114009380340576,0.21450841799378395
/content/dataset/train/dramatic/DVmRjNj3vE4.jpg,dramatic,train,0.05308409035205841,0.15936070680618286,0.2168785184621811,0.4859672784805298,0.059231913182884455
/content/dataset/train/dramatic/p_10890423.jpg,dramatic,train,0.154835045337677,0.3423466682434082,0.30126476287841797,0.5197646021842957,0.14666530769318342
/content/dataset/train/dramatic/p_5215665.jpg,dramatic,train,0.24662995338439941,0.33372530341148376,0.35595229268074036,0.48436322808265686,0.15603938605636358
/content/dataset/train/dramatic/p_5120449.jpg,dramatic,train,0.20204994082450867,0.5230945348739624,0.4459710717201233,0.5102170705795288,0.4699368216097355
/content/dataset/train/dramatic/p_16077356.jpg,dramatic,train,0.5528141260147095,0.7144694924354553,0.06288965046405792,0.5125766396522522,0.8321903645992279
/content/dataset/train/dramatic/u_Cfi_v4jUGQo.jpg,dramatic,train,0.31165647506713867,0.4316016435623169,0.1256568878889084,0.5148001909255981,0.04418425261974335
/content/dataset/train/dramatic/u_-8katVG51vw.jpg,dramatic,train,0.253429114818573,0.33673733472824097,0.3725385069847107,0.4489898979663849,0.09773823665454984
/content/dataset/train/dramatic/p_31301594.jpg,dramatic,train,0.20021258294582367,0.35475221276283264,0.8616443276405334,0.6006330847740173,0.16549079678952694
/content/dataset/train/dramatic/u_3xX2z_QL9s0.jpg,dramatic,train,0.42717936635017395,0.4279325306415558,0.21563906967639923,0.4452507495880127,0.21097904071211815
/content/dataset/train/dramatic/p_18154963.jpg,dramatic,train,0.2618868052959442,0.36549654603004456,0.14604252576828003,0.48251092433929443,0.23302476853132248
/content/dataset/train/dramatic/p_6752205.jpg,dramatic,train,0.2868587374687195,0.4188592731952667,0.15909737348556519,0.48920905590057373,0.1223234785720706
/content/dataset/train/dramatic/u_DHRdI501Gn0.jpg,dramatic,train,0.1469673067331314,0.2671191990375519,0.0,0.5,0.11967017315328121
/content/dataset/train/dramatic/u_hL6RzXu2YUA.jpg,dramatic,train,0.3808192014694214,0.5941857695579529,0.09814643114805222,0.5033709406852722,0.2035889681428671
/content/dataset/train/dramatic/u_2JkBt9IzZ_c.jpg,dramatic,train,0.06142387166619301,0.2773538827896118,0.0,0.5,0.0778975267894566
/content/dataset/train/dramatic/u_ym8YldYvD9s.jpg,dramatic,train,0.18797726929187775,0.6758682727813721,0.7713724970817566,0.5106321573257446,0.08750465465709567
/content/dataset/train/dramatic/u_QTPgUqu4k2Q.jpg,dramatic,train,0.2586093544960022,0.5730680823326111,0.0,0.5,0.08923272136598825
/content/dataset/train/dramatic/u_Z3658kN1fhc.jpg,dramatic,train,0.01445703487843275,0.12920816242694855,0.0,0.5,0.043773786164820194
/content/dataset/train/dramatic/p_8489495.jpg,dramatic,train,0.22891344130039215,0.5411036610603333,0.22027060389518738,0.5062894225120544,0.19485857337713242
/content/dataset/train/dramatic/u_Pj2WQjt-bW0.jpg,dramatic,train,0.45386767387390137,0.5387966632843018,0.4834554195404053,0.3856807351112366,0.09372999425977468
/content/dataset/train/dramatic/p_9316512.jpg,dramatic,train,0.23930129408836365,0.3828222453594208,0.5463584065437317,0.597098708152771,0.08245931705459952
/content/dataset/train/dramatic/u_mf0Rx9kdmcw.jpg,dramatic,train,0.32999277114868164,0.25434496998786926,0.4660690426826477,0.4045386016368866,0.09581595193594694
/content/dataset/train/dramatic/u_HCwviNEuLns.jpg,dramatic,train,0.1551070362329483,0.479503333568573,0.0,0.5,0.10006468743085861
/content/dataset/train/dramatic/bwqiNSi6UGA.jpg,dramatic,train,0.6085915565490723,0.7241536378860474,0.0,0.5,0.9390497952699661
/content/dataset/train/dramatic/u_-orO9Vz2paM.jpg,dramatic,train,0.44042548537254333,0.4240892827510834,0.3587101995944977,0.48127269744873047,0.20113524980843067
/content/dataset/train/dramatic/p_11314969.jpg,dramatic,train,0.2295965999364853,0.38280126452445984,0.32500365376472473,0.5330970883369446,0.17153488472104073
/content/dataset/train/dramatic/u_KQZwHSm5oxs.jpg,dramatic,train,0.17925982177257538,0.254189670085907,0.2602936923503876,0.5375323295593262,0.1420453516766429
/content/dataset/train/dramatic/p_12394798.jpg,dramatic,train,0.6664004921913147,0.10633852332830429,0.2044772356748581,0.5730391144752502,0.15097528230398893
/content/dataset/train/dramatic/p_33835167.jpg,dramatic,train,0.47377243638038635,0.5233615040779114,0.0,0.5,0.17785388976335526
/content/dataset/train/dramatic/u_wYlXCPokKzk.jpg,dramatic,train,0.33342015743255615,0.32749226689338684,0.3367151916027069,0.546768844127655,0.13719975482672453
/content/dataset/train/dramatic/GRO9TOBGl-A.jpg,dramatic,train,0.0542367659509182,0.32090216875076294,0.0792197734117508,0.5068318247795105,0.055628539994359016
/content/dataset/train/dramatic/p_774098.jpg,dramatic,train,0.03137990087270737,0.18975180387496948,0.002263424452394247,0.5000982880592346,0.035412925062701106
/content/dataset/train/dramatic/p_29222708.jpg,dramatic,train,0.23558057844638824,0.2713308334350586,0.11724083870649338,0.5147562623023987,0.11720165610313416
/content/dataset/train/dramatic/p_25754138.jpg,dramatic,train,0.2774446904659271,0.31246495246887207,0.12937702238559723,0.5010971426963806,0.12121039442718029
/content/dataset/train/dramatic/zqJxfW0YMvM.jpg,dramatic,train,0.036692310124635696,0.13734732568264008,0.1629047989845276,0.5011456608772278,0.07789107039570808
/content/dataset/train/dramatic/u_GaF2shbuqso.jpg,dramatic,train,0.48398131132125854,0.37517812848091125,0.0,0.5,0.19367691595107317
/content/dataset/train/dramatic/p_33491404.jpg,dramatic,train,0.5906311869621277,0.5821084380149841,0.0,0.5,0.16012626700103283
/content/dataset/train/dramatic/u_mNGr-XhFfXw.jpg,dramatic,train,0.3397899568080902,0.3255143165588379,0.23010900616645813,0.5358617901802063,0.14383616391569376
/content/dataset/train/dramatic/p_22748391.jpg,dramatic,train,0.35195818543434143,0.46583470702171326,1.8016273770626867e-06,0.5000001192092896,0.21189063787460327
/content/dataset/train/dramatic/u_HYC2vLY2rsk.jpg,dramatic,train,0.25850537419319153,0.4789159297943115,0.09654516726732254,0.5053146481513977,0.13233527075499296
/content/dataset/train/dramatic/0o7EOiDBtGs.jpg,dramatic,train,0.3728182017803192,0.42047128081321716,0.7857213616371155,0.7247762680053711,0.06415364798158407
/content/dataset/train/dramatic/u_J4aOfG0fUEE.jpg,dramatic,train,0.11022119969129562,0.2511405646800995,0.21273338794708252,0.4935057759284973,0.06031585857272148
/content/dataset/train/dramatic/p_32697646.jpg,dramatic,train,0.5959362983703613,0.4622669816017151,0.3720566928386688,0.48065048456192017,0.2003779634833336
/content/dataset/train/dramatic/p_6759285.jpg,dramatic,train,0.18938413262367249,0.4338591992855072,0.0,0.5,0.1307302014902234
/content/dataset/train/dramatic/u_Vx7Qv2Pir_c.jpg,dramatic,train,0.3626199960708618,0.6315158009529114,0.0,0.5,0.1881955796852708
/content/dataset/train/dramatic/p_35652149.jpg,dramatic,train,0.4256168603897095,0.4828881323337555,0.0,0.5,0.3185909427702427
/content/dataset/train/dramatic/p_30236021.jpg,dramatic,train,0.035609327256679535,0.21864944696426392,0.0,0.5,0.06590170320123434
/content/dataset/train/dramatic/u_WcPIGE3oKS4.jpg,dramatic,train,0.01705721765756607,0.0769198089838028,0.04805667698383331,0.5019822120666504,0.015284442924894392
/content/dataset/train/dramatic/P2vYQuuo77o.jpg,dramatic,train,0.3828757405281067,0.38027873635292053,0.2614762783050537,0.5501168966293335,0.2788981609046459
/content/dataset/train/dramatic/u_VPKWJAfrVCA.jpg,dramatic,train,0.4048835337162018,0.46392112970352173,0.2401631623506546,0.5636000633239746,0.16759485937654972
/content/dataset/train/dramatic/p_12488273.jpg,dramatic,train,0.3554493188858032,0.4799288809299469,0.2954142689704895,0.44579362869262695,0.1547206426039338
/content/dataset/train/dramatic/u_puYMaD160_A.jpg,dramatic,train,0.3500537574291229,0.49663230776786804,0.413528710603714,0.5337716937065125,0.42295532301068306
/content/dataset/train/dramatic/Qc8W3bbOcgw.jpg,dramatic,train,0.5309683084487915,0.41426149010658264,0.0,0.5,0.2570404764264822
/content/dataset/train/dramatic/p_16797288.jpg,dramatic,train,0.1960243284702301,0.38516080379486084,0.550319254398346,0.5603052377700806,0.18928159028291702
/content/dataset/train/dramatic/p_8559821.jpg,dramatic,train,0.31421956419944763,0.3697986900806427,0.425986647605896,0.4213111400604248,0.07461420260369778
/content/dataset/train/dramatic/dh1ygbzRix0.jpg,dramatic,train,0.06144362688064575,0.29032573103904724,0.15384605526924133,0.5157404541969299,0.11149951722472906
/content/dataset/train/dramatic/p_5379488.jpg,dramatic,train,0.229936420917511,0.3154500424861908,0.2675555944442749,0.48010939359664917,0.29646551236510277
/content/dataset/train/dramatic/u_P6OQvhHW3wo.jpg,dramatic,train,0.25735601782798767,0.41517576575279236,0.769381046295166,0.6538641452789307,0.1486365869641304
/content/dataset/train/dramatic/u_qDlR2QAmnhM.jpg,dramatic,train,0.4294019937515259,0.38002288341522217,0.3505876064300537,0.5258166193962097,0.20157405640929937
/content/dataset/train/dramatic/p_13663668.jpg,dramatic,train,0.46930456161499023,0.390048623085022,0.19489014148712158,0.4751100540161133,0.17809173557907343
/content/dataset/train/dramatic/p_7304401.jpg,dramatic,train,0.39332541823387146,0.4704444110393524,0.08788162469863892,0.5130345821380615,0.5305787920951843
/content/dataset/train/dramatic/p_26442744.jpg,dramatic,train,0.5716084837913513,0.5620161294937134,0.25526997447013855,0.5342313647270203,0.25329701602458954
/content/dataset/train/dramatic/p_4253105.jpg,dramatic,train,0.046376969665288925,0.18220533430576324,0.20155440270900726,0.515846312046051,0.07704546442255378
/content/dataset/train/dramatic/p_6628910.jpg,dramatic,train,0.24212238192558289,0.460013747215271,0.4974169433116913,0.5520228147506714,0.18499583937227726
/content/dataset/train/dramatic/p_13226337.jpg,dramatic,train,0.5278748869895935,0.5630789995193481,0.2770192325115204,0.5019264221191406,0.2295737061649561
/content/dataset/train/dramatic/u_e7KmjrzsvEc.jpg,dramatic,train,0.6339817047119141,0.314833402633667,0.06265893578529358,0.4936879873275757,0.06059607723727822
/content/dataset/train/dramatic/u_-ZbGt_xCZNE.jpg,dramatic,train,0.44675230979919434,0.3384472131729126,0.4337272644042969,0.3797788619995117,0.173339513130486
/content/dataset/train/dramatic/p_7808457.jpg,dramatic,train,0.39832448959350586,0.4303179681301117,0.16726398468017578,0.49116188287734985,0.305359298363328
/content/dataset/train/dramatic/u_1KTy5J74FVk.jpg,dramatic,train,0.05285348743200302,0.16483309864997864,0.0,0.5,0.0761024677194655
/content/dataset/train/dramatic/p_15056109.jpg,dramatic,train,0.47078272700309753,0.5205062627792358,0.12176621705293655,0.5174312591552734,0.34434433095157146
/content/dataset/train/dramatic/p_6076720.jpg,dramatic,train,0.40500256419181824,0.33917513489723206,0.2296043485403061,0.46727824211120605,0.18954561091959476
/content/dataset/train/dramatic/u_X8xRBoeJ8xM.jpg,dramatic,train,0.08608070015907288,0.31340017914772034,0.0,0.5,0.10154768824577332
/content/dataset/train/dramatic/u_183LkmP2wJ4.jpg,dramatic,train,0.4031825661659241,0.47263163328170776,0.39281731843948364,0.5610758066177368,0.1206269022077322
/content/dataset/train/dramatic/p_19988397.jpg,dramatic,train,0.1595795899629593,0.23638345301151276,0.3412574529647827,0.4839876890182495,0.07789850700646639
/content/dataset/train/dramatic/p_16356229.jpg,dramatic,train,0.422019362449646,0.2864394187927246,0.0,0.5,0.10936537757515907
/content/dataset/train/dramatic/u_dim1em8591I.jpg,dramatic,train,0.553906261920929,0.5058053135871887,0.30544745922088623,0.5649458765983582,0.20564784295856953
/content/dataset/train/dramatic/u_qNmQPwEnmgw.jpg,dramatic,train,0.1535222828388214,0.35491710901260376,0.0,0.5,0.20773081108927727
/content/dataset/train/dramatic/u_vYTSUmDeI6c.jpg,dramatic,train,0.293142169713974,0.3117658197879791,0.380768746137619,0.44796469807624817,0.10096053592860699
/content/dataset/train/dramatic/p_36710808.jpg,dramatic,train,0.399863064289093,0.5120438933372498,0.0,0.5,0.4299480468034744
/content/dataset/train/dramatic/u_GpHRS8yCgC4.jpg,dramatic,train,0.28706544637680054,0.21004995703697205,0.41439083218574524,0.4279075860977173,0.06631323834881186
/content/dataset/train/dramatic/u_XbxQbS1NMKE.jpg,dramatic,train,0.1466311365365982,0.28853529691696167,0.43517154455184937,0.5315315127372742,0.10544120334088802
/content/dataset/train/dramatic/p_17888535.jpg,dramatic,train,0.10635646432638168,0.14692823588848114,0.0,0.5,0.09598940145224333
/content/dataset/train/dramatic/p_29142404.jpg,dramatic,train,0.316766619682312,0.430963933467865,0.0,0.5,0.31546167097985744
/content/dataset/train/dramatic/p_30784552.jpg,dramatic,train,0.0845131129026413,0.39971429109573364,0.0,0.5,0.13193803373724222
/content/dataset/train/dramatic/p_6501502.jpg,dramatic,train,0.4002147614955902,0.46096348762512207,0.0,0.5,0.09325070772320032
/content/dataset/train/dramatic/u_j6EPLmo1Js8.jpg,dramatic,train,0.47364258766174316,0.5473222136497498,0.0,0.5,0.18530339002609253
/content/dataset/train/dramatic/p_31225921.jpg,dramatic,train,0.07754047960042953,0.14363408088684082,0.0,0.5,0.08204385871067643
/content/dataset/train/dramatic/u_8WsfFDuK1l0.jpg,dramatic,train,0.04355083778500557,0.24359028041362762,0.6550046801567078,0.516470730304718,0.04346672329120338
/content/dataset/train/dramatic/p_37159340.jpg,dramatic,train,0.3654291331768036,0.3607352674007416,0.0022938631009310484,0.49989718198776245,0.12173371855169535
/content/dataset/train/dramatic/u_W1EsAXmVhFQ.jpg,dramatic,train,0.1706453114748001,0.35776156187057495,0.37689873576164246,0.5652690529823303,0.1882961392402649
/content/dataset/train/dramatic/u_ED9KLm00hMw.jpg,dramatic,train,0.08546194434165955,0.22442616522312164,0.46687453985214233,0.6407434344291687,0.039026790764182806
/content/dataset/train/dramatic/u_iIT_faQOjuU.jpg,dramatic,train,0.3822314143180847,0.32819855213165283,0.463675856590271,0.5287097692489624,0.10531601030379534
/content/dataset/train/dramatic/u_j7PAdSHAxg8.jpg,dramatic,train,0.048659391701221466,0.1994638592004776,0.0,0.5,0.11901386082172394
/content/dataset/train/dramatic/u_VvoCJWafZg4.jpg,dramatic,train,0.4747483432292938,0.535092294216156,0.36251378059387207,0.5828368067741394,0.1739703444764018
/content/dataset/train/dramatic/u_-0Q-inDaYQs.jpg,dramatic,train,0.6780099868774414,0.5024279356002808,0.22962208092212677,0.4943307340145111,0.26487233117222786
/content/dataset/train/dramatic/u_Lf5cPpuMAM0.jpg,dramatic,train,0.43626365065574646,0.3697412312030792,0.0,0.5,0.17547001596540213
/content/dataset/train/dramatic/p_12731411.jpg,dramatic,train,0.37570610642433167,0.49844303727149963,0.21593035757541656,0.4919304847717285,0.12864148244261742
/content/dataset/train/dramatic/p_1480358.jpg,dramatic,train,0.5169079303741455,0.41827037930488586,0.34504932165145874,0.4913923740386963,0.307027967646718
/content/dataset/train/dramatic/p_18372439.jpg,dramatic,train,0.2323935627937317,0.5230870842933655,0.6205577254295349,0.5105546712875366,0.29491329565644264
/content/dataset/train/dramatic/u_Ac24Bh7Zsg4.jpg,dramatic,train,0.5596942901611328,0.41277262568473816,0.3305799067020416,0.4671083092689514,0.27607101015746593
/content/dataset/train/dramatic/p_23990757.jpg,dramatic,train,0.409982830286026,0.36485493183135986,0.22205980122089386,0.5067719221115112,0.333807822316885
/content/dataset/train/dramatic/u_1T25Onagrno.jpg,dramatic,train,0.22581833600997925,0.3973696827888489,0.5985950827598572,0.5541603565216064,0.17263511661440134
/content/dataset/train/dramatic/p_8272141.jpg,dramatic,train,0.043585650622844696,0.14010608196258545,0.4340914487838745,0.48908156156539917,0.10193804278969765
/content/dataset/train/dramatic/u_y57DS4uctcY.jpg,dramatic,train,0.6771764755249023,0.37752944231033325,0.4007432460784912,0.35085123777389526,0.17596859484910965
/content/dataset/train/dramatic/xoS6Ns5-Fpw.jpg,dramatic,train,0.07779465615749359,0.2234077900648117,0.0023603029549121857,0.49998509883880615,0.1269529713317752
/content/dataset/train/dramatic/p_16142544.jpg,dramatic,train,0.48363903164863586,0.6705724596977234,0.09758109599351883,0.4991893768310547,0.157356564886868
/content/dataset/train/dramatic/u_H00Nukg5K-I.jpg,dramatic,train,0.3216174840927124,0.40287062525749207,0.0,0.5,0.24142352864146233
/content/dataset/train/dramatic/u_hIDjB7I08dw.jpg,dramatic,train,0.4737075865268707,0.48215845227241516,0.22484081983566284,0.5255098938941956,0.4349107854068279
/content/dataset/train/dramatic/p_20994463.jpg,dramatic,train,0.3017154633998871,0.28010591864585876,6.378335001500091e-06,0.4999992251396179,0.22099855355918407
/content/dataset/train/dramatic/p_19870417.jpg,dramatic,train,0.2640880346298218,0.4331635534763336,0.18812815845012665,0.5280103087425232,0.16724403947591782
/content/dataset/train/dramatic/p_35880881.jpg,dramatic,train,0.25990140438079834,0.43108806014060974,0.20054611563682556,0.49510911107063293,0.10077961487695575
/content/dataset/train/dramatic/p_19387416.jpg,dramatic,train,0.23341809213161469,0.480290949344635,0.4559693932533264,0.5378165245056152,0.27325550094246864
/content/dataset/train/dramatic/p_15379017.jpg,dramatic,train,0.44726690649986267,0.4450852870941162,0.3148684501647949,0.45899876952171326,0.24684314616024494
/content/dataset/train/dramatic/p_33276629.jpg,dramatic,train,0.14144420623779297,0.41581666469573975,0.7894233465194702,0.5296030640602112,0.15700964722782373
/content/dataset/train/dramatic/u_W9XjftK7s2E.jpg,dramatic,train,0.26600465178489685,0.3868098855018616,0.0,0.5,0.14256077352911234
/content/dataset/train/dramatic/G-1En9Ue_Oc.jpg,dramatic,train,0.11255291849374771,0.41819116473197937,0.0,0.5,0.07286367239430547
/content/dataset/train/dramatic/u_gdO6s69lED0.jpg,dramatic,train,0.5510240197181702,0.37679293751716614,0.2915329337120056,0.40985018014907837,0.09920791955664754
/content/dataset/train/dramatic/u_e3jIlqsRP_0.jpg,dramatic,train,0.05726431682705879,0.167778879404068,0.0,0.5,0.061460963916033506
/content/dataset/train/dramatic/u_STRGcuzeS7E.jpg,dramatic,train,0.5033582448959351,0.5272878408432007,0.08894385397434235,0.5159838795661926,0.3995492681860924
/content/dataset/train/dramatic/u_nu-vieOapPs.jpg,dramatic,train,0.4495753049850464,0.36277130246162415,0.18748357892036438,0.5358392000198364,0.060777426697313786
/content/dataset/train/dramatic/p_4871635.jpg,dramatic,train,0.22728441655635834,0.47796764969825745,0.579900324344635,0.5947104692459106,0.28450314886868
/content/dataset/train/dramatic/u_j1OyrX0oLfc.jpg,dramatic,train,0.2829388678073883,0.4622156023979187,0.27126237750053406,0.5345872640609741,0.1785465981811285
/content/dataset/train/dramatic/u_GwAIwqvDu9c.jpg,dramatic,train,0.04040421172976494,0.26896053552627563,0.0,0.5,0.09945744415745139
/content/dataset/train/dramatic/u_RhYc9sYhjsk.jpg,dramatic,train,0.3923375606536865,0.46095743775367737,0.0,0.5,0.3409084677696228
/content/dataset/train/dramatic/p_18245687.jpg,dramatic,train,0.24489468336105347,0.20403777062892914,0.0,0.5,0.13121577445417643
/content/dataset/train/dramatic/p_36785564.jpg,dramatic,train,0.3233124613761902,0.3250795006752014,0.0552937388420105,0.505986213684082,0.15469648875296116
/content/dataset/train/dramatic/u_rlPUYlJUWTg.jpg,dramatic,train,0.047193288803100586,0.124942347407341,0.35389837622642517,0.5084214210510254,0.05900380900129676
/content/dataset/train/dramatic/u_WoFnFkbUDWU.jpg,dramatic,train,0.3056139051914215,0.19529572129249573,0.2291305512189865,0.5450615882873535,0.04934308119118214
/content/dataset/train/dramatic/p_18077744.jpg,dramatic,train,0.26892125606536865,0.6285883188247681,0.45298439264297485,0.5268969535827637,0.15117517206817865
/content/dataset/train/dramatic/u_ZsetoMUBfac.jpg,dramatic,train,0.08916372060775757,0.26808878779411316,0.0,0.5,0.0715871574357152
/content/dataset/train/dramatic/u_Z1CVfT_f-_Q.jpg,dramatic,train,0.7603984475135803,0.28208377957344055,0.3030470311641693,0.37535718083381653,0.06030391436070204
/content/dataset/train/dramatic/p_37077364.jpg,dramatic,train,0.040686435997486115,0.190572127699852,0.0,0.5,0.16111663542687893
/content/dataset/train/dramatic/p_7182993.jpg,dramatic,train,0.027621755376458168,0.16188199818134308,0.0,0.5,0.09623985039070249
/content/dataset/train/dramatic/p_31299080.jpg,dramatic,train,0.252829909324646,0.4135766923427582,0.0,0.5,0.20495167933404446
/content/dataset/train/dramatic/p_18709810.jpg,dramatic,train,0.4257133901119232,0.4051584005355835,0.3711278438568115,0.54884934425354,0.20315086469054222
/content/dataset/train/dramatic/u_AK9Iq3uBu3o.jpg,dramatic,train,0.23086892068386078,0.18472880125045776,0.40090039372444153,0.4434417486190796,0.07491653086617589
/content/dataset/train/dramatic/PQXodVPeX2I.jpg,dramatic,train,0.216745525598526,0.34889426827430725,0.5344750881195068,0.4346887171268463,0.10167369386181235
/content/dataset/train/dramatic/u_OFjXgVq2o74.jpg,dramatic,train,0.18576163053512573,0.43382859230041504,0.7375679612159729,0.585480809211731,0.07829546928405762
/content/dataset/train/dramatic/p_36175228.jpg,dramatic,train,0.5783315896987915,0.5754580497741699,0.24957722425460815,0.4315049946308136,0.15321229584515095
/content/dataset/train/dramatic/u_blONoROf8JQ.jpg,dramatic,train,0.06202453002333641,0.23138906061649323,0.5213351845741272,0.4936291575431824,0.06265554809942842
/content/dataset/train/dramatic/p_14322087.jpg,dramatic,train,0.2338407039642334,0.5678044557571411,0.3778259754180908,0.5405924320220947,0.3976871818304062
/content/dataset/train/dramatic/p_8228578.jpg,dramatic,train,0.13789328932762146,0.3043353855609894,0.0,0.5,0.1440127589739859
/content/dataset/train/dramatic/p_206361.jpg,dramatic,train,0.23865501582622528,0.28440752625465393,0.45883771777153015,0.5263624787330627,0.22944890893995762
/content/dataset/train/dramatic/u_w15lLfNAR7M.jpg,dramatic,train,0.06441876292228699,0.3108800947666168,0.3213805556297302,0.49173614382743835,0.07919424679130316
/content/dataset/train/dramatic/u_QaInbDOWvjQ.jpg,dramatic,train,0.25580087304115295,0.4309309422969818,0.3608277440071106,0.4383486807346344,0.07270619738847017
/content/dataset/train/dramatic/p_16694466.jpg,dramatic,train,0.4852762520313263,0.3067716062068939,0.07940161973237991,0.4815671443939209,0.045844397973269224
/content/dataset/train/dramatic/p_8417825.jpg,dramatic,train,0.45868709683418274,0.5410915017127991,0.31543028354644775,0.4474511742591858,0.1541615230962634
/content/dataset/train/dramatic/p_21555829.jpg,dramatic,train,0.04952465370297432,0.3041197657585144,0.0,0.5,0.06364266853779554
/content/dataset/train/dramatic/p_20088463.jpg,dramatic,train,0.41425013542175293,0.5899852514266968,0.6370483040809631,0.6298632025718689,0.18182259052991867
/content/dataset/train/dramatic/u_GRqa1lyLmHE.jpg,dramatic,train,0.5469040870666504,0.2133394479751587,0.6341013312339783,0.6110105514526367,0.18185512628406286
/content/dataset/train/dramatic/u_DvnQqM96Lsw.jpg,dramatic,train,0.512813150882721,0.4655367434024811,0.199702650308609,0.4590756893157959,0.13786338735371828
/content/dataset/train/dramatic/p_9553507.jpg,dramatic,train,0.28746548295021057,0.4256109297275543,0.3863105773925781,0.5452917218208313,0.3103235363960266
/content/dataset/train/dramatic/p_21840726.jpg,dramatic,train,0.3570157289505005,0.4682113230228424,0.0,0.5,0.4856136254966259
/content/dataset/train/dramatic/u_yX0HXQoV-Bk.jpg,dramatic,train,0.2638007700443268,0.34612274169921875,5.922362470300868e-05,0.49999937415122986,0.25933886878192425
/content/dataset/train/dramatic/osoLq2lE0RI.jpg,dramatic,train,0.0714290514588356,0.14407595992088318,0.0,0.5,0.051488252356648445
/content/dataset/train/dramatic/u_O-XakNw0pUs.jpg,dramatic,train,0.6521538496017456,0.22905831038951874,0.18303240835666656,0.4450285732746124,0.06404125015251338
/content/dataset/train/dramatic/p_14152683.jpg,dramatic,train,0.35578015446662903,0.4344024062156677,0.0,0.5,0.33772656694054604
/content/dataset/train/dramatic/u_bYODySpLIhE.jpg,dramatic,train,0.28542250394821167,0.44552674889564514,0.6930491924285889,0.33383435010910034,0.05585743114352226
/content/dataset/train/dramatic/p_36073223.jpg,dramatic,train,0.13700613379478455,0.3069728910923004,0.0,0.5,0.06194378715008497
/content/dataset/train/dramatic/p_35143667.jpg,dramatic,train,0.5070873498916626,0.29253843426704407,0.3039126396179199,0.525273323059082,0.20419830922037363
/content/dataset/train/dramatic/XctbSpxbuV0.jpg,dramatic,train,0.4523633122444153,0.48696914315223694,0.11829306185245514,0.5055059790611267,0.16467674635350704
/content/dataset/train/dramatic/u_ppNdUqNNF80.jpg,dramatic,train,0.3007372319698334,0.2920197546482086,0.36705300211906433,0.5590949058532715,0.6915798038244247
/content/dataset/train/dramatic/qksj_6mM0kY.jpg,dramatic,train,0.2540082037448883,0.39144647121429443,0.4072422981262207,0.43885311484336853,0.1709475927054882
/content/dataset/train/dramatic/u_rjm8go9rL8Y.jpg,dramatic,train,0.06139005348086357,0.2352239340543747,0.258605033159256,0.4965648055076599,0.05660588154569268
/content/dataset/train/dramatic/u_Qs0cwhR0Txo.jpg,dramatic,train,0.3037179112434387,0.3965435028076172,0.0,0.5,0.6746802479028702
/content/dataset/train/dramatic/u_imBGChNh7A4.jpg,dramatic,train,0.32393476366996765,0.37463727593421936,0.42948591709136963,0.5096744298934937,0.31372313387691975
/content/dataset/train/dramatic/p_29125537.jpg,dramatic,train,0.18800590932369232,0.37449911236763,0.0,0.5,0.20807936787605286
/content/dataset/train/dramatic/mU2zaIvtyts.jpg,dramatic,train,0.30591881275177,0.3534781336784363,0.3994137942790985,0.5843967199325562,0.444264467805624
/content/dataset/train/dramatic/p_9001788.jpg,dramatic,train,0.6323084235191345,0.40378478169441223,0.13332433998584747,0.5434271097183228,0.19421923905611038
/content/dataset/train/dramatic/p_34547240.jpg,dramatic,train,0.5845836400985718,0.6018891930580139,0.1780007779598236,0.49285441637039185,0.3268478997051716
/content/dataset/train/dramatic/u_mELQzic-x8w.jpg,dramatic,train,0.5266621112823486,0.4518384039402008,0.22164282202720642,0.44309741258621216,0.13216277118772268
/content/dataset/train/dramatic/u_oIRj8TUvnQY.jpg,dramatic,train,0.22671186923980713,0.5296066403388977,0.0,0.5,0.17512301914393902
/content/dataset/train/dramatic/u_oU29f4ysfbs.jpg,dramatic,train,0.40408962965011597,0.3769766688346863,0.2905442714691162,0.5746895670890808,0.22129179909825325
/content/dataset/train/dramatic/u_wyXdEKJYXdA.jpg,dramatic,train,0.42804792523384094,0.7234624624252319,0.0,0.5,0.13677680399268866
/content/dataset/train/dramatic/p_17616224.jpg,dramatic,train,0.1034058928489685,0.3620017468929291,0.0,0.5,0.12444064021110535
/content/dataset/train/dramatic/u_nyeIOFM24uo.jpg,dramatic,train,0.0696863979101181,0.3332706093788147,0.0,0.5,0.0778304086998105
/content/dataset/train/dramatic/p_34342265.jpg,dramatic,train,0.17799632251262665,0.4445618689060211,0.522045910358429,0.5570456981658936,0.22811156697571278
/content/dataset/train/dramatic/u_xnvNgwR5GB8.jpg,dramatic,train,0.3019610345363617,0.3333534896373749,0.3730718195438385,0.4401247203350067,0.34621126018464565
/content/dataset/train/dramatic/p_34519667.jpg,dramatic,train,0.38337889313697815,0.5563009977340698,0.0,0.5,0.08515233406797051
/content/dataset/train/dramatic/u_VaS-v-MKRwc.jpg,dramatic,train,0.21186180412769318,0.37862473726272583,0.2125583440065384,0.5414004921913147,0.07627711864188313
/content/dataset/train/dramatic/p_29142405.jpg,dramatic,train,0.27797946333885193,0.3535378873348236,0.47603699564933777,0.49391523003578186,0.2793567255139351
/content/dataset/train/dramatic/p_20738593.jpg,dramatic,train,0.20355629920959473,0.4681335389614105,0.6594446897506714,0.5505456328392029,0.30447022058069706
/content/dataset/train/dramatic/es-1YL2PhUA.jpg,dramatic,train,0.23151391744613647,0.3871806263923645,0.2648569941520691,0.5126726627349854,0.15835553873330355
/content/dataset/train/dramatic/u_3-kGOXUrbXY.jpg,dramatic,train,0.2552166283130646,0.3163681924343109,0.24709801375865936,0.5308125019073486,0.17300521954894066
/content/dataset/train/dramatic/p_31850761.jpg,dramatic,train,0.017928695306181908,0.18601515889167786,0.008509090170264244,0.5000936388969421,0.05408544326201081
/content/dataset/train/dramatic/u_0-39IQcge4g.jpg,dramatic,train,0.43847838044166565,0.494570255279541,0.2986314296722412,0.5226694941520691,0.6152787804603577
/content/dataset/train/dramatic/u_wW0RL5XF0kg.jpg,dramatic,train,0.8658089637756348,0.5112460255622864,0.0,0.5,0.1916922628879547
/content/dataset/train/dramatic/p_18553972.jpg,dramatic,train,0.6245080828666687,0.2348560392856598,0.151443213224411,0.5130808353424072,0.17570322379469872
/content/dataset/train/dramatic/u_zYhysnr169I.jpg,dramatic,train,0.46105852723121643,0.5036575198173523,0.34256210923194885,0.49725812673568726,0.17747309058904648
/content/dataset/train/dramatic/u_zvEtXa7ZC_s.jpg,dramatic,train,0.09517751634120941,0.4638250172138214,0.6483467221260071,0.5042555332183838,0.16897693276405334
/content/dataset/train/dramatic/u_1ZRErHkAY2A.jpg,dramatic,train,0.19259540736675262,0.3757556676864624,0.0,0.5,0.10321830399334431
/content/dataset/train/dramatic/u_4vqZKzLdQBo.jpg,dramatic,train,0.14743812382221222,0.27549952268600464,0.0,0.5,0.10662470944225788
/content/dataset/train/dramatic/u_m4QBTHMYg-Q.jpg,dramatic,train,0.2302376925945282,0.37034520506858826,0.32767465710639954,0.4719806909561157,0.08310787146911025
/content/dataset/train/dramatic/p_5646857.jpg,dramatic,train,0.05201253294944763,0.11930426210165024,0.0,0.5,0.05229491274803877
/content/dataset/train/dramatic/KjV-R0t7FQc.jpg,dramatic,train,0.2493220567703247,0.26959553360939026,0.6977216601371765,0.6279733180999756,0.18370769917964935
/content/dataset/train/dramatic/p_33469013.jpg,dramatic,train,0.15771926939487457,0.37278908491134644,0.0,0.5,0.3801692835986614
/content/dataset/train/dramatic/u_9GUdZcUva2Y.jpg,dramatic,train,0.622721791267395,0.34742891788482666,0.22553017735481262,0.43599003553390503,0.06458275951445103
/content/dataset/train/dramatic/p_34078340.jpg,dramatic,train,0.5479522943496704,0.45681503415107727,0.0030362983234226704,0.4998883008956909,0.11956460773944855
/content/dataset/train/dramatic/u_eRO_yYmkTV4.jpg,dramatic,train,0.46290743350982666,0.4515576958656311,0.0,0.5,0.31159793958067894
/content/dataset/train/dramatic/p_10558729.jpg,dramatic,train,0.43853315711021423,0.3893733024597168,0.2628975510597229,0.4995741546154022,0.23621263913810253
/content/dataset/train/dramatic/p_34068482.jpg,dramatic,train,0.4732247292995453,0.45073699951171875,0.20944856107234955,0.4704655706882477,0.12210510671138763
/content/dataset/train/dramatic/p_30552604.jpg,dramatic,train,0.13232825696468353,0.45966601371765137,0.0,0.5,0.1998208463191986
/content/dataset/train/dramatic/u_3mbRX3pgKMU.jpg,dramatic,train,0.3526720404624939,0.5678675174713135,0.38800299167633057,0.4934527575969696,0.17130321823060513
/content/dataset/train/dramatic/u_vTaNuoXLGDc.jpg,dramatic,train,0.42653346061706543,0.5338307619094849,0.0,0.5,0.30527781695127487
/content/dataset/train/dramatic/u_XTTN66nRHMI.jpg,dramatic,train,0.054006509482860565,0.2457478940486908,0.723527193069458,0.5243053436279297,0.10818544775247574
/content/dataset/train/dramatic/u_EWpUN_BVSys.jpg,dramatic,train,0.23606859147548676,0.3340253531932831,0.0,0.5,0.10284422431141138
/content/dataset/train/dramatic/u_vnfnc03Qz0w.jpg,dramatic,train,0.25545892119407654,0.35403475165367126,0.0,0.5,0.06865571718662977
/content/dataset/train/dramatic/2tVb2tAro_w.jpg,dramatic,train,0.13670381903648376,0.21506278216838837,0.026895763352513313,0.5040083527565002,0.09871550370007753
/content/dataset/train/dramatic/p_3869625.jpg,dramatic,train,0.35826781392097473,0.36757251620292664,0.296560138463974,0.5195159316062927,0.27125168591737747
/content/dataset/train/dramatic/u_6KjZl-wo1SM.jpg,dramatic,train,0.3052978217601776,0.3351864814758301,0.18068090081214905,0.525244951248169,0.1866063941270113
/content/dataset/train/dramatic/p_5697117.jpg,dramatic,train,0.3085702061653137,0.3810063898563385,0.5273324847221375,0.6134224534034729,0.33246305771172047
/content/dataset/train/dramatic/Oh6ZNf_5Su0.jpg,dramatic,train,0.05991910398006439,0.20275317132472992,0.17608727514743805,0.5033502578735352,0.07626678561791778
/content/dataset/train/dramatic/p_6719574.jpg,dramatic,train,0.28628742694854736,0.3743680715560913,0.35889723896980286,0.44421666860580444,0.3562791272997856
/content/dataset/train/dramatic/u_9XUOiQnBx9k.jpg,dramatic,train,0.12479998916387558,0.44149285554885864,0.6718767881393433,0.4736778140068054,0.15278801787644625
/content/dataset/train/dramatic/u_KYuzBDfPW5w.jpg,dramatic,train,0.07919363677501678,0.29231035709381104,0.075178362429142,0.5029205083847046,0.12270114850252867
/content/dataset/train/dramatic/u_8VcVeXmPM8E.jpg,dramatic,train,0.5305421948432922,0.2930070161819458,0.3025473952293396,0.41522201895713806,0.13502812944352627
/content/dataset/train/dramatic/u_ZcVQgecl5ZA.jpg,dramatic,train,0.41235044598579407,0.649250864982605,0.2125905305147171,0.5079230666160583,0.152102243155241
/content/dataset/train/dramatic/p_29125535.jpg,dramatic,train,0.1989041119813919,0.41241562366485596,0.0,0.5,0.24184316396713257
/content/dataset/train/dramatic/u_GoFKAFzlN00.jpg,dramatic,train,0.3345697820186615,0.4029424488544464,0.4267968535423279,0.509847104549408,0.12297478737309575
/content/dataset/train/dramatic/mDTSs5zpzJA.jpg,dramatic,train,0.16639479994773865,0.5071698427200317,0.42951834201812744,0.5124605894088745,0.20248289220035076
/content/dataset/train/dramatic/u_5DKqGglHiAk.jpg,dramatic,train,0.3404965400695801,0.4830429255962372,0.0,0.5,0.07948375539854169
/content/dataset/train/dramatic/u_8pbGaf_TD5M.jpg,dramatic,train,0.14533981680870056,0.37155818939208984,0.4331185817718506,0.5152386426925659,0.13158307410776615
/content/dataset/train/dramatic/p_18087928.jpg,dramatic,train,0.07046835124492645,0.23881180584430695,0.6059998273849487,0.5802131295204163,0.10604510549455881
/content/dataset/train/dramatic/u_fTcYjZKffbc.jpg,dramatic,train,0.5692875385284424,0.3684852421283722,0.22261999547481537,0.4495614767074585,0.17149061430245638
/content/dataset/train/dramatic/u_mKODNUAuhj0.jpg,dramatic,train,0.3333154022693634,0.4635360538959503,0.2794860303401947,0.5385054349899292,0.06622996414080262
/content/dataset/train/dramatic/p_587999.jpg,dramatic,train,0.2925131022930145,0.4880945682525635,0.2023710012435913,0.4769376218318939,0.37579068914055824
/content/dataset/train/dramatic/u_zrZUCPgKMHc.jpg,dramatic,train,0.13062822818756104,0.2561332881450653,0.02814817987382412,0.49801069498062134,0.09986002929508686
/content/dataset/train/dramatic/hseseKiGM6g.jpg,dramatic,train,0.036845289170742035,0.2835649847984314,0.0,0.5,0.078745789360255
/content/dataset/train/dramatic/p_21949390.jpg,dramatic,train,0.11181941628456116,0.3833281993865967,0.602683424949646,0.4218694865703583,0.1147340377792716
/content/dataset/train/dramatic/u_l8K0gKhpt7c.jpg,dramatic,train,0.46149685978889465,0.35441821813583374,0.18593548238277435,0.48305705189704895,0.17995672766119242
/content/dataset/train/dramatic/p_31049714.jpg,dramatic,train,0.10024971514940262,0.15745702385902405,0.1514112949371338,0.5075373649597168,0.14316104352474213
/content/dataset/train/dramatic/u_0tksZzM7v5k.jpg,dramatic,train,0.047218047082424164,0.21952997148036957,0.2745092809200287,0.5206363201141357,0.104546332731843
/content/dataset/train/dramatic/u_kOw-uCPcGyY.jpg,dramatic,train,0.3589816987514496,0.33144888281822205,0.4784878194332123,0.48139822483062744,0.14124242588877678
/content/dataset/train/dramatic/u_b-0dcBRn2lI.jpg,dramatic,train,0.188505619764328,0.2479933351278305,0.6279035210609436,0.6231080293655396,0.17223830800503492
/content/dataset/train/dramatic/u_ubeNY8bkpm8.jpg,dramatic,train,0.12515200674533844,0.28642985224723816,0.45270439982414246,0.48118722438812256,0.05263615516014397
/content/dataset/train/dramatic/u_Gj8_akizTO8.jpg,dramatic,train,0.16248731315135956,0.11650200933218002,0.4011416435241699,0.45944705605506897,0.030726637924090028
/content/dataset/train/dramatic/u_jkWVCUu1JCk.jpg,dramatic,train,0.41916224360466003,0.45014306902885437,0.310888409614563,0.5284037590026855,0.4114225134253502
/content/dataset/train/dramatic/p_34742154.jpg,dramatic,train,0.20736771821975708,0.4251120090484619,0.6430962681770325,0.44198426604270935,0.16621163114905357
/content/dataset/train/dramatic/p_12182970.jpg,dramatic,train,0.5723606944084167,0.5841934084892273,0.0,0.5,0.38819072768092155
/content/dataset/train/dramatic/7NZX-etPUNc.jpg,dramatic,train,0.4284839332103729,0.5493902564048767,0.152825728058815,0.5260575413703918,0.1786313857883215
/content/dataset/train/dramatic/u_UUXHNTIVq7s.jpg,dramatic,train,0.4958304166793823,0.7014287114143372,0.32693979144096375,0.5479412078857422,0.23382257670164108
/content/dataset/train/dramatic/u_EYHKj1kitf4.jpg,dramatic,train,0.5348854660987854,0.5220741629600525,0.3647671043872833,0.3585929274559021,0.12940860353410244
/content/dataset/train/dramatic/p_9181555.jpg,dramatic,train,0.3330472409725189,0.4640852212905884,0.4547918736934662,0.44876450300216675,0.3657171130180359
/content/dataset/train/dramatic/u_ZQvpN8crQ8E.jpg,dramatic,train,0.5441604256629944,0.5109952688217163,0.1451951563358307,0.4751160144805908,0.14405233319848776
/content/dataset/train/dramatic/u_FSKQrcg07GM.jpg,dramatic,train,0.7124139666557312,0.8059661984443665,0.14169132709503174,0.5075153112411499,0.15045451931655407
/content/dataset/train/dramatic/jkWVCUu1JCk.jpg,dramatic,train,0.4191655218601227,0.4501410722732544,0.3109084665775299,0.5284092426300049,0.4114329069852829
/content/dataset/train/dramatic/u_y3se5Xmt0mE.jpg,dramatic,train,0.11693748831748962,0.12971772253513336,0.0,0.5,0.0292441516648978
/content/dataset/train/dramatic/u_Y9hb2u1idu8.jpg,dramatic,train,0.6372584700584412,0.4286876916885376,0.1286478042602539,0.5135995149612427,0.23245708085596561
/content/dataset/train/dramatic/p_4830532.jpg,dramatic,train,0.09083162248134613,0.38336193561553955,0.09297668933868408,0.5060178637504578,0.06504390854388475
/content/dataset/train/dramatic/p_32500107.jpg,dramatic,train,0.2016945332288742,0.36932551860809326,0.4730915427207947,0.5984026193618774,0.20819216035306454
/content/dataset/train/dramatic/p_35171420.jpg,dramatic,train,0.14925144612789154,0.31985631585121155,0.36028608679771423,0.5292197465896606,0.13136837631464005
/content/dataset/train/dramatic/u_Uzms0ziBhQI.jpg,dramatic,train,0.24413077533245087,0.4013340473175049,0.7764894962310791,0.6942925453186035,0.170812732540071
/content/dataset/train/dramatic/tmNGnfUC3Mc.jpg,dramatic,train,0.23937556147575378,0.41477811336517334,0.3008055090904236,0.4855400323867798,0.33999668434262276
/content/dataset/train/dramatic/p_30552615.jpg,dramatic,train,0.08059880882501602,0.4010089039802551,0.0,0.5,0.1352341379970312
/content/dataset/train/dramatic/u_UdYOf5hf4JY.jpg,dramatic,train,0.0710076242685318,0.2129041701555252,0.0,0.5,0.07649107370525599
/content/dataset/train/dramatic/u_YcRKmHUNIeY.jpg,dramatic,train,0.27160635590553284,0.5043972730636597,0.0032532105688005686,0.5006322860717773,0.12579743284732103
/content/dataset/train/dramatic/u_2swY_B9OTl8.jpg,dramatic,train,0.3657332956790924,0.2946110665798187,0.23592346906661987,0.5429502725601196,0.1621600240468979
/content/dataset/train/dramatic/u_Pl19PLKpdLM.jpg,dramatic,train,0.5432331562042236,0.5854341387748718,0.0,0.5,0.19478739239275455
/content/dataset/train/dramatic/u_LtDr_z1yQ5c.jpg,dramatic,train,0.5259079933166504,0.1795618236064911,0.29749345779418945,0.4953756332397461,0.0629594549536705
/content/dataset/train/dramatic/p_3384501.jpg,dramatic,train,0.35157549381256104,0.41189849376678467,0.1273690015077591,0.4950171709060669,0.19148685969412327
/content/dataset/train/dramatic/u_7kZiiCAJofc.jpg,dramatic,train,0.4311809241771698,0.44578254222869873,0.30052340030670166,0.559924840927124,0.2219175035133958
/content/dataset/train/dramatic/p_16597261.jpg,dramatic,train,0.08009954541921616,0.22017276287078857,0.1456269770860672,0.5160527229309082,0.08040717802941799
/content/dataset/train/dramatic/p_27661899.jpg,dramatic,train,0.49438488483428955,0.42339226603507996,0.19084446132183075,0.5314854383468628,0.17210520338267088
/content/dataset/train/dramatic/u_ZrfpgNeudZY.jpg,dramatic,train,0.35584235191345215,0.5166381597518921,0.5536736249923706,0.6388019323348999,0.07554535055533051
/content/dataset/train/dramatic/p_614497.jpg,dramatic,train,0.5407524108886719,0.6235005259513855,0.209417924284935,0.5012379884719849,0.29158176854252815
/content/dataset/train/dramatic/u_E5IBtZsa9ZQ.jpg,dramatic,train,0.2662193477153778,0.5042591094970703,0.0,0.5,0.16143654938787222
/content/dataset/train/dramatic/p_29226288.jpg,dramatic,train,0.23484475910663605,0.3926130533218384,0.7073888182640076,0.6576521992683411,0.20741574000567198
/content/dataset/train/dramatic/mNGr-XhFfXw.jpg,dramatic,train,0.3397907018661499,0.3255155384540558,0.23010770976543427,0.5358622670173645,0.1438391488045454
/content/dataset/train/dramatic/p_30175868.jpg,dramatic,train,0.11427608132362366,0.3611474335193634,0.0041047013364732265,0.5007158517837524,0.09450423065572977
/content/dataset/train/dramatic/u__c1fn5i80qA.jpg,dramatic,train,0.18870048224925995,0.33583441376686096,0.21278445422649384,0.528220534324646,0.34668879583477974
/content/dataset/train/dramatic/u_rFmZ6433Rf4.jpg,dramatic,train,0.07894028723239899,0.2715151011943817,0.4501332938671112,0.5204328298568726,0.14291607309132814
/content/dataset/train/dramatic/p_12066691.jpg,dramatic,train,0.06914719194173813,0.1959587037563324,0.42447614669799805,0.5107030272483826,0.07776981918141246
/content/dataset/train/dramatic/p_31052909.jpg,dramatic,train,0.14203254878520966,0.2617688477039337,0.0,0.5,0.05672033643350005
/content/dataset/train/dramatic/u_s19eh5SiKrU.jpg,dramatic,train,0.3316895663738251,0.32680967450141907,0.3994980752468109,0.48148348927497864,0.09727874305099249
/content/dataset/train/dramatic/p_34168566.jpg,dramatic,train,0.270628958940506,0.577858030796051,0.0,0.5,0.5397048033773899
/content/dataset/train/dramatic/u_3EVw4LWgheo.jpg,dramatic,train,0.43261221051216125,0.6508314609527588,0.3557584285736084,0.46959519386291504,0.36420004442334175
/content/dataset/train/dramatic/u_G7s-3Lj8HMw.jpg,dramatic,train,0.5612896084785461,0.6467443108558655,0.0,0.5,0.27646503411233425
/content/dataset/train/dramatic/u_eBaSKqS0NW4.jpg,dramatic,train,0.29783108830451965,0.5787609815597534,0.6892649531364441,0.6248656511306763,0.10959882289171219
/content/dataset/train/dramatic/u_hR-h8LNaCug.jpg,dramatic,train,0.5379008650779724,0.4940938651561737,0.3695671558380127,0.5285611748695374,0.1820855773985386
/content/dataset/train/dramatic/p_16121968.jpg,dramatic,train,0.4257999062538147,0.5532212853431702,0.36946573853492737,0.5854991674423218,0.22911963053047657
/content/dataset/train/dramatic/u_x6FqSKS6Gho.jpg,dramatic,train,0.33664682507514954,0.48062968254089355,0.3967456519603729,0.5846026539802551,0.43778829276561737
/content/dataset/train/dramatic/u_f1Fj-E6D6oM.jpg,dramatic,train,0.34283438324928284,0.5210043787956238,0.30293068289756775,0.5041002035140991,0.1744842017069459
/content/dataset/train/dramatic/p_34607170.jpg,dramatic,train,0.17387129366397858,0.3665998578071594,0.470480740070343,0.5435113310813904,0.23640052415430546
/content/dataset/train/dramatic/u_HXzlJN2ydXc.jpg,dramatic,train,0.4513417184352875,0.3719535171985626,0.27156081795692444,0.4795883297920227,0.2549241203814745
/content/dataset/train/dramatic/u_AlqLthN3bGo.jpg,dramatic,train,0.4242974519729614,0.4062348008155823,0.0,0.5,0.11331466492265463
/content/dataset/train/dramatic/p_32728011.jpg,dramatic,train,0.2072436511516571,0.515799880027771,0.3203129172325134,0.5258797407150269,0.2089933678507805
/content/dataset/train/dramatic/a4IjpUPt34w.jpg,dramatic,train,0.3133484721183777,0.234553262591362,0.24563781917095184,0.5392276048660278,0.15491352882236242
/content/dataset/train/dramatic/u_4zIJT4bF9QQ.jpg,dramatic,train,0.43307772278785706,0.47956737875938416,0.0,0.5,0.2809858601540327
/content/dataset/train/dramatic/p_28581219.jpg,dramatic,train,0.1413126438856125,0.20688894391059875,0.4162481129169464,0.520720362663269,0.12964116409420967
/content/dataset/train/dramatic/u_J75J_c7x30Q.jpg,dramatic,train,0.3579597771167755,0.5952234864234924,0.0,0.5,0.16417525708675385
/content/dataset/train/dramatic/p_29687567.jpg,dramatic,train,0.2936372458934784,0.49809926748275757,0.3044155538082123,0.550039529800415,0.19537998363375664
/content/dataset/train/dramatic/u_pCZoRUsgFj0.jpg,dramatic,train,0.34292399883270264,0.44401219487190247,0.31031569838523865,0.5032041072845459,0.2344520017504692
/content/dataset/train/dramatic/u_oP2j0YHBDNs.jpg,dramatic,train,0.48201513290405273,0.5616886615753174,0.0,0.5,0.17534990329295397
/content/dataset/train/dramatic/6T69HZjHUt0.jpg,dramatic,train,0.19142752885818481,0.269949346780777,0.0,0.5,0.14424043707549572
/content/dataset/train/dramatic/3esTgWGfd80.jpg,dramatic,train,0.18317176401615143,0.5096830129623413,0.668213963508606,0.5218722820281982,0.6278599984943867
/content/dataset/train/dramatic/wpBIBohEPVA.jpg,dramatic,train,0.12817995250225067,0.16443435847759247,0.0,0.5,0.08965115994215012
/content/dataset/train/dramatic/u_FT9mZfK3E5o.jpg,dramatic,train,0.33464741706848145,0.39752891659736633,0.168287456035614,0.4952482581138611,0.13327131513506174
/content/dataset/train/dramatic/u_Qw3rrvvLs-Q.jpg,dramatic,train,0.3625390827655792,0.3513869643211365,0.3934357762336731,0.528108537197113,0.118830855935812
/content/dataset/train/dramatic/u_YRxr3BLTLAI.jpg,dramatic,train,0.21281573176383972,0.28890135884284973,0.4130091369152069,0.5400136113166809,0.09454704588279128
/content/dataset/train/dramatic/u_mFNJcNWFLtU.jpg,dramatic,train,0.67242431640625,0.28687170147895813,0.0,0.5,0.20781518891453743
/content/dataset/train/dramatic/u_WK-OZtZaVeY.jpg,dramatic,train,0.16079755127429962,0.4622268080711365,0.0,0.5,0.30874229967594147
/content/dataset/train/dramatic/u_ArrruDdJQ70.jpg,dramatic,train,0.1392383724451065,0.33755120635032654,0.0,0.5,0.08931672433391213
/content/dataset/train/dramatic/u_Jvq9G8LNphE.jpg,dramatic,train,0.3219827115535736,0.4115324318408966,0.058867570012807846,0.509623110294342,0.314241461455822
/content/dataset/train/dramatic/u_zgsQKKRWBT0.jpg,dramatic,train,0.2888633608818054,0.498146653175354,0.0,0.5,0.18590081483125687
/content/dataset/train/dramatic/AM0A8dmW_aA.jpg,dramatic,train,0.4153149127960205,0.33119475841522217,0.24558551609516144,0.5499671697616577,0.2246509399265051
/content/dataset/train/dramatic/u_pI0hlGA93sM.jpg,dramatic,train,0.3647821247577667,0.2522946000099182,0.28506362438201904,0.43978336453437805,0.042982143349945545
/content/dataset/train/dramatic/p_6189054.jpg,dramatic,train,0.22339098155498505,0.5401729941368103,0.6560421586036682,0.5708085894584656,0.16274185851216316
/content/dataset/train/dramatic/p_12305314.jpg,dramatic,train,0.08006439357995987,0.19368699193000793,0.3434836268424988,0.49804046750068665,0.1092558866366744
/content/dataset/train/dramatic/u_CTyESxAqWaI.jpg,dramatic,train,0.398790568113327,0.7644220590591431,0.0,0.5,0.061920229345560074
/content/dataset/train/dramatic/p_18283600.jpg,dramatic,train,0.2483537644147873,0.415541410446167,0.18884971737861633,0.49905720353126526,0.4421409033238888
/content/dataset/train/dramatic/p_21555825.jpg,dramatic,train,0.016033755615353584,0.13286520540714264,0.0,0.5,0.030275731114670634
/content/dataset/train/dramatic/p_11143628.jpg,dramatic,train,0.2536744773387909,0.34653329849243164,0.10671713203191757,0.49570468068122864,0.1346954284235835
/content/dataset/train/dramatic/u_BgrLmFwd-pw.jpg,dramatic,train,0.3805900812149048,0.4416523575782776,0.592698872089386,0.6585952043533325,0.1703398721292615
/content/dataset/train/dramatic/p_11734384.jpg,dramatic,train,0.549400269985199,0.6732026934623718,0.0,0.5,0.2006907109171152
/content/dataset/train/dramatic/u_qvC-g1bbyjc.jpg,dramatic,train,0.5795454978942871,0.5107906460762024,0.29646414518356323,0.42334088683128357,0.09061767254024744
/content/dataset/train/dramatic/p_32637594.jpg,dramatic,train,0.5218062996864319,0.27450090646743774,0.07698617875576019,0.4821312427520752,0.1017806539312005
/content/dataset/train/dramatic/u_CDjlKCYy1Zs.jpg,dramatic,train,0.3299705684185028,0.9001343846321106,0.0,0.5,0.10000267997384071
/content/dataset/train/dramatic/723mlGS3O2E.jpg,dramatic,train,0.3134971857070923,0.44710424542427063,0.40254873037338257,0.5244237780570984,0.48935988917946815
/content/dataset/train/dramatic/p_16775692.jpg,dramatic,train,0.2738927900791168,0.4121550917625427,0.12580229341983795,0.519673228263855,0.3393738903105259
/content/dataset/train/dramatic/p_12466092.jpg,dramatic,train,0.29938867688179016,0.5508648753166199,0.0,0.5,0.12780622113496065
/content/dataset/train/dramatic/u_AIhnOC5X7vE.jpg,dramatic,train,0.15219439566135406,0.30520933866500854,0.8076515197753906,0.608810544013977,0.08448569569736719
/content/dataset/train/dramatic/u_kLvV-zxe1BY.jpg,dramatic,train,0.5643603801727295,0.5347405672073364,0.0,0.5,0.32742176204919815
/content/dataset/train/dramatic/u_DD0awdH-v_c.jpg,dramatic,train,0.29935625195503235,0.5759873390197754,0.6388631463050842,0.31135499477386475,0.08877926971763372
/content/dataset/train/dramatic/u_oGazdSvHFGU.jpg,dramatic,train,0.5314446091651917,0.3814852833747864,0.0,0.5,0.16200768761336803
/content/dataset/train/dramatic/p_11716324.jpg,dramatic,train,0.6588432788848877,0.19369839131832123,0.1847153902053833,0.5718697905540466,0.2262373734265566
/content/dataset/train/dramatic/p_36548844.jpg,dramatic,train,0.23081353306770325,0.30435940623283386,0.5223007798194885,0.653486967086792,0.0791152729652822
/content/dataset/train/dramatic/p_9662306.jpg,dramatic,train,0.15346048772335052,0.41340547800064087,0.6036591529846191,0.5573375225067139,0.18396702129393816
/content/dataset/train/dramatic/u_5YZU84pvH8Y.jpg,dramatic,train,0.24829424917697906,0.42049315571784973,0.297166109085083,0.48259052634239197,0.12029302306473255
/content/dataset/train/dramatic/RrnI2xlCFqM.jpg,dramatic,train,0.27444988489151,0.30329254269599915,0.0,0.5,0.07043938850983977
/content/dataset/train/dramatic/l0iOKt1bEtE.jpg,dramatic,train,0.6634086966514587,0.38897818326950073,0.3072439134120941,0.4333628714084625,0.1701248623430729
/content/dataset/train/dramatic/p_28359688.jpg,dramatic,train,0.05431177094578743,0.1535460203886032,0.9377048015594482,0.5789676904678345,0.03333107684738934
/content/dataset/train/dramatic/u_1xpnPZJJHuM.jpg,dramatic,train,0.1868240237236023,0.3529781103134155,0.35562196373939514,0.47987353801727295,0.12792095076292753
/content/dataset/train/dramatic/u_5D9vecTRpAU.jpg,dramatic,train,0.28003403544425964,0.47576412558555603,0.0,0.5,0.18231501802802086
/content/dataset/train/dramatic/u_KvLmZ11RALk.jpg,dramatic,train,0.4499347507953644,0.30173635482788086,0.35929015278816223,0.44860774278640747,0.09484544163569808
/content/dataset/train/dramatic/u_FjcnbBwN9eY.jpg,dramatic,train,0.3434869349002838,0.4257483184337616,0.20787517726421356,0.4978485107421875,0.1349439239129424
/content/dataset/train/dramatic/p_8443647.jpg,dramatic,train,0.4447650909423828,0.6574421525001526,0.12101961672306061,0.506583034992218,0.2125644776970148
/content/dataset/train/dramatic/u_88k2aLTIQ64.jpg,dramatic,train,0.4898761510848999,0.46676719188690186,0.3237687945365906,0.4274710416793823,0.2887994423508644
/content/dataset/train/dramatic/u_T0iTtJ7Gxrc.jpg,dramatic,train,0.011868187226355076,0.10059031844139099,0.000545955786947161,0.5000097751617432,0.019419998861849308
/content/dataset/train/dramatic/p_5259144.jpg,dramatic,train,0.24296848475933075,0.4624720811843872,0.24505659937858582,0.47946083545684814,0.1745168026536703
/content/dataset/train/dramatic/u_2MzfbHr0Nck.jpg,dramatic,train,0.26808568835258484,0.475482702255249,0.37316909432411194,0.5030345916748047,0.1816736115142703
/content/dataset/train/dramatic/u_kkvg_1uy6m0.jpg,dramatic,train,0.464544415473938,0.5304036736488342,0.9315540790557861,0.8626435995101929,0.058371059130877256
/content/dataset/train/dramatic/u_CmE79HC9LAs.jpg,dramatic,train,0.3068372905254364,0.3646826148033142,0.35928285121917725,0.45291537046432495,0.13283174019306898
/content/dataset/train/dramatic/p_15102328.jpg,dramatic,train,0.3107876777648926,0.4144936501979828,0.3474198877811432,0.49224433302879333,0.27675443328917027
/content/dataset/train/dramatic/p_11688654.jpg,dramatic,train,0.3219338059425354,0.3846025764942169,0.45425844192504883,0.45100677013397217,0.17120754346251488
/content/dataset/train/dramatic/u_Cd-qonL7lEo.jpg,dramatic,train,0.01393301784992218,0.09087108075618744,0.09433243423700333,0.5021010637283325,0.02638959907926619
/content/dataset/train/dramatic/u_MFaRg7zGq2Q.jpg,dramatic,train,0.3131292164325714,0.6954995393753052,0.0,0.5,0.15562469605356455
/content/dataset/train/dramatic/u_ziX-_2koyzw.jpg,dramatic,train,0.3223271369934082,0.3217194080352783,0.26842424273490906,0.5431873798370361,0.18285714089870453
/content/dataset/train/dramatic/p_11662430.jpg,dramatic,train,0.21163901686668396,0.3512861430644989,0.3520470857620239,0.48320090770721436,0.2900707256048918
/content/dataset/train/dramatic/u_N1NotegVAL4.jpg,dramatic,train,0.24668070673942566,0.4254847466945648,0.0,0.5,0.07926511578261852
/content/dataset/train/dramatic/u_abhOytXQVg4.jpg,dramatic,train,0.19177937507629395,0.33689481019973755,0.0,0.5,0.09010179433971643
/content/dataset/train/dramatic/p_13411720.jpg,dramatic,train,0.09199997037649155,0.25216034054756165,0.9168767333030701,0.5881417989730835,0.1743424078449607
/content/dataset/train/dramatic/p_17613515.jpg,dramatic,train,0.5668015480041504,0.38249245285987854,0.20683634281158447,0.5188840627670288,0.3192887734621763
/content/dataset/train/dramatic/p_10263567.jpg,dramatic,train,0.3977280557155609,0.6185238361358643,0.1818952113389969,0.5227484107017517,0.3948715701699257
/content/dataset/train/dramatic/u_eVjTf9LTuXo.jpg,dramatic,train,0.1464240550994873,0.24913962185382843,0.35603025555610657,0.5042417645454407,0.17380385659635067
/content/dataset/train/dramatic/u_35BPQMEXIts.jpg,dramatic,train,0.24263004958629608,0.38814792037010193,0.7070261836051941,0.6025780439376831,0.12406653724610806
/content/dataset/train/dramatic/u_FvBFOwwZ1H0.jpg,dramatic,train,0.3420472741127014,0.4202970862388611,0.0,0.5,0.3240538202226162
/content/dataset/train/dramatic/7Me-U8lsD0Y.jpg,dramatic,train,0.2576937973499298,0.3261818587779999,0.24813582003116608,0.5314974188804626,0.17718219198286533
/content/dataset/train/dramatic/u_NlgV9SoVm2o.jpg,dramatic,train,0.5983479022979736,0.30344146490097046,0.1449817270040512,0.5074881315231323,0.2226489968597889
/content/dataset/train/dramatic/u_V2p96ed_g8A.jpg,dramatic,train,0.4735506772994995,0.35931098461151123,0.3893927037715912,0.42424464225769043,0.07091468200087547
/content/dataset/train/dramatic/p_34690289.jpg,dramatic,train,0.7026901245117188,0.466585248708725,0.13074930012226105,0.5355300307273865,0.1381313893944025
/content/dataset/train/dramatic/p_31721881.jpg,dramatic,train,0.4212226867675781,0.3145335912704468,0.3054032325744629,0.48841071128845215,0.2547560352832079
/content/dataset/train/dramatic/p_25676977.jpg,dramatic,train,0.48414382338523865,0.37616676092147827,0.3004069924354553,0.5984579920768738,0.14650339260697365
/content/dataset/train/dramatic/u_3Y2mm-6NJKw.jpg,dramatic,train,0.5230757594108582,0.525249183177948,0.25883984565734863,0.46831101179122925,0.13243838213384151
/content/dataset/train/dramatic/dFfLwWCS0TQ.jpg,dramatic,train,0.36431795358657837,0.6079770922660828,0.30647188425064087,0.6007523536682129,0.07111801241990179
/content/dataset/train/dramatic/u_FhNpMTlWilc.jpg,dramatic,train,0.1328173279762268,0.15793487429618835,0.5841839909553528,0.5410133004188538,0.07550748763605952
/content/dataset/train/dramatic/u_rViBhQwAZKU.jpg,dramatic,train,0.02513536810874939,0.11579251289367676,0.0,0.5,0.04512135637924075
/content/dataset/train/dramatic/p_30552618.jpg,dramatic,train,0.08335132151842117,0.350675106048584,0.0,0.5,0.15980360563844442
/content/dataset/train/dramatic/p_5871169.jpg,dramatic,train,0.4864545464515686,0.522771418094635,0.0,0.5,0.6284201517701149
/content/dataset/train/dramatic/rSD-f-Wq5x0.jpg,dramatic,train,0.18470117449760437,0.1705617904663086,0.159219890832901,0.5304630398750305,0.068742495495826
/content/dataset/train/dramatic/zvEtXa7ZC_s.jpg,dramatic,train,0.09517723321914673,0.4638245403766632,0.6483237743377686,0.5042546391487122,0.1689759735018015
/content/dataset/train/dramatic/u_8hzksbqhRlM.jpg,dramatic,train,0.5118920207023621,0.40633314847946167,0.22938768565654755,0.49316874146461487,0.12500573648139834
/content/dataset/train/dramatic/u_i_hkKFZ2xuk.jpg,dramatic,train,0.5607277154922485,0.4735637903213501,0.0,0.5,0.39055176079273224
/content/dataset/train/dramatic/p_14593060.jpg,dramatic,train,0.23327456414699554,0.3848881721496582,0.0,0.5,0.21718299947679043
/content/dataset/train/dramatic/p_17302260.jpg,dramatic,train,0.3988775610923767,0.3981739282608032,0.23807047307491302,0.4840989112854004,0.18920899834483862
/content/dataset/train/dramatic/u_B0pEmgHtUO8.jpg,dramatic,train,0.3034135401248932,0.3648524880409241,0.1942066252231598,0.47620779275894165,0.159986917860806
/content/dataset/train/dramatic/p_4066947.jpg,dramatic,train,0.09064584225416183,0.28694286942481995,0.3192213475704193,0.5379507541656494,0.1094793388620019
/content/dataset/train/dramatic/u_sgabXpiLrQ8.jpg,dramatic,train,0.5521124005317688,0.2522410452365875,0.48007604479789734,0.6745244264602661,0.179031603038311
/content/dataset/train/dramatic/u_UncofCKWod4.jpg,dramatic,train,0.5156888365745544,0.6999507546424866,0.0,0.5,0.08284109877422452
/content/dataset/train/dramatic/u_lZ0l6bgCWIE.jpg,dramatic,train,0.19015637040138245,0.2948801815509796,0.56803959608078,0.6125453114509583,0.1964577380567789
/content/dataset/train/dramatic/u_9tLwG8OPCQs.jpg,dramatic,train,0.35189417004585266,0.4888608455657959,0.201762393116951,0.477919340133667,0.16840283758938313
/content/dataset/train/dramatic/p_15862022.jpg,dramatic,train,0.11337278038263321,0.2618328928947449,0.0,0.5,0.10129685048013926
/content/dataset/train/dramatic/p_15209911.jpg,dramatic,train,0.32095402479171753,0.4637952744960785,0.3386443257331848,0.5322263836860657,0.43859420344233513
/content/dataset/train/dramatic/N_6clxPs1SI.jpg,dramatic,train,0.13787129521369934,0.2668590247631073,0.0630805715918541,0.49243462085723877,0.1119023934006691
/content/dataset/train/dramatic/ZHIRLf1-Gmw.jpg,dramatic,train,0.08458805829286575,0.4083799421787262,0.06161357834935188,0.5023739337921143,0.15432163141667843
/content/dataset/train/dramatic/p_23384400.jpg,dramatic,train,0.0814240500330925,0.24576397240161896,0.4011089503765106,0.5269995331764221,0.10418076533824205
/content/dataset/train/dramatic/u__SoDmSzzJu4.jpg,dramatic,train,0.354465514421463,0.6590298414230347,0.0,0.5,0.22118723951280117
/content/dataset/train/dramatic/u_5u4atxkYpVA.jpg,dramatic,train,0.2412586659193039,0.2060202807188034,0.024365678429603577,0.4958813488483429,0.08268850389868021
/content/dataset/train/dramatic/u_eiVP8deFMOg.jpg,dramatic,train,0.10748825967311859,0.10740820318460464,0.3399032652378082,0.5361689329147339,0.11037431191653013
/content/dataset/train/dramatic/p_4680726.jpg,dramatic,train,0.12287800014019012,0.3422795832157135,0.0,0.5,0.25170596316456795
/content/dataset/train/dramatic/p_37009054.jpg,dramatic,train,0.2855145335197449,0.5876169204711914,0.0,0.5,0.07807731162756681
/content/dataset/train/dramatic/U3TyURicL40.jpg,dramatic,train,0.5384675860404968,0.47414126992225647,0.2831026315689087,0.42116254568099976,0.3995472751557827
/content/dataset/train/dramatic/p_17601559.jpg,dramatic,train,0.21973446011543274,0.29956549406051636,0.2933855354785919,0.4911476969718933,0.13250194489955902
/content/dataset/train/dramatic/p_29751769.jpg,dramatic,train,0.2448696792125702,0.3562770187854767,0.1623767465353012,0.508331298828125,0.6713599897921085
/content/dataset/train/dramatic/e5vXIrkYv58.jpg,dramatic,train,0.3619039058685303,0.3063358962535858,0.24113547801971436,0.5434068441390991,0.1922374963760376
/content/dataset/train/dramatic/LNljMD3OaVI.jpg,dramatic,train,0.2403985857963562,0.31932586431503296,0.9747647643089294,0.7727441787719727,0.04541571019217372
/content/dataset/train/dramatic/p_8388128.jpg,dramatic,train,0.15003612637519836,0.3911594748497009,0.6723322868347168,0.5032901763916016,0.19546405877918005
/content/dataset/train/dramatic/p_18796491.jpg,dramatic,train,0.13077442348003387,0.30059614777565,0.4047381281852722,0.5226595401763916,0.16262508928775787
/content/dataset/train/dramatic/p_36455649.jpg,dramatic,train,0.27455827593803406,0.5971837639808655,0.7627130746841431,0.621237576007843,0.08873370476067066
/content/dataset/train/dramatic/u_bnwttnQmL4M.jpg,dramatic,train,0.5540000796318054,0.17600879073143005,0.3796878457069397,0.3633606433868408,0.07374916924163699
/content/dataset/train/dramatic/u_OHhzJp9PRKo.jpg,dramatic,train,0.5070245862007141,0.43625587224960327,0.0,0.5,0.5546077527105808
/content/dataset/train/dramatic/p_15886739.jpg,dramatic,train,0.31196337938308716,0.8793905377388,0.0,0.5,0.04279519780538976
/content/dataset/train/dramatic/p_28412441.jpg,dramatic,train,0.25777387619018555,0.4350394606590271,0.7752166986465454,0.6345096230506897,0.38238847628235817
/content/dataset/train/dramatic/u_N8LkX5bvakc.jpg,dramatic,train,0.0683644637465477,0.32459670305252075,0.0,0.5,0.14847940765321255
/content/dataset/train/dramatic/RNVMICYW1Vs.jpg,dramatic,train,0.04437142610549927,0.23930694162845612,0.150776207447052,0.5031453967094421,0.059685069136321545
/content/dataset/train/dramatic/p_34389761.jpg,dramatic,train,0.04491853713989258,0.1779589056968689,0.42493578791618347,0.5135979056358337,0.09388108737766743
/content/dataset/train/dramatic/u_RDyBK7gGyD0.jpg,dramatic,train,0.3923194706439972,0.6204802393913269,0.0,0.5,0.21189440973103046
/content/dataset/train/dramatic/p_7304403.jpg,dramatic,train,0.41681405901908875,0.48861193656921387,0.06848284602165222,0.5111308693885803,0.5439848080277443
/content/dataset/train/dramatic/u_F_qCuNARH2w.jpg,dramatic,train,0.30991846323013306,0.48629558086395264,0.15163496136665344,0.49578842520713806,0.44010015204548836
/content/dataset/train/golden_hour/F1Xf3tQZRok.jpg,golden_hour,train,0.2240605652332306,0.4806884825229645,0.4584587514400482,0.6010268330574036,0.07669530576094985
/content/dataset/train/golden_hour/p_13653060.jpg,golden_hour,train,0.2694709599018097,0.3949487507343292,0.8334842324256897,0.6697309017181396,0.12079264968633652
/content/dataset/train/golden_hour/p_10301020.jpg,golden_hour,train,0.10850544273853302,0.21392296254634857,0.5043999552726746,0.5543341636657715,0.08102315943688154
/content/dataset/train/golden_hour/p_29475544.jpg,golden_hour,train,0.4880494177341461,0.38142719864845276,0.5773066878318787,0.7118771076202393,0.17956431489437819
/content/dataset/train/golden_hour/p_17952326.jpg,golden_hour,train,0.24453787505626678,0.487745463848114,0.47696834802627563,0.5289618372917175,0.06976680480875075
/content/dataset/train/golden_hour/u_HWI6wkDUWts.jpg,golden_hour,train,0.30232253670692444,0.39202478528022766,0.5932721495628357,0.6324014663696289,0.39775993674993515
/content/dataset/train/golden_hour/u_aBTdPfpmtB0.jpg,golden_hour,train,0.4953524172306061,0.4284175932407379,0.5178098678588867,0.6494119167327881,0.13587711378932
/content/dataset/train/golden_hour/p_19429346.jpg,golden_hour,train,0.567936897277832,0.6438412666320801,0.18706713616847992,0.541903018951416,0.22583132609724998
/content/dataset/train/golden_hour/S_ms4iC9aok.jpg,golden_hour,train,0.47996610403060913,0.2860448658466339,0.5881168842315674,0.6962036490440369,0.07094255648553371
/content/dataset/train/golden_hour/u_1e-KD2NVTrw.jpg,golden_hour,train,0.5010021328926086,0.6182336807250977,0.3376939594745636,0.5988821983337402,0.2212549652904272
/content/dataset/train/golden_hour/p_36959831.jpg,golden_hour,train,0.5009608864784241,0.5782375931739807,0.7268559336662292,0.7617765665054321,0.17635396216064692
/content/dataset/train/golden_hour/p_36138937.jpg,golden_hour,train,0.4282454252243042,0.40609556436538696,0.43674638867378235,0.6223558783531189,0.29288150370121
/content/dataset/train/golden_hour/u_KiOaI6RHgyo.jpg,golden_hour,train,0.3020409941673279,0.461453914642334,0.43758803606033325,0.6164998412132263,0.20846326369792223
/content/dataset/train/golden_hour/p_34263461.jpg,golden_hour,train,0.33781927824020386,0.42330214381217957,0.40425893664360046,0.5782392024993896,0.5381612107157707
/content/dataset/train/golden_hour/p_12960929.jpg,golden_hour,train,0.49925604462623596,0.6832897067070007,0.7149277329444885,0.7197409272193909,0.2586054615676403
/content/dataset/train/golden_hour/p_880441.jpg,golden_hour,train,0.4411616325378418,0.2844068109989166,0.5790912508964539,0.4754706919193268,0.18804572988301516
/content/dataset/train/golden_hour/Ii9TqmJSWD8.jpg,golden_hour,train,0.6915860176086426,0.6948245167732239,0.3645355701446533,0.5798802971839905,0.13981874100863934
/content/dataset/train/golden_hour/p_36675243.jpg,golden_hour,train,0.46110212802886963,0.5416659712791443,0.5439684987068176,0.644050657749176,0.1493700873106718
/content/dataset/train/golden_hour/p_12181383.jpg,golden_hour,train,0.5817216038703918,0.4511633515357971,0.39293819665908813,0.6145792603492737,0.19178198650479317
/content/dataset/train/golden_hour/p_4783722.jpg,golden_hour,train,0.5112571716308594,0.42024001479148865,0.3548543453216553,0.6222131848335266,0.15976442955434322
/content/dataset/train/golden_hour/p_33829176.jpg,golden_hour,train,0.41494545340538025,0.6477982997894287,0.3611975610256195,0.5818799138069153,0.062112645246088505
/content/dataset/train/golden_hour/p_13700882.jpg,golden_hour,train,0.43982964754104614,0.7383522391319275,0.7198674082756042,0.6558620929718018,0.055444950703531504
/content/dataset/train/golden_hour/p_12156330.jpg,golden_hour,train,0.4253368079662323,0.590055525302887,0.46446478366851807,0.6383963823318481,0.054195618722587824
/content/dataset/train/golden_hour/p_35823122.jpg,golden_hour,train,0.42301422357559204,0.5123255252838135,0.6040772199630737,0.6368800401687622,0.16258642077445984
/content/dataset/train/golden_hour/u_kRmotVOb5HY.jpg,golden_hour,train,0.5536259412765503,0.3077458143234253,0.5958229899406433,0.7139946222305298,0.2525961259379983
/content/dataset/train/golden_hour/p_9829821.jpg,golden_hour,train,0.37855908274650574,0.659272313117981,0.5007256865501404,0.5813624858856201,0.1404956728219986
/content/dataset/train/golden_hour/u_KsSYekw0LLI.jpg,golden_hour,train,0.25739067792892456,0.3117278218269348,0.34351077675819397,0.5594509243965149,0.06336619495414197
/content/dataset/train/golden_hour/Og_T0LjMJDk.jpg,golden_hour,train,0.4289804995059967,0.5171956419944763,0.3874353766441345,0.5673723816871643,0.3972936421632767
/content/dataset/train/golden_hour/p_28898792.jpg,golden_hour,train,0.252638578414917,0.5287802219390869,0.43914327025413513,0.5988796353340149,0.0421863526571542
/content/dataset/train/golden_hour/p_28786880.jpg,golden_hour,train,0.4781462550163269,0.47342512011528015,0.7645309567451477,0.7674664258956909,0.3342740051448345
/content/dataset/train/golden_hour/p_12510099.jpg,golden_hour,train,0.3773873746395111,0.582211434841156,0.641382098197937,0.7283885478973389,0.11452813865616918
/content/dataset/train/golden_hour/p_33612523.jpg,golden_hour,train,0.3637283146381378,0.6041315197944641,0.4215244650840759,0.620868980884552,0.05423927563242614
/content/dataset/train/golden_hour/p_20079508.jpg,golden_hour,train,0.42029520869255066,0.3608972132205963,0.3887304961681366,0.5950207114219666,0.11834838893264532
/content/dataset/train/golden_hour/p_33508849.jpg,golden_hour,train,0.3140980899333954,0.38605204224586487,0.5486677289009094,0.5301818251609802,0.42100923135876656
/content/dataset/train/golden_hour/p_33654887.jpg,golden_hour,train,0.5119936466217041,0.6298533082008362,0.3257664442062378,0.5779060125350952,0.2809217479079962
/content/dataset/train/golden_hour/u_GKok4LSRaBA.jpg,golden_hour,train,0.4746665954589844,0.7586109638214111,0.4367414712905884,0.5790969729423523,0.2042550127953291
/content/dataset/train/golden_hour/p_9129983.jpg,golden_hour,train,0.3144243061542511,0.5521767735481262,0.46280989050865173,0.5843369364738464,0.19499375484883785
/content/dataset/train/golden_hour/u_gWXlr-zk4fk.jpg,golden_hour,train,0.15403126180171967,0.2667444050312042,0.8320653438568115,0.6037825345993042,0.15511998441070318
/content/dataset/train/golden_hour/hy2AT_kzaF4.jpg,golden_hour,train,0.40335437655448914,0.4726558029651642,0.2516633868217468,0.5488824844360352,0.16978060360997915
/content/dataset/train/golden_hour/p_29463365.jpg,golden_hour,train,0.48418736457824707,0.680134117603302,0.41271767020225525,0.6208181381225586,0.06657727528363466
/content/dataset/train/golden_hour/u_qNLGUWNSOIw.jpg,golden_hour,train,0.23762869834899902,0.4106069803237915,0.3186383545398712,0.5211560726165771,0.07417516317218542
/content/dataset/train/golden_hour/u_JAhDumipAkU.jpg,golden_hour,train,0.29804927110671997,0.6396371126174927,0.871009111404419,0.6468135118484497,0.09995547588914633
/content/dataset/train/golden_hour/p_35376005.jpg,golden_hour,train,0.5800765156745911,0.4554777443408966,0.5806003212928772,0.7152999639511108,0.30532801523804665
/content/dataset/train/golden_hour/u_XidF182916U.jpg,golden_hour,train,0.04215399548411369,0.11592524498701096,0.6113117933273315,0.5288527011871338,0.034796149702742696
/content/dataset/train/golden_hour/p_12145145.jpg,golden_hour,train,0.29282987117767334,0.530356764793396,0.7503407597541809,0.7091231346130371,0.08669496513903141
/content/dataset/train/golden_hour/p_35658181.jpg,golden_hour,train,0.2707102298736572,0.4904414117336273,0.3872847259044647,0.5650032162666321,0.1457747514359653
/content/dataset/train/golden_hour/p_16076983.jpg,golden_hour,train,0.33487921953201294,0.48627471923828125,0.5281011462211609,0.6262577772140503,0.09061109274625778
/content/dataset/train/golden_hour/u_clzi1BOBWac.jpg,golden_hour,train,0.09849874675273895,0.28020399808883667,0.5233779549598694,0.5091956257820129,0.0846964051015675
/content/dataset/train/golden_hour/p_35365394.jpg,golden_hour,train,0.321442574262619,0.30194684863090515,0.9072491526603699,0.7848061323165894,0.02750034909695387
/content/dataset/train/golden_hour/p_19180535.jpg,golden_hour,train,0.23940230906009674,0.3892069160938263,0.5936470031738281,0.6788508892059326,0.03498204401694238
/content/dataset/train/golden_hour/NSu5uWht6gY.jpg,golden_hour,train,0.4104136526584625,0.5307202339172363,0.3368671238422394,0.578820526599884,0.1294510578736663
/content/dataset/train/golden_hour/u_smRmTUPraBY.jpg,golden_hour,train,0.5144070386886597,0.4739396274089813,0.6605373024940491,0.7765073776245117,0.0873029138892889
/content/dataset/train/golden_hour/p_30162466.jpg,golden_hour,train,0.468357115983963,0.38845276832580566,0.2623650133609772,0.5588374137878418,0.3774392232298851
/content/dataset/train/golden_hour/p_9841927.jpg,golden_hour,train,0.5050168633460999,0.3980181813240051,0.6790181994438171,0.7347313761711121,0.14228032436221838
/content/dataset/train/golden_hour/p_5895397.jpg,golden_hour,train,0.35997647047042847,0.48492634296417236,0.7260454893112183,0.7021187543869019,0.35172886215150356
/content/dataset/train/golden_hour/u_L9DJfVeaH0o.jpg,golden_hour,train,0.2909914553165436,0.272230863571167,0.6079279780387878,0.633515477180481,0.0807495426852256
/content/dataset/train/golden_hour/p_29146558.jpg,golden_hour,train,0.3407638669013977,0.5091447830200195,0.754761815071106,0.7046653032302856,0.3051233571022749
/content/dataset/train/golden_hour/u_lnPEYZvrEnQ.jpg,golden_hour,train,0.5041177272796631,0.5302507281303406,0.8097755908966064,0.7517701387405396,0.044801735784858465
/content/dataset/train/golden_hour/p_30669402.jpg,golden_hour,train,0.5635086894035339,0.5588613748550415,0.24831144511699677,0.5564882159233093,0.17993825487792492
/content/dataset/train/golden_hour/p_28993883.jpg,golden_hour,train,0.519218385219574,0.5645026564598083,0.6331472396850586,0.687332272529602,0.1423506299033761
/content/dataset/train/golden_hour/u_TrUWv4UKCYw.jpg,golden_hour,train,0.49218904972076416,0.46647608280181885,0.4499332010746002,0.5619821548461914,0.10763829108327627
/content/dataset/train/golden_hour/3sxjNNh5a50.jpg,golden_hour,train,0.39109379053115845,0.5681021809577942,0.8920347094535828,0.7282934784889221,0.14862543437629938
/content/dataset/train/golden_hour/p_1382513.jpg,golden_hour,train,0.4088916778564453,0.5818752646446228,0.44303470849990845,0.6548191905021667,0.06745743798092008
/content/dataset/train/golden_hour/u_Yur7X5VBwmw.jpg,golden_hour,train,0.27583086490631104,0.3782818615436554,0.4339123070240021,0.5041450262069702,0.2104546083137393
/content/dataset/train/golden_hour/u_1SLYbGqxYO4.jpg,golden_hour,train,0.40793657302856445,0.5380748510360718,0.3174666464328766,0.5576947927474976,0.22253241389989853
/content/dataset/train/golden_hour/u_-orO9Vz2paM.jpg,golden_hour,train,0.44042548537254333,0.4240892827510834,0.3587101995944977,0.48127269744873047,0.20113524980843067
/content/dataset/train/golden_hour/u_LFmckOoE4YY.jpg,golden_hour,train,0.49997037649154663,0.4535526633262634,0.592207670211792,0.686489999294281,0.787915401160717
/content/dataset/train/golden_hour/p_17894541.jpg,golden_hour,train,0.47193998098373413,0.18261440098285675,0.8493221998214722,0.7822619676589966,0.2637953497469425
/content/dataset/train/golden_hour/u_UWMEGpRLTrs.jpg,golden_hour,train,0.41331687569618225,0.5099971294403076,0.5563898086547852,0.6300861239433289,0.359713826328516
/content/dataset/train/golden_hour/u_lrTXDGWj6Bg.jpg,golden_hour,train,0.4635079801082611,0.689837634563446,0.44845050573349,0.5655919909477234,0.24591626599431038
/content/dataset/train/golden_hour/u_jirTjLcXYLA.jpg,golden_hour,train,0.2298978865146637,0.46958088874816895,0.8152135014533997,0.6299318671226501,0.11887308210134506
/content/dataset/train/golden_hour/u_nSMsBQsIOvo.jpg,golden_hour,train,0.18679523468017578,0.32699695229530334,0.7110481262207031,0.6136374473571777,0.08880011271685362
/content/dataset/train/golden_hour/p_33786787.jpg,golden_hour,train,0.3091298043727875,0.5768873691558838,0.5368590354919434,0.5679985880851746,0.08657078957185149
/content/dataset/train/golden_hour/p_32738154.jpg,golden_hour,train,0.18494540452957153,0.27419018745422363,0.9671072959899902,0.6635575294494629,0.08200952783226967
/content/dataset/train/golden_hour/p_33928840.jpg,golden_hour,train,0.3369334936141968,0.5982375144958496,0.4397817850112915,0.5711610317230225,0.28233602643013
/content/dataset/train/golden_hour/p_34542284.jpg,golden_hour,train,0.33224791288375854,0.23368938267230988,0.616020917892456,0.6787331104278564,0.06403828039765358
/content/dataset/train/golden_hour/p_37047549.jpg,golden_hour,train,0.48119401931762695,0.5346004366874695,0.3243497312068939,0.48766419291496277,0.20436678547412157
/content/dataset/train/golden_hour/p_34488780.jpg,golden_hour,train,0.4249369204044342,0.6717278361320496,0.5778839588165283,0.6513636112213135,0.12476802803575993
/content/dataset/train/golden_hour/p_4135091.jpg,golden_hour,train,0.42105525732040405,0.6241312623023987,0.7033396363258362,0.652167797088623,0.15616942197084427
/content/dataset/train/golden_hour/p_12296039.jpg,golden_hour,train,0.3842529058456421,0.6125302910804749,0.33974912762641907,0.6071926355361938,0.12763082515448332
/content/dataset/train/golden_hour/u_0X2VOO5Zt4w.jpg,golden_hour,train,0.16562314331531525,0.25448349118232727,0.48223966360092163,0.5526665449142456,0.40546396747231483
/content/dataset/train/golden_hour/u_aX0bQSYB_rg.jpg,golden_hour,train,0.2777000963687897,0.526890754699707,0.8414322733879089,0.6453075408935547,0.17310121096670628
/content/dataset/train/golden_hour/u_jef3UKCzi_I.jpg,golden_hour,train,0.28849339485168457,0.27057981491088867,0.5793596506118774,0.48089295625686646,0.20376160740852356
/content/dataset/train/golden_hour/p_6327744.jpg,golden_hour,train,0.31880515813827515,0.4377340078353882,0.8226211071014404,0.7907962799072266,0.058026055339723825
/content/dataset/train/golden_hour/u_WWFL0kOgQ4A.jpg,golden_hour,train,0.41760560870170593,0.5844652652740479,0.2722949683666229,0.5511770248413086,0.2991712000221014
/content/dataset/train/golden_hour/F6gJ2W46D58.jpg,golden_hour,train,0.29477083683013916,0.4025276005268097,0.5833832025527954,0.658096432685852,0.05278191529214382
/content/dataset/train/golden_hour/u_lGLYmyAS2iY.jpg,golden_hour,train,0.42329126596450806,0.5963995456695557,0.2995064854621887,0.498270720243454,0.1919824443757534
/content/dataset/train/golden_hour/u_ESlb-QvZgLg.jpg,golden_hour,train,0.3228427469730377,0.3695067763328552,0.2634195387363434,0.56643146276474,0.13380165677517653
/content/dataset/train/golden_hour/p_29384741.jpg,golden_hour,train,0.24586784839630127,0.39467376470565796,0.5735072493553162,0.5811141133308411,0.27633256278932095
/content/dataset/train/golden_hour/u_7EGGt3dWyII.jpg,golden_hour,train,0.44682881236076355,0.63690185546875,0.21425001323223114,0.5234857201576233,0.12766194995492697
/content/dataset/train/golden_hour/p_37097730.jpg,golden_hour,train,0.5555643439292908,0.40061378479003906,0.6228784918785095,0.7155106067657471,0.15977035276591778
/content/dataset/train/golden_hour/u_75CwFB0-9rs.jpg,golden_hour,train,0.392863929271698,0.5412055850028992,0.3410685658454895,0.5407965779304504,0.33597690984606743
/content/dataset/train/golden_hour/u_BbmlgstGwuc.jpg,golden_hour,train,0.45759934186935425,0.3521227538585663,0.4109424650669098,0.6214621067047119,0.12175209820270538
/content/dataset/train/golden_hour/u_-CINCFjp2NU.jpg,golden_hour,train,0.47902461886405945,0.492404580116272,0.23555035889148712,0.47278285026550293,0.14251061715185642
/content/dataset/train/golden_hour/u_at01m1V47tU.jpg,golden_hour,train,0.491677463054657,0.5137240886688232,0.2594202160835266,0.5378795862197876,0.12808685656636953
/content/dataset/train/golden_hour/u_mSGf969YDGQ.jpg,golden_hour,train,0.15475986897945404,0.3588801324367523,0.6044889688491821,0.5444142818450928,0.14708462171256542
/content/dataset/train/golden_hour/p_12145146.jpg,golden_hour,train,0.22908511757850647,0.4144824743270874,0.7025838494300842,0.6877456307411194,0.10583467315882444
/content/dataset/train/golden_hour/p_31738485.jpg,golden_hour,train,0.3826833963394165,0.33785876631736755,0.8144420981407166,0.6884044408798218,0.1871058437973261
/content/dataset/train/golden_hour/p_21644784.jpg,golden_hour,train,0.21428439021110535,0.47509798407554626,0.8162201046943665,0.5923615097999573,0.2764074131846428
/content/dataset/train/golden_hour/1SLYbGqxYO4.jpg,golden_hour,train,0.40793681144714355,0.5380765199661255,0.3174731135368347,0.5576950311660767,0.22254140116274357
/content/dataset/train/golden_hour/p_20893276.jpg,golden_hour,train,0.5207964181900024,0.5791860222816467,0.5745642185211182,0.6779249906539917,0.08850496727973223
/content/dataset/train/golden_hour/p_30669399.jpg,golden_hour,train,0.5797723531723022,0.5307207703590393,0.24853307008743286,0.5579074025154114,0.14224421698600054
/content/dataset/train/golden_hour/u_P6OQvhHW3wo.jpg,golden_hour,train,0.25735601782798767,0.41517576575279236,0.769381046295166,0.6538641452789307,0.1486365869641304
/content/dataset/train/golden_hour/u_cH3yuwEL5N4.jpg,golden_hour,train,0.8750218749046326,0.43724536895751953,0.1552681177854538,0.5577086210250854,0.09648146107792854
/content/dataset/train/golden_hour/p_462023.jpg,golden_hour,train,0.335628479719162,0.3456188440322876,0.6208661198616028,0.6419817209243774,0.12257305439561605
/content/dataset/train/golden_hour/u_Ak5htL2iVaU.jpg,golden_hour,train,0.363674134016037,0.5130473375320435,0.4263748228549957,0.588172197341919,0.18435380887240171
/content/dataset/train/golden_hour/u_qDlR2QAmnhM.jpg,golden_hour,train,0.4294019937515259,0.38002288341522217,0.3505876064300537,0.5258166193962097,0.20157405640929937
/content/dataset/train/golden_hour/V8F6O21Hvpg.jpg,golden_hour,train,0.2888423502445221,0.581955075263977,0.7611651420593262,0.6600981950759888,0.20720340311527252
/content/dataset/train/golden_hour/u_bwqiNSi6UGA.jpg,golden_hour,train,0.6085915565490723,0.7241536378860474,0.0,0.5,0.9390497952699661
/content/dataset/train/golden_hour/u_bNMxS9JOfKU.jpg,golden_hour,train,0.09306329488754272,0.17975711822509766,0.6248459815979004,0.541671633720398,0.2855604700744152
/content/dataset/train/golden_hour/p_30603374.jpg,golden_hour,train,0.3328489065170288,0.4893966317176819,0.7778455018997192,0.6719352006912231,0.6221320945769548
/content/dataset/train/golden_hour/p_30669373.jpg,golden_hour,train,0.448221355676651,0.5075398087501526,0.3996210992336273,0.5772727131843567,0.19998261705040932
/content/dataset/train/golden_hour/p_8640401.jpg,golden_hour,train,0.4816071391105652,0.3525258004665375,0.3439944088459015,0.5949050188064575,0.1393746305257082
/content/dataset/train/golden_hour/p_26221701.jpg,golden_hour,train,0.3974050283432007,0.5675778388977051,0.641240656375885,0.6730387210845947,0.10059389285743237
/content/dataset/train/golden_hour/3PZp0zkaYSM.jpg,golden_hour,train,0.2987878620624542,0.470299631357193,0.5293195247650146,0.5959945917129517,0.2189761120826006
/content/dataset/train/golden_hour/u_eyiJG7wCb4o.jpg,golden_hour,train,0.26858335733413696,0.36334753036499023,0.3918582797050476,0.5810873508453369,0.035925396950915456
/content/dataset/train/golden_hour/u_gQVWtrhZjjM.jpg,golden_hour,train,0.47598734498023987,0.7940207123756409,0.6261411905288696,0.6351104974746704,0.08421378093771636
/content/dataset/train/golden_hour/p_7357383.jpg,golden_hour,train,0.1983979493379593,0.4864127039909363,0.3405015468597412,0.5842620134353638,0.060103125870227814
/content/dataset/train/golden_hour/u_tRZsuTo7uuI.jpg,golden_hour,train,0.29319989681243896,0.6341482996940613,0.5371562242507935,0.5302990078926086,0.411000270396471
/content/dataset/train/golden_hour/p_15682998.jpg,golden_hour,train,0.07137255370616913,0.22505803406238556,0.5065569877624512,0.5521734356880188,0.20232876762747765
/content/dataset/train/golden_hour/u_5DZwatJ9-rI.jpg,golden_hour,train,0.05721273273229599,0.1448715180158615,0.9892222881317139,0.5590565800666809,0.022654072963632643
/content/dataset/train/golden_hour/u_Fhx1HtUWKSw.jpg,golden_hour,train,0.5760124921798706,0.4663504958152771,0.2220052182674408,0.49705764651298523,0.16980033833533525
/content/dataset/train/golden_hour/u_uGzl97mn6k8.jpg,golden_hour,train,0.15375077724456787,0.40884679555892944,0.7335232496261597,0.6025145053863525,0.051924719009548426
/content/dataset/train/golden_hour/u_P5zby3NcsKI.jpg,golden_hour,train,0.3540280759334564,0.5712682604789734,0.27450689673423767,0.5054286122322083,0.29594426043331623
/content/dataset/train/golden_hour/p_8104514.jpg,golden_hour,train,0.4484100341796875,0.8031998872756958,0.4011313319206238,0.6215307116508484,0.0717233563773334
/content/dataset/train/golden_hour/p_20473404.jpg,golden_hour,train,0.40927785634994507,0.5221702456474304,0.4721551537513733,0.6485965251922607,0.21240869536995888
/content/dataset/train/golden_hour/p_30226318.jpg,golden_hour,train,0.16438885033130646,0.3787800967693329,0.5064074993133545,0.5343044400215149,0.2635266073048115
/content/dataset/train/golden_hour/u_1-iU8tlxQPw.jpg,golden_hour,train,0.7716107964515686,0.6821814775466919,0.20361170172691345,0.5472229719161987,0.0820116070099175
/content/dataset/train/golden_hour/p_28588630.jpg,golden_hour,train,0.14642751216888428,0.3519541323184967,0.5131218433380127,0.5605235695838928,0.37386621348559856
/content/dataset/train/golden_hour/p_13605711.jpg,golden_hour,train,0.2527608573436737,0.3320904076099396,0.9492721557617188,0.7054634690284729,0.1613600179553032
/content/dataset/train/golden_hour/p_35967104.jpg,golden_hour,train,0.395211398601532,0.3768521249294281,0.9559105634689331,0.8338968753814697,0.11752453166991472
/content/dataset/train/golden_hour/p_33894465.jpg,golden_hour,train,0.30040520429611206,0.42819944024086,0.2403308004140854,0.5027669072151184,0.16959619708359241
/content/dataset/train/golden_hour/u_n42CxdySTtc.jpg,golden_hour,train,0.6682270765304565,0.39491087198257446,0.41710734367370605,0.6564395427703857,0.18781406339257956
/content/dataset/train/golden_hour/p_15387052.jpg,golden_hour,train,0.17106200754642487,0.4003523588180542,0.6324023008346558,0.5935562252998352,0.29459796845912933
/content/dataset/train/golden_hour/p_7843347.jpg,golden_hour,train,0.5500402450561523,0.35191401839256287,0.16389161348342896,0.47676515579223633,0.22207277128472924
/content/dataset/train/golden_hour/p_35345565.jpg,golden_hour,train,0.3393012583255768,0.4902264475822449,0.6023499965667725,0.656964898109436,0.6276535987854004
/content/dataset/train/golden_hour/p_36984234.jpg,golden_hour,train,0.5280770063400269,0.6348146200180054,0.4280385673046112,0.5750764608383179,0.1136841531842947
/content/dataset/train/golden_hour/p_19333749.jpg,golden_hour,train,0.7321970462799072,0.5496354103088379,0.4397315979003906,0.6565607190132141,0.10065038688480854
/content/dataset/train/golden_hour/p_7662964.jpg,golden_hour,train,0.18933460116386414,0.45090243220329285,0.8082312941551208,0.5534310340881348,0.11091703316196799
/content/dataset/train/golden_hour/u_W1EsAXmVhFQ.jpg,golden_hour,train,0.1706453114748001,0.35776156187057495,0.37689873576164246,0.5652690529823303,0.1882961392402649
/content/dataset/train/golden_hour/u_ok9Q_A46St4.jpg,golden_hour,train,0.18144361674785614,0.28886309266090393,0.9878670573234558,0.7074227333068848,0.040364140877500176
/content/dataset/train/golden_hour/u_LSrwFiggp80.jpg,golden_hour,train,0.18630243837833405,0.4142477810382843,0.32420897483825684,0.47844332456588745,0.13814331497997046
/content/dataset/train/golden_hour/p_19871471.jpg,golden_hour,train,0.3159615397453308,0.4824429452419281,0.7525482177734375,0.6314674615859985,0.1049032062292099
/content/dataset/train/golden_hour/p_29981860.jpg,golden_hour,train,0.30758047103881836,0.3523613512516022,0.9186343550682068,0.7001176476478577,0.09110268205404282
/content/dataset/train/golden_hour/u_AwsR3rfKDvo.jpg,golden_hour,train,0.4293889105319977,0.6781219244003296,0.45363306999206543,0.5692232847213745,0.12901919428259134
/content/dataset/train/golden_hour/u_LKu26lG2CSs.jpg,golden_hour,train,0.25072646141052246,0.5975486636161804,0.747101366519928,0.5673348903656006,0.27682394720613956
/content/dataset/train/golden_hour/u_1T25Onagrno.jpg,golden_hour,train,0.22581833600997925,0.3973696827888489,0.5985950827598572,0.5541603565216064,0.17263511661440134
/content/dataset/train/golden_hour/u_y6dUxc66kAs.jpg,golden_hour,train,0.46246328949928284,0.3835398256778717,0.518686056137085,0.6414527893066406,0.1601983606815338
/content/dataset/train/golden_hour/p_15336713.jpg,golden_hour,train,0.09922097623348236,0.2572464644908905,0.7742144465446472,0.5717065930366516,0.06706771207973361
/content/dataset/train/golden_hour/p_2453102.jpg,golden_hour,train,0.5661848187446594,0.688911497592926,0.1590181291103363,0.5059956312179565,0.42010294273495674
/content/dataset/train/golden_hour/u_LNY1xlnc3Wg.jpg,golden_hour,train,0.2811231315135956,0.33658385276794434,0.8049514293670654,0.6793109178543091,0.10500545147806406
/content/dataset/train/golden_hour/p_33465758.jpg,golden_hour,train,0.33915889263153076,0.44220906496047974,0.39528462290763855,0.5440055131912231,0.26539492420852184
/content/dataset/train/golden_hour/p_12721614.jpg,golden_hour,train,0.09685612469911575,0.16621968150138855,0.4624173045158386,0.5557993054389954,0.023364475928246975
/content/dataset/train/golden_hour/p_15623057.jpg,golden_hour,train,0.26513293385505676,0.2488463670015335,0.7608917951583862,0.6831830739974976,0.04842742229811847
/content/dataset/train/golden_hour/_jkkrxAMmiw.jpg,golden_hour,train,0.4828934669494629,0.587337851524353,0.8769932985305786,0.7946045398712158,0.07249733433127403
/content/dataset/train/golden_hour/p_19497199.jpg,golden_hour,train,0.1434091031551361,0.371518075466156,0.63897705078125,0.5879260897636414,0.25525634177029133
/content/dataset/train/golden_hour/u_KeruRlDC0oc.jpg,golden_hour,train,0.5457360744476318,0.5770357251167297,0.4443094730377197,0.5947868824005127,0.1800322439521551
/content/dataset/train/golden_hour/p_19871475.jpg,golden_hour,train,0.27922096848487854,0.42944762110710144,0.7523206472396851,0.6251007914543152,0.13017590157687664
/content/dataset/train/golden_hour/p_15961293.jpg,golden_hour,train,0.2943390905857086,0.43866732716560364,0.9100903272628784,0.7347831130027771,0.15866622794419527
/content/dataset/train/golden_hour/p_39015.jpg,golden_hour,train,0.5655474662780762,0.39348238706588745,0.7021151781082153,0.763901948928833,0.7226186618208885
/content/dataset/train/golden_hour/u_MtHfZXS_N_E.jpg,golden_hour,train,0.3139899969100952,0.313691109418869,0.47108739614486694,0.43780264258384705,0.12543103424832225
/content/dataset/train/golden_hour/u_GDbNMF7fPQA.jpg,golden_hour,train,0.4850616157054901,0.5043230652809143,0.4957915246486664,0.6355036497116089,0.3217859286814928
/content/dataset/train/golden_hour/u_zeNnOOQy83M.jpg,golden_hour,train,0.18535172939300537,0.3559507429599762,0.5309052467346191,0.5670589208602905,0.08653594879433513
/content/dataset/train/golden_hour/p_11753441.jpg,golden_hour,train,0.22099635004997253,0.3608419597148895,0.7333384156227112,0.6525072455406189,0.06376067642122507
/content/dataset/train/golden_hour/u_hxMAXDhpAPY.jpg,golden_hour,train,0.5389439463615417,0.3516888916492462,0.5668256878852844,0.7358254790306091,0.23911449126899242
/content/dataset/train/golden_hour/p_31060739.jpg,golden_hour,train,0.22658400237560272,0.35149356722831726,0.6175967454910278,0.5957820415496826,0.2680296264588833
/content/dataset/train/golden_hour/u_xP_AGmeEa6s.jpg,golden_hour,train,0.5700511336326599,0.5831780433654785,0.3685239553451538,0.5187097787857056,0.1382677722722292
/content/dataset/train/golden_hour/u_8ujt7P8NT_0.jpg,golden_hour,train,0.4019182622432709,0.37162020802497864,0.25992587208747864,0.5142720937728882,0.23410250432789326
/content/dataset/train/golden_hour/p_19074066.jpg,golden_hour,train,0.23617994785308838,0.45379918813705444,0.7200042605400085,0.6366204619407654,0.26747276075184345
/content/dataset/train/golden_hour/u_EiJjBCv0Kxw.jpg,golden_hour,train,0.33538365364074707,0.3494897782802582,0.5612547397613525,0.6546813249588013,0.09273850359022617
/content/dataset/train/golden_hour/p_31060737.jpg,golden_hour,train,0.42289239168167114,0.7279006242752075,0.4234257638454437,0.5996724963188171,0.17820802982896566
/content/dataset/train/golden_hour/p_35373180.jpg,golden_hour,train,0.24939920008182526,0.5461215972900391,0.5846882462501526,0.6357004046440125,0.29540988616645336
/content/dataset/train/golden_hour/u_z9HOXn8rVCo.jpg,golden_hour,train,0.21653227508068085,0.4697768986225128,0.5075595378875732,0.5206522941589355,0.12067291419953108
/content/dataset/train/golden_hour/p_19038986.jpg,golden_hour,train,0.3273320496082306,0.6126894354820251,0.1880364865064621,0.505510687828064,0.21053128875792027
/content/dataset/train/golden_hour/p_30669387.jpg,golden_hour,train,0.7576972246170044,0.5639814138412476,0.0994507446885109,0.5226409435272217,0.11894445866346359
/content/dataset/train/golden_hour/p_15022098.jpg,golden_hour,train,0.5583413243293762,0.7391235828399658,0.27875280380249023,0.5320245027542114,0.3083521034568548
/content/dataset/train/golden_hour/u_I-KgSbWBnBc.jpg,golden_hour,train,0.27130213379859924,0.40164414048194885,0.39250460267066956,0.5767814517021179,0.11410238221287727
/content/dataset/train/golden_hour/u_8dcfoOdb7Nw.jpg,golden_hour,train,0.864710807800293,0.3917197287082672,0.24339117109775543,0.5992534160614014,0.0640806753654033
/content/dataset/train/golden_hour/u_ibEqOa0MLTo.jpg,golden_hour,train,0.2619330585002899,0.6758867502212524,0.31011292338371277,0.6319041848182678,0.036344409454613924
/content/dataset/train/golden_hour/u_8X4mMZ94PZU.jpg,golden_hour,train,0.480529248714447,0.40926459431648254,0.42556139826774597,0.5549935102462769,0.3714800626039505
/content/dataset/train/golden_hour/p_33292593.jpg,golden_hour,train,0.10914621502161026,0.4050040543079376,0.2471671849489212,0.5446764230728149,0.057964862789958715
/content/dataset/train/golden_hour/p_12562062.jpg,golden_hour,train,0.42773768305778503,0.47333166003227234,0.3631729483604431,0.5930892825126648,0.28155064210295677
/content/dataset/train/golden_hour/u_lonRNs4jmvA.jpg,golden_hour,train,0.2581431269645691,0.44104304909706116,0.9276527166366577,0.6724308729171753,0.06233509164303541
/content/dataset/train/golden_hour/p_11676694.jpg,golden_hour,train,0.26711058616638184,0.4104253053665161,0.489251047372818,0.5538124442100525,0.09530153358355165
/content/dataset/train/golden_hour/p_16668327.jpg,golden_hour,train,0.542279839515686,0.590529203414917,0.48880794644355774,0.5961111187934875,0.20209101028740406
/content/dataset/train/golden_hour/u__5fouOiijCk.jpg,golden_hour,train,0.42061248421669006,0.4107968509197235,0.22901898622512817,0.5095169544219971,0.44769106432795525
/content/dataset/train/golden_hour/p_36989760.jpg,golden_hour,train,0.2977365553379059,0.2564927637577057,0.5286082625389099,0.6421878337860107,0.022906516678631306
/content/dataset/train/golden_hour/p_24861050.jpg,golden_hour,train,0.4527019262313843,0.4967838525772095,0.23062236607074738,0.5753457546234131,0.05233300384134054
/content/dataset/train/golden_hour/p_9687011.jpg,golden_hour,train,0.36219173669815063,0.48612430691719055,0.6217533946037292,0.5949366688728333,0.4525630362331867
/content/dataset/train/golden_hour/p_30669395.jpg,golden_hour,train,0.4111712574958801,0.5083024501800537,0.4116193950176239,0.5729487538337708,0.18641814589500427
/content/dataset/train/golden_hour/p_30669407.jpg,golden_hour,train,0.46994081139564514,0.34217607975006104,0.3386012613773346,0.5835438966751099,0.16299896407872438
/content/dataset/train/golden_hour/p_33912773.jpg,golden_hour,train,0.43610164523124695,0.6146733164787292,0.23532044887542725,0.493371844291687,0.3101347666233778
/content/dataset/train/golden_hour/lYEeimPdUQM.jpg,golden_hour,train,0.4418623447418213,0.6600456833839417,0.725536584854126,0.6875311136245728,0.11624967213720083
/content/dataset/train/golden_hour/lQM-qo2ho50.jpg,golden_hour,train,0.226127490401268,0.38204532861709595,0.8267107605934143,0.7036502361297607,0.055245819967240095
/content/dataset/train/golden_hour/cYDerOoLB-0.jpg,golden_hour,train,0.3157108724117279,0.32318779826164246,0.4054197072982788,0.6235162615776062,0.13187524396926165
/content/dataset/train/golden_hour/p_33623010.jpg,golden_hour,train,0.38784703612327576,0.6102806925773621,0.7829447388648987,0.6972872614860535,0.08476813090965152
/content/dataset/train/golden_hour/u_J7KrVEcL8Z0.jpg,golden_hour,train,0.3077065646648407,0.3914927542209625,0.3428243398666382,0.5497136116027832,0.5512809194624424
/content/dataset/train/golden_hour/u_cXzJ37xixfA.jpg,golden_hour,train,0.5065545439720154,0.761709451675415,0.0,0.5,0.1203245366923511
/content/dataset/train/golden_hour/u_EQfJVNPtAn0.jpg,golden_hour,train,0.1247391477227211,0.2501821219921112,0.3462478518486023,0.524267315864563,0.07297186413779855
/content/dataset/train/golden_hour/p_33274754.jpg,golden_hour,train,0.2969801127910614,0.5653238892555237,0.6024557948112488,0.6112515926361084,0.07235466735437512
/content/dataset/train/golden_hour/p_12239824.jpg,golden_hour,train,0.5371599793434143,0.7220050096511841,0.39561542868614197,0.6021578311920166,0.1020827516913414
/content/dataset/train/golden_hour/u_WkJzdnBznwY.jpg,golden_hour,train,0.7824973464012146,0.22516310214996338,0.5460309982299805,0.7176604270935059,0.06193205248564482
/content/dataset/train/golden_hour/p_4664305.jpg,golden_hour,train,0.35421258211135864,0.5345681309700012,0.6254892349243164,0.7532979249954224,0.031832874519750476
/content/dataset/train/golden_hour/p_9811077.jpg,golden_hour,train,0.572935938835144,0.7315437197685242,0.31514477729797363,0.5760332942008972,0.14455170836299658
/content/dataset/train/golden_hour/u_c0rIbGSnjL4.jpg,golden_hour,train,0.4014548063278198,0.40108293294906616,0.6776482462882996,0.6429814100265503,0.7052396610379219
/content/dataset/train/golden_hour/mHZPONoRq_c.jpg,golden_hour,train,0.31807076930999756,0.50899738073349,0.30600640177726746,0.5603438019752502,0.15694507863372564
/content/dataset/train/golden_hour/p_9706891.jpg,golden_hour,train,0.25664839148521423,0.4400221109390259,0.9753221273422241,0.7033110857009888,0.07422825787216425
/content/dataset/train/golden_hour/u_swC1JClEcIM.jpg,golden_hour,train,0.4658326506614685,0.4672170877456665,0.47946399450302124,0.5768715739250183,0.3509029559791088
/content/dataset/train/golden_hour/mLN2qir5mjU.jpg,golden_hour,train,0.503324031829834,0.49679312109947205,0.42916449904441833,0.6294616460800171,0.1775812590494752
/content/dataset/train/golden_hour/p_12120757.jpg,golden_hour,train,0.27038028836250305,0.3701188862323761,0.2541852593421936,0.517691969871521,0.04836680833250284
/content/dataset/train/golden_hour/p_36609347.jpg,golden_hour,train,0.23765002191066742,0.44527456164360046,0.6952627301216125,0.6389772891998291,0.11578966863453388
/content/dataset/train/golden_hour/u_71QE3YWU-_k.jpg,golden_hour,train,0.5752583146095276,0.5548085570335388,0.468198299407959,0.5986799001693726,0.32380858436226845
/content/dataset/train/golden_hour/p_6740591.jpg,golden_hour,train,0.2517768144607544,0.28794941306114197,0.5424009561538696,0.6007789373397827,0.1789842126891017
/content/dataset/train/golden_hour/p_30669396.jpg,golden_hour,train,0.40695470571517944,0.4960731863975525,0.3934524655342102,0.5679855346679688,0.24368664249777794
/content/dataset/train/golden_hour/u_aHdGbpzu32o.jpg,golden_hour,train,0.1404099017381668,0.17428827285766602,0.5171371698379517,0.5573583245277405,0.04304263857193291
/content/dataset/train/golden_hour/p_17801888.jpg,golden_hour,train,0.32894647121429443,0.44381242990493774,0.9714576601982117,0.7784219980239868,0.06884602829813957
/content/dataset/train/golden_hour/p_17801884.jpg,golden_hour,train,0.35555437207221985,0.6791691184043884,0.8417928814888,0.7467961311340332,0.11217648163437843
/content/dataset/train/golden_hour/u_NGNCMwxp41s.jpg,golden_hour,train,0.4562292695045471,0.45170754194259644,0.6470953226089478,0.7512330412864685,0.07355010835453868
/content/dataset/train/golden_hour/p_28145184.jpg,golden_hour,train,0.33797240257263184,0.5794960260391235,0.37230634689331055,0.5772753357887268,0.41592715308070183
/content/dataset/train/golden_hour/u_G90Zr0zTkiI.jpg,golden_hour,train,0.19377277791500092,0.5727974772453308,0.10009368509054184,0.5352972745895386,0.10261772200465202
/content/dataset/train/golden_hour/u_muKwAMUDtw4.jpg,golden_hour,train,0.4057445824146271,0.4896007776260376,0.4809205234050751,0.4562482237815857,0.10527732782065868
/content/dataset/train/golden_hour/p_31860225.jpg,golden_hour,train,0.4328264892101288,0.5153924822807312,0.970475971698761,0.8417682647705078,0.12709402944892645
/content/dataset/train/golden_hour/u_-5KhbRlNKFQ.jpg,golden_hour,train,0.39608660340309143,0.3204788267612457,0.428794264793396,0.5455710291862488,0.36283538676798344
/content/dataset/train/golden_hour/u_3rjRrFXlOEc.jpg,golden_hour,train,0.4912136495113373,0.46614494919776917,0.24729031324386597,0.546249508857727,0.0492386391852051
/content/dataset/train/golden_hour/p_30669352.jpg,golden_hour,train,0.37161386013031006,0.7260054349899292,0.2767140567302704,0.5293119549751282,0.13716914225369692
/content/dataset/train/golden_hour/p_28773513.jpg,golden_hour,train,0.4651564061641693,0.528961718082428,0.8987929821014404,0.7977380752563477,0.2975547034293413
/content/dataset/train/golden_hour/p_31625644.jpg,golden_hour,train,0.41765299439430237,0.4577302634716034,0.38384127616882324,0.5743153691291809,0.39706701412796974
/content/dataset/train/golden_hour/u_Z5sOf8sTvV0.jpg,golden_hour,train,0.23022274672985077,0.4124789834022522,0.20301057398319244,0.5074803233146667,0.15928893815726042
/content/dataset/train/golden_hour/p_29695538.jpg,golden_hour,train,0.22865568101406097,0.3725167214870453,0.8469566106796265,0.6591345071792603,0.12006068602204323
/content/dataset/train/golden_hour/u_a7UqwdLWOZQ.jpg,golden_hour,train,0.18657638132572174,0.550773024559021,0.5474026203155518,0.5253152251243591,0.17532538156956434
/content/dataset/train/golden_hour/p_30929997.jpg,golden_hour,train,0.24731585383415222,0.6465418338775635,0.5945094227790833,0.5474467277526855,0.12120036408305168
/content/dataset/train/golden_hour/p_34581242.jpg,golden_hour,train,0.44050371646881104,0.43206167221069336,0.7990967035293579,0.7452698945999146,0.25049539748579264
/content/dataset/train/golden_hour/u_UWRxDtAuvJc.jpg,golden_hour,train,0.40567725896835327,0.27521994709968567,0.43916621804237366,0.6180745959281921,0.4234698973596096
/content/dataset/train/golden_hour/p_34494898.jpg,golden_hour,train,0.4960845112800598,0.6301645636558533,0.3666721284389496,0.5724056959152222,0.430408027023077
/content/dataset/train/golden_hour/p_30248512.jpg,golden_hour,train,0.4269815981388092,0.642363965511322,0.6098114848136902,0.6758438348770142,0.1230315095745027
/content/dataset/train/golden_hour/p_30669377.jpg,golden_hour,train,0.40126851201057434,0.5659568905830383,0.18281817436218262,0.5284174680709839,0.1614975929260254
/content/dataset/train/golden_hour/p_7854494.jpg,golden_hour,train,0.2948911786079407,0.43439748883247375,0.9319127798080444,0.7319142818450928,0.21678217686712742
/content/dataset/train/golden_hour/u_SNKNHhUzb6A.jpg,golden_hour,train,0.25178590416908264,0.38708066940307617,0.2894737720489502,0.4536772072315216,0.050919142086058855
/content/dataset/train/golden_hour/p_13833169.jpg,golden_hour,train,0.20008793473243713,0.432620644569397,0.6824963688850403,0.6635714769363403,0.13772270642220974
/content/dataset/train/golden_hour/e3JzXRSpGeg.jpg,golden_hour,train,0.4530569314956665,0.516873836517334,0.2737353444099426,0.5472536087036133,0.26815040968358517
/content/dataset/train/golden_hour/u__ud4gUscr2A.jpg,golden_hour,train,0.3696030080318451,0.5687479972839355,0.6640283465385437,0.35792702436447144,0.16755281016230583
/content/dataset/train/golden_hour/-5zB2pRcmbU.jpg,golden_hour,train,0.2595430612564087,0.29860737919807434,0.3738904297351837,0.5105551481246948,0.1726055145263672
/content/dataset/train/golden_hour/p_9662316.jpg,golden_hour,train,0.28322920203208923,0.49521294236183167,0.948917806148529,0.7101473212242126,0.2480905782431364
/content/dataset/train/golden_hour/p_35663156.jpg,golden_hour,train,0.37052613496780396,0.3916079103946686,0.5472632050514221,0.646249532699585,0.30502209439873695
/content/dataset/train/golden_hour/p_4928228.jpg,golden_hour,train,0.3923321068286896,0.5221903920173645,0.8212189078330994,0.6997534036636353,0.115196886472404
/content/dataset/train/golden_hour/p_27698177.jpg,golden_hour,train,0.2690102159976959,0.3713352084159851,0.8345697522163391,0.6949092149734497,0.19602855667471886
/content/dataset/train/golden_hour/0X2VOO5Zt4w.jpg,golden_hour,train,0.16562455892562866,0.2544877529144287,0.48227450251579285,0.5526664853096008,0.4054498113691807
/content/dataset/train/golden_hour/p_33567760.jpg,golden_hour,train,0.2009628713130951,0.48658260703086853,0.6759884357452393,0.5667592287063599,0.1358706457540393
/content/dataset/train/golden_hour/u_aYK1k63Ot6s.jpg,golden_hour,train,0.5390604138374329,0.2484498918056488,0.40984538197517395,0.5443187952041626,0.23604083806276321
/content/dataset/train/golden_hour/p_10047502.jpg,golden_hour,train,0.5677117705345154,0.7027297616004944,0.4551052153110504,0.6309748291969299,0.08394886273890734
/content/dataset/train/golden_hour/u_Wj2gWPlH5_g.jpg,golden_hour,train,0.2039327770471573,0.5361393690109253,0.6717267036437988,0.5956405997276306,0.1116867596283555
/content/dataset/train/golden_hour/u_SdiCh7a_On8.jpg,golden_hour,train,0.3038310110569,0.37335285544395447,0.7319594621658325,0.666759192943573,0.039950101636350155
/content/dataset/train/golden_hour/u_NCGnNiUSVKo.jpg,golden_hour,train,0.34915342926979065,0.6347668170928955,0.38144224882125854,0.5522968769073486,0.2917359210550785
/content/dataset/train/golden_hour/p_32210525.jpg,golden_hour,train,0.29360106587409973,0.4134015738964081,0.5433169603347778,0.614504873752594,0.22041898220777512
/content/dataset/train/golden_hour/u_gkgN4cziW_g.jpg,golden_hour,train,0.18155115842819214,0.3243264853954315,0.5401066541671753,0.6012299656867981,0.16072239261120558
/content/dataset/train/golden_hour/p_9900764.jpg,golden_hour,train,0.33978384733200073,0.4529036283493042,0.6050028204917908,0.6629504561424255,0.3300401847809553
/content/dataset/train/golden_hour/p_35256272.jpg,golden_hour,train,0.42366737127304077,0.5102934241294861,0.5214812755584717,0.6142527461051941,0.06965466309338808
/content/dataset/train/golden_hour/u_GgpQjvKE9vc.jpg,golden_hour,train,0.5827816724777222,0.5427922010421753,0.6287484765052795,0.7139915823936462,0.1559638138860464
/content/dataset/train/golden_hour/p_10244422.jpg,golden_hour,train,0.5412487387657166,0.7068743109703064,0.3474513590335846,0.5722290277481079,0.17393623013049364
/content/dataset/train/golden_hour/p_33572409.jpg,golden_hour,train,0.48031097650527954,0.458178848028183,0.39321669936180115,0.6071071624755859,0.15423991717398167
/content/dataset/train/golden_hour/u_7fQAiR3bOcQ.jpg,golden_hour,train,0.39323461055755615,0.5028629899024963,0.3569372892379761,0.4831406772136688,0.4014754854142666
/content/dataset/train/golden_hour/u_Y24V-gYQ5SI.jpg,golden_hour,train,0.38259243965148926,0.40921884775161743,0.8730433583259583,0.7583481669425964,0.26510825380682945
/content/dataset/train/golden_hour/p_28762371.jpg,golden_hour,train,0.31669825315475464,0.5689557194709778,0.29547828435897827,0.5592820644378662,0.2804882265627384
/content/dataset/train/golden_hour/u_Dwb6GmL6q14.jpg,golden_hour,train,0.17633208632469177,0.2628321051597595,0.8580772280693054,0.6288900971412659,0.06303293048404157
/content/dataset/train/golden_hour/p_24343224.jpg,golden_hour,train,0.34272539615631104,0.4446457624435425,0.9318779706954956,0.7371233701705933,0.12079867534339428
/content/dataset/train/golden_hour/u_CjFPwR5Cjic.jpg,golden_hour,train,0.24432042241096497,0.4355655312538147,0.501761257648468,0.542713463306427,0.09714578744024038
/content/dataset/train/golden_hour/u_hsSn4zAi5LE.jpg,golden_hour,train,0.5138620734214783,0.4970318675041199,0.3054509162902832,0.5374672412872314,0.21266913041472435
/content/dataset/train/golden_hour/u_0tksZzM7v5k.jpg,golden_hour,train,0.047218047082424164,0.21952997148036957,0.2745092809200287,0.5206363201141357,0.104546332731843
/content/dataset/train/golden_hour/u_E9iS5fXO_2I.jpg,golden_hour,train,0.2942509055137634,0.29491308331489563,0.5160213708877563,0.5718813538551331,0.205419659614563
/content/dataset/train/golden_hour/p_8603000.jpg,golden_hour,train,0.40498098731040955,0.4525442123413086,0.5538116097450256,0.6339779496192932,0.2889385912567377
/content/dataset/train/golden_hour/u_FNIslY6v3QE.jpg,golden_hour,train,0.4515111744403839,0.4701206386089325,0.7056058645248413,0.731917142868042,0.1314980210736394
/content/dataset/train/golden_hour/u_wpG-6ho7_Dw.jpg,golden_hour,train,0.5742272138595581,0.4856756627559662,0.278308629989624,0.44683393836021423,0.09435401298105717
/content/dataset/train/golden_hour/u_Pnih7wuHKkU.jpg,golden_hour,train,0.24240030348300934,0.34344297647476196,0.37020596861839294,0.5548818111419678,0.15145858749747276
/content/dataset/train/golden_hour/p_16668317.jpg,golden_hour,train,0.4420316517353058,0.5560876131057739,0.46914923191070557,0.5772919058799744,0.16185323242098093
/content/dataset/train/golden_hour/p_33882659.jpg,golden_hour,train,0.25740209221839905,0.3320338726043701,0.613709568977356,0.5794820785522461,0.21240216679871082
/content/dataset/train/golden_hour/u_VqYFqf9FZho.jpg,golden_hour,train,0.3186895251274109,0.4482513666152954,0.48722851276397705,0.6392874121665955,0.16367062460631132
/content/dataset/train/golden_hour/p_19984728.jpg,golden_hour,train,0.23312872648239136,0.4671071767807007,0.5778199434280396,0.7110328078269958,0.09619237156584859
/content/dataset/train/golden_hour/p_30669393.jpg,golden_hour,train,0.4958871006965637,0.3214760720729828,0.26309874653816223,0.5671144127845764,0.1650862768292427
/content/dataset/train/golden_hour/p_33541922.jpg,golden_hour,train,0.7637000679969788,0.2562353014945984,0.5756490230560303,0.7598367929458618,0.19724688958376646
/content/dataset/train/golden_hour/u_0Boo_Adz-S4.jpg,golden_hour,train,0.2935137450695038,0.429547518491745,0.6739459037780762,0.5462894439697266,0.43212447315454483
/content/dataset/train/golden_hour/u_pqrJ5PnM0vg.jpg,golden_hour,train,0.10105544328689575,0.23088233172893524,0.46755310893058777,0.5089936852455139,0.12283926829695702
/content/dataset/train/golden_hour/p_13156786.jpg,golden_hour,train,0.45465341210365295,0.6100229620933533,0.7120908498764038,0.6933042407035828,0.25464894250035286
/content/dataset/train/golden_hour/u_7SC_xdfb2NQ.jpg,golden_hour,train,0.44183632731437683,0.426946222782135,0.36064696311950684,0.4933958053588867,0.20144198089838028
/content/dataset/train/golden_hour/p_4122230.jpg,golden_hour,train,0.4204237759113312,0.4880763292312622,0.9421483278274536,0.8364651203155518,0.1919109094887972
/content/dataset/train/golden_hour/p_26570317.jpg,golden_hour,train,0.1365060657262802,0.30303820967674255,0.44811251759529114,0.577203631401062,0.0588435772806406
/content/dataset/train/golden_hour/p_28445377.jpg,golden_hour,train,0.5387230515480042,0.7255584001541138,0.45097631216049194,0.5984197854995728,0.1665824092924595
/content/dataset/train/golden_hour/p_33861005.jpg,golden_hour,train,0.17931722104549408,0.2630481719970703,0.5205547213554382,0.5914430022239685,0.044359000166878104
/content/dataset/train/golden_hour/p_13334075.jpg,golden_hour,train,0.30619141459465027,0.4956604838371277,0.8488654494285583,0.7136648893356323,0.2397238090634346
/content/dataset/train/golden_hour/p_17324533.jpg,golden_hour,train,0.4638647735118866,0.6228508353233337,0.5713485479354858,0.7204359769821167,0.1270511792972684
/content/dataset/train/golden_hour/u_hju4H_LBWSs.jpg,golden_hour,train,0.34721314907073975,0.5112853050231934,0.44863253831863403,0.5648661851882935,0.11419126763939857
/content/dataset/train/golden_hour/u_LpBCHm1ombA.jpg,golden_hour,train,0.7316915392875671,0.49041128158569336,0.29802975058555603,0.5869513750076294,0.2476984541863203
/content/dataset/train/golden_hour/p_9861838.jpg,golden_hour,train,0.42582711577415466,0.3938545882701874,0.9719356894493103,0.8468645811080933,0.03713178273756057
/content/dataset/train/golden_hour/_sHSbhnsfl0.jpg,golden_hour,train,0.24727416038513184,0.3770022392272949,0.4456236660480499,0.5839757323265076,0.24329931940883398
/content/dataset/train/golden_hour/khQoPXCgwUk.jpg,golden_hour,train,0.5275900959968567,0.5643476247787476,0.28180819749832153,0.5191458463668823,0.26032183319330215
/content/dataset/train/golden_hour/p_31102311.jpg,golden_hour,train,0.6961042284965515,0.5670046210289001,0.2265169769525528,0.534636378288269,0.315184248611331
/content/dataset/train/golden_hour/u_JHz3BXF70Ig.jpg,golden_hour,train,0.5210443139076233,0.5477807521820068,0.38956984877586365,0.567050576210022,0.38764091208577156
/content/dataset/train/golden_hour/u_Uzms0ziBhQI.jpg,golden_hour,train,0.24413077533245087,0.4013340473175049,0.7764894962310791,0.6942925453186035,0.170812732540071
/content/dataset/train/golden_hour/p_2585618.jpg,golden_hour,train,0.21120968461036682,0.26103806495666504,0.27105623483657837,0.49004894495010376,0.08169210748746991
/content/dataset/train/golden_hour/3Xw6-T2EQeE.jpg,golden_hour,train,0.22973106801509857,0.4234982132911682,0.5040408372879028,0.5502837300300598,0.13980237301439047
/content/dataset/train/golden_hour/p_461960.jpg,golden_hour,train,0.4145347774028778,0.5204183459281921,0.6649640798568726,0.678250789642334,0.5043453723192215
/content/dataset/train/golden_hour/p_13549245.jpg,golden_hour,train,0.492174357175827,0.6272445917129517,0.42433613538742065,0.6024656295776367,0.23101423867046833
/content/dataset/train/golden_hour/p_31060740.jpg,golden_hour,train,0.4377356171607971,0.6119411587715149,0.46808090806007385,0.6122115254402161,0.3702211193740368
/content/dataset/train/golden_hour/p_27940038.jpg,golden_hour,train,0.3478693962097168,0.32011765241622925,0.36489319801330566,0.5574747323989868,0.038070176960900426
/content/dataset/train/golden_hour/p_33906453.jpg,golden_hour,train,0.41538840532302856,0.32998940348625183,0.3826810121536255,0.5851942896842957,0.3685145080089569
/content/dataset/train/golden_hour/p_32215455.jpg,golden_hour,train,0.5265137553215027,0.6914509534835815,0.39684635400772095,0.5778701901435852,0.839003399014473
/content/dataset/train/golden_hour/p_30669398.jpg,golden_hour,train,0.4412990212440491,0.47733592987060547,0.42394599318504333,0.5851337313652039,0.2967397402971983
/content/dataset/train/golden_hour/u_hflJS6qoNTA.jpg,golden_hour,train,0.3540758490562439,0.3782574534416199,0.35995611548423767,0.541560709476471,0.37381527945399284
/content/dataset/train/golden_hour/p_15577291.jpg,golden_hour,train,0.34687891602516174,0.3695853352546692,0.5187890529632568,0.554367184638977,0.2604973502457142
/content/dataset/train/golden_hour/u__DIFUB_qzp8.jpg,golden_hour,train,0.5116481781005859,0.40161100029945374,0.20038428902626038,0.5080310702323914,0.23387987166643143
/content/dataset/train/golden_hour/p_35242802.jpg,golden_hour,train,0.31619134545326233,0.3344759941101074,0.6446101665496826,0.6986470818519592,0.08899596054106951
/content/dataset/train/golden_hour/p_5015341.jpg,golden_hour,train,0.29560521245002747,0.6835575699806213,0.6737863421440125,0.6046454906463623,0.21758663468062878
/content/dataset/train/golden_hour/u_E5IBtZsa9ZQ.jpg,golden_hour,train,0.26621946692466736,0.504260241985321,0.0,0.5,0.16144126653671265
/content/dataset/train/golden_hour/p_13033996.jpg,golden_hour,train,0.517868161201477,0.6064724922180176,0.4116760492324829,0.5827021598815918,0.35670122131705284
/content/dataset/train/golden_hour/UThTLChQkGc.jpg,golden_hour,train,0.1828869730234146,0.4430321455001831,0.37569189071655273,0.5831035375595093,0.09226810187101364
/content/dataset/train/golden_hour/p_17527038.jpg,golden_hour,train,0.25541943311691284,0.5693985819816589,0.23791682720184326,0.5511768460273743,0.09076691465452313
/content/dataset/train/golden_hour/p_31019868.jpg,golden_hour,train,0.44917401671409607,0.5094786882400513,0.6471742391586304,0.6832408308982849,0.1402477826923132
/content/dataset/train/golden_hour/p_9861421.jpg,golden_hour,train,0.3243599832057953,0.16701799631118774,0.6032614707946777,0.6662365198135376,0.028742094291374087
/content/dataset/train/golden_hour/p_18099049.jpg,golden_hour,train,0.43242552876472473,0.6235405206680298,0.5122196674346924,0.6418477296829224,0.04467716324143112
/content/dataset/train/golden_hour/u_27PFUEbUe2M.jpg,golden_hour,train,0.16914774477481842,0.37854576110839844,0.1899220049381256,0.5189734697341919,0.07842428516596556
/content/dataset/train/golden_hour/p_30065432.jpg,golden_hour,train,0.3710763156414032,0.2543470859527588,0.44711166620254517,0.6129649877548218,0.09414172964170575
/content/dataset/train/golden_hour/p_35691420.jpg,golden_hour,train,0.3214159905910492,0.2717842161655426,0.8384160995483398,0.7517220973968506,0.027456991374492645
/content/dataset/train/golden_hour/p_33894472.jpg,golden_hour,train,0.41758400201797485,0.3842005133628845,0.6894579529762268,0.7009044289588928,0.24171635508537292
/content/dataset/train/golden_hour/p_29825595.jpg,golden_hour,train,0.5450925827026367,0.6325530409812927,0.3714117705821991,0.586945652961731,0.35444104112684727
/content/dataset/train/golden_hour/p_27999498.jpg,golden_hour,train,0.02597273886203766,0.12168069183826447,0.7574758529663086,0.5202730894088745,0.042606075294315815
/content/dataset/train/golden_hour/u_hR-h8LNaCug.jpg,golden_hour,train,0.5379008650779724,0.4940938651561737,0.3695671558380127,0.5285611748695374,0.1820855773985386
/content/dataset/train/golden_hour/u_DqatzAkDI2k.jpg,golden_hour,train,0.050992127507925034,0.24108867347240448,0.12167473882436752,0.5125823616981506,0.03327164798974991
/content/dataset/train/golden_hour/p_13328434.jpg,golden_hour,train,0.24464230239391327,0.5228174328804016,0.6936246752738953,0.6018491983413696,0.23241085931658745
/content/dataset/train/golden_hour/p_13235392.jpg,golden_hour,train,0.3213198781013489,0.37961167097091675,0.9304113388061523,0.7423937320709229,0.3947857581079006
/content/dataset/train/golden_hour/p_533831.jpg,golden_hour,train,0.33198967576026917,0.5016482472419739,0.47996020317077637,0.6059023141860962,0.10177725926041603
/content/dataset/train/golden_hour/u_48ZOJNkJ_NM.jpg,golden_hour,train,0.2931136190891266,0.503786563873291,0.8150933980941772,0.6618360877037048,0.11012626811861992
/content/dataset/train/golden_hour/p_6429342.jpg,golden_hour,train,0.28983011841773987,0.5601097941398621,0.22765374183654785,0.4982219338417053,0.11330148205161095
/content/dataset/train/golden_hour/p_11631541.jpg,golden_hour,train,0.4165138602256775,0.5899714231491089,0.6762470602989197,0.6588426232337952,0.15237722545862198
/content/dataset/train/golden_hour/p_4844098.jpg,golden_hour,train,0.17084920406341553,0.2658698260784149,0.7118211984634399,0.6381603479385376,0.04812768311239779
/content/dataset/train/golden_hour/p_28492870.jpg,golden_hour,train,0.31442368030548096,0.5102643966674805,0.5036827325820923,0.6508418321609497,0.04953821771778166
/content/dataset/train/golden_hour/p_15985735.jpg,golden_hour,train,0.30649715662002563,0.5222886800765991,0.344939649105072,0.5032105445861816,0.3686003852635622
/content/dataset/train/golden_hour/p_30669343.jpg,golden_hour,train,0.41060036420822144,0.3318946063518524,0.3416900932788849,0.5759965777397156,0.21282690577208996
/content/dataset/train/golden_hour/p_35962844.jpg,golden_hour,train,0.49961915612220764,0.27406489849090576,0.631357729434967,0.7057813405990601,0.3317049890756607
/content/dataset/train/golden_hour/N5n9FDQkmGQ.jpg,golden_hour,train,0.5693950653076172,0.38313570618629456,0.29107776284217834,0.5900752544403076,0.10530945612117648
/content/dataset/train/golden_hour/u_o1YjAzm8e1s.jpg,golden_hour,train,0.1470605432987213,0.370417982339859,0.3585340678691864,0.5324561595916748,0.06500390823930502
/content/dataset/train/golden_hour/p_1131293.jpg,golden_hour,train,0.3730325400829315,0.5032464861869812,0.3028264045715332,0.5619779825210571,0.07085474207997322
/content/dataset/train/golden_hour/u__ywEZ-Iy0P4.jpg,golden_hour,train,0.26785025000572205,0.3300882875919342,0.7929618954658508,0.6693210005760193,0.653330534696579
/content/dataset/train/golden_hour/u_SUPMeO_HP2I.jpg,golden_hour,train,0.4342193603515625,0.6973961591720581,0.6081443428993225,0.6153262853622437,0.11474174447357655
/content/dataset/train/golden_hour/p_15720214.jpg,golden_hour,train,0.1785249263048172,0.3235691785812378,0.6224673390388489,0.5920117497444153,0.04972572554834187
/content/dataset/train/golden_hour/LVjXP_mqPM8.jpg,golden_hour,train,0.2431420534849167,0.34020349383354187,0.649040162563324,0.632920503616333,0.07798119215294719
/content/dataset/train/golden_hour/p_10675233.jpg,golden_hour,train,0.3264162242412567,0.5977202653884888,0.6392807960510254,0.6277267932891846,0.09728981647640467
/content/dataset/train/golden_hour/ok9Q_A46St4.jpg,golden_hour,train,0.18144315481185913,0.2888637185096741,0.9878656268119812,0.7074224948883057,0.04036426427774131
/content/dataset/train/golden_hour/p_28480981.jpg,golden_hour,train,0.1628912091255188,0.2847520411014557,0.5124256610870361,0.5775091648101807,0.10020353365689516
/content/dataset/train/golden_hour/u_PijgyZDudIs.jpg,golden_hour,train,0.21769575774669647,0.4240691363811493,0.0,0.5,0.13346814084798098
/content/dataset/train/golden_hour/p_9620290.jpg,golden_hour,train,0.18727217614650726,0.24146704375743866,0.6777403950691223,0.6291298270225525,0.10454233270138502
/content/dataset/train/golden_hour/u_d3w8Sywj1TI.jpg,golden_hour,train,0.4268556237220764,0.3879927098751068,0.2492154985666275,0.4671671390533447,0.19079783465713263
/content/dataset/train/golden_hour/u_e3JzXRSpGeg.jpg,golden_hour,train,0.4530562162399292,0.516872227191925,0.2737390697002411,0.5472538471221924,0.26814334094524384
/content/dataset/train/golden_hour/p_8365544.jpg,golden_hour,train,0.1992369145154953,0.49774661660194397,0.6860723495483398,0.5746804475784302,0.5473086982965469
/content/dataset/train/golden_hour/u_q5BXxACYYak.jpg,golden_hour,train,0.3798058032989502,0.494181752204895,0.3556728661060333,0.5589003562927246,0.24896985851228237
/content/dataset/train/golden_hour/p_33665701.jpg,golden_hour,train,0.6591203808784485,0.4585146903991699,0.16495271027088165,0.5331138968467712,0.08356524165719748
/content/dataset/train/golden_hour/p_33961582.jpg,golden_hour,train,0.20904600620269775,0.4294159710407257,0.8188075423240662,0.6912192702293396,0.1592859672382474
/content/dataset/train/golden_hour/p_15795227.jpg,golden_hour,train,0.3276592195034027,0.5511519312858582,0.703021764755249,0.6625664234161377,0.14092007419094443
/content/dataset/train/golden_hour/p_33360107.jpg,golden_hour,train,0.35443854331970215,0.5354980230331421,0.626161515712738,0.6447444558143616,0.3410388343036175
/content/dataset/train/golden_hour/p_4161917.jpg,golden_hour,train,0.30627748370170593,0.4415799677371979,0.40815290808677673,0.4976046681404114,0.09758338797837496
/content/dataset/train/golden_hour/p_34791770.jpg,golden_hour,train,0.43354660272598267,0.4459000825881958,0.49496880173683167,0.6365209221839905,0.10060523170977831
/content/dataset/train/golden_hour/u_jby6LureFIY.jpg,golden_hour,train,0.508928656578064,0.7485275268554688,0.4811974763870239,0.5942627191543579,0.1382529828697443
/content/dataset/train/golden_hour/p_27684866.jpg,golden_hour,train,0.4842969477176666,0.5794416069984436,0.542167603969574,0.651128888130188,0.20179000683128834
/content/dataset/train/golden_hour/u_lQM-qo2ho50.jpg,golden_hour,train,0.22612789273262024,0.38204535841941833,0.8267102837562561,0.7036501169204712,0.055243996903300285
/content/dataset/train/golden_hour/p_34010462.jpg,golden_hour,train,0.49626922607421875,0.6225602030754089,0.26324936747550964,0.5933931469917297,0.05250975023955107
/content/dataset/train/golden_hour/cyW8nOO-mDc.jpg,golden_hour,train,0.20006248354911804,0.31856560707092285,0.6285989284515381,0.5861379504203796,0.4256420210003853
/content/dataset/train/golden_hour/u_qs66qZsTCUo.jpg,golden_hour,train,0.43766915798187256,0.397320419549942,0.49323853850364685,0.624727189540863,0.25547053199261427
/content/dataset/train/golden_hour/p_12987105.jpg,golden_hour,train,0.3442598879337311,0.6106118559837341,0.6610994338989258,0.697539210319519,0.09765456896275282
/content/dataset/train/golden_hour/u_iI16WvuTzNk.jpg,golden_hour,train,0.4310074746608734,0.3645397126674652,0.8128145933151245,0.7971938848495483,0.22133366204798222
/content/dataset/train/golden_hour/u_Ce3A0mDWLpA.jpg,golden_hour,train,0.5184934735298157,0.4860430955886841,0.4446398615837097,0.3414779603481293,0.16753797885030508
/content/dataset/train/golden_hour/p_34730433.jpg,golden_hour,train,0.31248247623443604,0.45041507482528687,0.8694790601730347,0.7042626142501831,0.29510194435715675
/content/dataset/train/golden_hour/p_8368944.jpg,golden_hour,train,0.2632634937763214,0.4606449007987976,0.5956382155418396,0.6659803986549377,0.08698343997821212
/content/dataset/train/golden_hour/u_zgCQG1Js4Nc.jpg,golden_hour,train,0.4587494134902954,0.5322681069374084,0.49869367480278015,0.6763331890106201,0.10459438432008028
/content/dataset/train/golden_hour/p_7932571.jpg,golden_hour,train,0.1749197095632553,0.2648885250091553,0.2215510457754135,0.5042802095413208,0.03687573713250458
/content/dataset/train/golden_hour/p_15961294.jpg,golden_hour,train,0.18330320715904236,0.3664737939834595,0.8227887153625488,0.6613644361495972,0.09443571791052818
/content/dataset/train/golden_hour/u_MF5fnxmUXT4.jpg,golden_hour,train,0.40826302766799927,0.46231311559677124,0.0,0.5,0.5339561775326729
/content/dataset/train/golden_hour/p_15129718.jpg,golden_hour,train,0.45310020446777344,0.32908517122268677,0.42875367403030396,0.6198519468307495,0.39731472730636597
/content/dataset/train/golden_hour/u_YYhZwDLsOMA.jpg,golden_hour,train,0.3772180378437042,0.3940649628639221,0.2911650538444519,0.5687718987464905,0.3677153028547764
/content/dataset/train/golden_hour/p_23729955.jpg,golden_hour,train,0.33063045144081116,0.5339462757110596,0.6250487565994263,0.6321625113487244,0.11857399716973305
/content/dataset/train/golden_hour/p_6915596.jpg,golden_hour,train,0.285160094499588,0.3702550232410431,0.6388151049613953,0.4261782467365265,0.11834827717393637
/content/dataset/train/golden_hour/u_Mwkc7wxYRdM.jpg,golden_hour,train,0.391429603099823,0.503239095211029,0.5454692244529724,0.4420069456100464,0.08971938164904714
/content/dataset/train/golden_hour/u_6c-v1HIZcBM.jpg,golden_hour,train,0.16738280653953552,0.21481305360794067,0.2726648151874542,0.525256872177124,0.1063214149326086
/content/dataset/train/golden_hour/p_30877998.jpg,golden_hour,train,0.23610858619213104,0.3856903910636902,0.6179515719413757,0.7079225182533264,0.04257704014889896
/content/dataset/train/golden_hour/u_OnvA282xpO8.jpg,golden_hour,train,0.2920032739639282,0.387634813785553,0.38495180010795593,0.4934476912021637,0.22212964482605457
/content/dataset/train/golden_hour/p_32023771.jpg,golden_hour,train,0.292247474193573,0.4905400574207306,0.46009600162506104,0.49721473455429077,0.1836158288642764
/content/dataset/train/golden_hour/p_17498763.jpg,golden_hour,train,0.21668553352355957,0.2725542485713959,0.8633437752723694,0.645827054977417,0.3245045058429241
/content/dataset/train/golden_hour/u_5YwyhDgBiJg.jpg,golden_hour,train,0.511031985282898,0.352424681186676,0.7441622614860535,0.6700804233551025,0.14537376817315817
/content/dataset/train/golden_hour/u_vTZfjwKZlZQ.jpg,golden_hour,train,0.5112398862838745,0.63820481300354,0.6500130295753479,0.6641673445701599,0.36696115508675575
/content/dataset/train/golden_hour/u_86605hQj-I0.jpg,golden_hour,train,0.16130757331848145,0.2794848382472992,0.5465726852416992,0.5437960028648376,0.2922536712139845
/content/dataset/train/golden_hour/p_31706715.jpg,golden_hour,train,0.42679470777511597,0.6224561333656311,0.655879020690918,0.6970868110656738,0.3518070187419653
/content/dataset/train/golden_hour/p_17662631.jpg,golden_hour,train,0.16261786222457886,0.37018635869026184,0.9436955451965332,0.635134756565094,0.09687312413007021
/content/dataset/train/golden_hour/p_6478924.jpg,golden_hour,train,0.3466315269470215,0.6664257645606995,0.6397477984428406,0.6054736375808716,0.07043705089017749
/content/dataset/train/golden_hour/u_lIywk7Qgq1Y.jpg,golden_hour,train,0.4483175575733185,0.6807132959365845,0.046594832092523575,0.5006356239318848,0.23030195385217667
/content/dataset/train/golden_hour/p_1008186.jpg,golden_hour,train,0.4862660765647888,0.3325127363204956,0.6425744891166687,0.7129464149475098,0.10424843523651361
/content/dataset/train/golden_hour/u_sXP3L6dxTGE.jpg,golden_hour,train,0.6221987009048462,0.7529327273368835,0.0,0.5,0.13613736722618341
/content/dataset/train/golden_hour/p_29649601.jpg,golden_hour,train,0.42806464433670044,0.6374298334121704,0.504338264465332,0.6116436719894409,0.6382929533720016
/content/dataset/train/golden_hour/u_MfRNSuqxr3U.jpg,golden_hour,train,0.49343642592430115,0.5594873428344727,0.4298951327800751,0.567131519317627,0.2221385482698679
/content/dataset/train/golden_hour/RwnALkEsNJU.jpg,golden_hour,train,0.33999103307724,0.3314710259437561,0.8317947387695312,0.7422363758087158,0.15008982736617327
/content/dataset/train/golden_hour/p_14007197.jpg,golden_hour,train,0.2955339252948761,0.44552668929100037,0.7002700567245483,0.6359609365463257,0.15477755572646856
/content/dataset/train/golden_hour/u_BxONsJQ59M4.jpg,golden_hour,train,0.20507881045341492,0.14837785065174103,0.6229208111763,0.5727211833000183,0.08473159745335579
/content/dataset/train/golden_hour/p_8584631.jpg,golden_hour,train,0.2676335573196411,0.5705783367156982,0.4935216009616852,0.5879830718040466,0.2685385849326849
/content/dataset/train/golden_hour/u_PYbCDgv0nro.jpg,golden_hour,train,0.39176851511001587,0.3591727316379547,0.8115943074226379,0.7562423348426819,0.03393041668459773
/content/dataset/train/golden_hour/u_T5cQzmwkVvQ.jpg,golden_hour,train,0.392474502325058,0.43567949533462524,0.4973360300064087,0.47797515988349915,0.19901404157280922
/content/dataset/train/golden_hour/p_14104920.jpg,golden_hour,train,0.5847694873809814,0.5362613201141357,0.5369933247566223,0.6838247179985046,0.11981955263763666
/content/dataset/train/golden_hour/p_18319865.jpg,golden_hour,train,0.46263083815574646,0.6117163896560669,0.6895676255226135,0.7032332420349121,0.11642909608781338
/content/dataset/train/golden_hour/u_2y_I2-mtE2E.jpg,golden_hour,train,0.31965816020965576,0.5566903352737427,0.4456944465637207,0.5768612027168274,0.23943970911204815
/content/dataset/train/golden_hour/p_33627047.jpg,golden_hour,train,0.20950298011302948,0.32601645588874817,0.47353631258010864,0.5813067555427551,0.24081590585410595
/content/dataset/train/golden_hour/u_pSJNU3_bXyk.jpg,golden_hour,train,0.4042072296142578,0.41410842537879944,0.6210977435112,0.34494391083717346,0.15231232158839703
/content/dataset/train/golden_hour/p_791047.jpg,golden_hour,train,0.5034728646278381,0.49855107069015503,0.4651307165622711,0.6656115055084229,0.1053787674754858
/content/dataset/train/golden_hour/p_12799657.jpg,golden_hour,train,0.5656971335411072,0.6785380840301514,0.5266948342323303,0.6726273894309998,0.2605313900858164
/content/dataset/train/golden_hour/u_ZpiH_8Ya4nw.jpg,golden_hour,train,0.23037123680114746,0.4759504497051239,0.6011927723884583,0.6675088405609131,0.03942541778087616
/content/dataset/train/golden_hour/u_35BPQMEXIts.jpg,golden_hour,train,0.24263004958629608,0.38814792037010193,0.7070261836051941,0.6025780439376831,0.12406653724610806
/content/dataset/train/golden_hour/p_8468396.jpg,golden_hour,train,0.43757709860801697,0.5680638551712036,0.550260066986084,0.626209020614624,0.11198173742741346
/content/dataset/train/golden_hour/u___G7bH_VE7s.jpg,golden_hour,train,0.4068555533885956,0.5941295623779297,0.0,0.5,0.894508920609951
/content/dataset/train/golden_hour/p_10338918.jpg,golden_hour,train,0.39176949858665466,0.5735514760017395,0.7613766193389893,0.6891248226165771,0.20662094466388226
/content/dataset/train/golden_hour/p_16831998.jpg,golden_hour,train,0.24410679936408997,0.392690509557724,0.9294636249542236,0.712296187877655,0.14226008672267199
/content/dataset/train/golden_hour/p_15501831.jpg,golden_hour,train,0.41403308510780334,0.31558334827423096,0.758817732334137,0.7105534672737122,0.6246746703982353
/content/dataset/train/golden_hour/p_10047506.jpg,golden_hour,train,0.4151402413845062,0.7475028038024902,0.766552209854126,0.6589362025260925,0.09595028590410948
/content/dataset/train/golden_hour/u_kzSD3xh9tNA.jpg,golden_hour,train,0.5402706861495972,0.410255491733551,0.30050820112228394,0.46594712138175964,0.2196798101067543
/content/dataset/train/golden_hour/p_28638693.jpg,golden_hour,train,0.36074167490005493,0.42366164922714233,0.5911924839019775,0.6335830688476562,0.22655767388641834
/content/dataset/train/golden_hour/u_Dia5cyk6XhU.jpg,golden_hour,train,0.40823647379875183,0.2982316017150879,0.5797942280769348,0.679018497467041,0.1620974950492382
/content/dataset/train/golden_hour/u_vIqJYKs5LG8.jpg,golden_hour,train,0.39966848492622375,0.3648202419281006,0.6293311715126038,0.6463161706924438,0.8789597824215889
/content/dataset/train/golden_hour/p_14701204.jpg,golden_hour,train,0.523905873298645,0.3815228343009949,0.7700395584106445,0.7879603505134583,0.24316107388585806
/content/dataset/train/golden_hour/p_9675769.jpg,golden_hour,train,0.3003169596195221,0.6045156121253967,0.8712794184684753,0.6963376402854919,0.5070845410227776
/content/dataset/train/golden_hour/p_26934136.jpg,golden_hour,train,0.23820267617702484,0.36180925369262695,0.8948431015014648,0.7113909125328064,0.05003499332815409
/content/dataset/train/golden_hour/p_16920835.jpg,golden_hour,train,0.4262807369232178,0.4193606972694397,0.7551652789115906,0.7319481372833252,0.2720678923651576
/content/dataset/train/golden_hour/p_6109588.jpg,golden_hour,train,0.19762593507766724,0.3375254273414612,0.7921047806739807,0.6104194521903992,0.036536784609779716
/content/dataset/train/golden_hour/u_rSD-f-Wq5x0.jpg,golden_hour,train,0.18470117449760437,0.1705617904663086,0.159219890832901,0.5304630398750305,0.068742495495826
/content/dataset/train/golden_hour/p_33894463.jpg,golden_hour,train,0.3683088719844818,0.4438524842262268,0.45966798067092896,0.5373427271842957,0.37147505208849907
/content/dataset/train/golden_hour/p_33577670.jpg,golden_hour,train,0.565263569355011,0.4942941665649414,0.35273200273513794,0.609599232673645,0.08646423928439617
/content/dataset/train/golden_hour/u_DkCloGro2fQ.jpg,golden_hour,train,0.5046852231025696,0.3473556935787201,0.6897892355918884,0.7356736660003662,0.1618224522098899
/content/dataset/train/golden_hour/hVbF7eSJ0cU.jpg,golden_hour,train,0.4582545757293701,0.4483925998210907,0.675183892250061,0.6891277432441711,0.16675010789185762
/content/dataset/train/golden_hour/p_34924260.jpg,golden_hour,train,0.18081273138523102,0.3177066445350647,0.40622439980506897,0.5781131982803345,0.12626475654542446
/content/dataset/train/golden_hour/p_30745280.jpg,golden_hour,train,0.4236249029636383,0.8188931941986084,0.4606529474258423,0.5577751994132996,0.13374062720686197
/content/dataset/train/golden_hour/p_32025809.jpg,golden_hour,train,0.3529593050479889,0.4654462933540344,0.5724260807037354,0.565902829170227,0.1464282162487507
/content/dataset/train/golden_hour/p_19686548.jpg,golden_hour,train,0.3281705379486084,0.4126437306404114,0.8457832336425781,0.7380928993225098,0.12305883225053549
/content/dataset/train/golden_hour/p_13042947.jpg,golden_hour,train,0.6724385023117065,0.667434573173523,0.16948865354061127,0.5129220485687256,0.07941764080896974
/content/dataset/train/golden_hour/p_32224247.jpg,golden_hour,train,0.4584369361400604,0.5869742631912231,0.5857067704200745,0.6180084347724915,0.18097473308444023
/content/dataset/train/golden_hour/p_29288989.jpg,golden_hour,train,0.2921046018600464,0.46057116985321045,0.43635839223861694,0.6211038827896118,0.06666000699624419
/content/dataset/train/golden_hour/u_gAoO8_t2ebE.jpg,golden_hour,train,0.24786126613616943,0.32828065752983093,0.8031244874000549,0.6537268757820129,0.13846880290657282
/content/dataset/train/golden_hour/p_34789439.jpg,golden_hour,train,0.34658995270729065,0.4890935719013214,0.37324777245521545,0.58180171251297,0.31858762726187706
/content/dataset/train/golden_hour/p_13537786.jpg,golden_hour,train,0.299012154340744,0.6688551306724548,0.2846352159976959,0.5848821401596069,0.1334306225180626
/content/dataset/train/golden_hour/u_zMi8wAeY6sw.jpg,golden_hour,train,0.24627459049224854,0.402044415473938,0.7130789756774902,0.5525845289230347,0.052843178855255246
/content/dataset/train/golden_hour/u_wHhuWXGiHy8.jpg,golden_hour,train,0.4690265953540802,0.33062824606895447,0.6134474277496338,0.7169334292411804,0.032008116832003
/content/dataset/train/golden_hour/u_J4Zc8Io94jQ.jpg,golden_hour,train,0.25130435824394226,0.2552776634693146,0.40968388319015503,0.5355278849601746,0.47650692984461784
/content/dataset/train/golden_hour/u_w9ATk4awmBA.jpg,golden_hour,train,0.521272599697113,0.46296051144599915,0.5227702856063843,0.6901595592498779,0.36613887175917625
/content/dataset/train/golden_hour/5vL766F67zk.jpg,golden_hour,train,0.426355242729187,0.5535531044006348,0.4145403802394867,0.6238505840301514,0.051030892645940185
/content/dataset/train/golden_hour/p_4729738.jpg,golden_hour,train,0.49089378118515015,0.6233925223350525,0.47828182578086853,0.6058530211448669,0.16593214124441147
/content/dataset/train/golden_hour/p_30117418.jpg,golden_hour,train,0.2572137415409088,0.36202412843704224,0.30020448565483093,0.5447995066642761,0.03382211201824248
/content/dataset/train/golden_hour/u_ceYkKAxXvM4.jpg,golden_hour,train,0.42976048588752747,0.4970874488353729,0.47250184416770935,0.6160866022109985,0.3184707649052143
/content/dataset/train/golden_hour/p_29056550.jpg,golden_hour,train,0.27985289692878723,0.5272164940834045,0.6964600086212158,0.636748731136322,0.1254822383634746
/content/dataset/train/golden_hour/p_32904933.jpg,golden_hour,train,0.3097120523452759,0.5080125331878662,0.6491320133209229,0.6169319152832031,0.25268235243856907
/content/dataset/train/golden_hour/p_33786724.jpg,golden_hour,train,0.4744061827659607,0.7397619485855103,0.4546910524368286,0.5683925747871399,0.22177295293658972
/content/dataset/train/golden_hour/p_8990411.jpg,golden_hour,train,0.40800413489341736,0.5690640807151794,0.43756040930747986,0.5383211374282837,0.28958761133253574
/content/dataset/train/golden_hour/p_12751723.jpg,golden_hour,train,0.25466451048851013,0.2836828827857971,0.45111212134361267,0.5599393844604492,0.12007842771708965
/content/dataset/train/golden_hour/p_25706383.jpg,golden_hour,train,0.3931295871734619,0.7822259068489075,0.6839943528175354,0.5905081033706665,0.16814570873975754
/content/dataset/train/golden_hour/u_PbUSIiWoYlk.jpg,golden_hour,train,0.33795827627182007,0.34065622091293335,0.6319124698638916,0.6652286052703857,0.293972990475595
/content/dataset/train/golden_hour/u_ezrpzO1QNb8.jpg,golden_hour,train,0.15052399039268494,0.3608456552028656,0.6714765429496765,0.5450944304466248,0.06548056611791253
/content/dataset/train/golden_hour/u_YVjjY7g2XgI.jpg,golden_hour,train,0.37112894654273987,0.45761334896087646,0.3584664463996887,0.5369982123374939,0.24539452977478504
/content/dataset/train/golden_hour/u_s_JTlAvbbBU.jpg,golden_hour,train,0.29925450682640076,0.3528110384941101,0.3198736608028412,0.544400155544281,0.17362798564136028
/content/dataset/train/golden_hour/u_vixgG_H3CaA.jpg,golden_hour,train,0.4726525843143463,0.4342672824859619,0.3664065897464752,0.5410506129264832,0.29222031123936176
/content/dataset/train/golden_hour/p_4780701.jpg,golden_hour,train,0.45727306604385376,0.6076779365539551,0.3164713978767395,0.593438982963562,0.19866778515279293
/content/dataset/train/golden_hour/p_32342810.jpg,golden_hour,train,0.2696804106235504,0.4282597005367279,0.7785536050796509,0.6778171062469482,0.3565751388669014
/content/dataset/train/golden_hour/p_28787809.jpg,golden_hour,train,0.5565052032470703,0.6123678684234619,0.46540504693984985,0.6274704933166504,0.15719167422503233
/content/dataset/train/golden_hour/p_7459216.jpg,golden_hour,train,0.517702579498291,0.5837801098823547,0.7373088002204895,0.8031156063079834,0.04764578305184841
/content/dataset/train/golden_hour/u_yhq24Z4us5A.jpg,golden_hour,train,0.25944116711616516,0.27831700444221497,0.7269077897071838,0.671854555606842,0.07995772059075534
/content/dataset/train/golden_hour/u_J8LXAymVqHI.jpg,golden_hour,train,0.29009532928466797,0.5015761852264404,0.5750665664672852,0.5721559524536133,0.19207661971449852
/content/dataset/train/golden_hour/p_20705111.jpg,golden_hour,train,0.44692039489746094,0.5246401429176331,0.5478572249412537,0.6521185636520386,0.23299267515540123
/content/dataset/train/golden_hour/u_Xh5iXTCSMZA.jpg,golden_hour,train,0.16802214086055756,0.3662124574184418,0.7712809443473816,0.46389687061309814,0.1887013390660286
/content/dataset/train/golden_hour/p_20153653.jpg,golden_hour,train,0.4212568700313568,0.39802753925323486,0.4176618754863739,0.636214017868042,0.17257273197174072
/content/dataset/train/golden_hour/u_uTsSWiQk-cE.jpg,golden_hour,train,0.4434754252433777,0.5562276840209961,0.23131974041461945,0.5149862170219421,0.21715417504310608
/content/dataset/train/minimalist/p_20291175.jpg,minimalist,train,0.7448970079421997,0.5086813569068909,0.30823129415512085,0.4526149034500122,0.05737972445785999
/content/dataset/train/minimalist/u_wz6jcqgse9E.jpg,minimalist,train,0.852324903011322,0.3953988254070282,0.0,0.5,0.6569620291702449
/content/dataset/train/minimalist/p_15239070.jpg,minimalist,train,0.7011253237724304,0.26211628317832947,0.0769776776432991,0.536776602268219,0.10199397802352905
/content/dataset/train/minimalist/p_5818753.jpg,minimalist,train,0.7262251973152161,0.30163145065307617,0.0,0.5,0.05393609404563904
/content/dataset/train/minimalist/p_11076071.jpg,minimalist,train,0.6292825937271118,0.4632236957550049,0.16519388556480408,0.5477744936943054,0.25798757560551167
/content/dataset/train/minimalist/u_6utHu6veohU.jpg,minimalist,train,0.5223529934883118,0.6250233054161072,0.1763748824596405,0.46813690662384033,0.6338120996952057
/content/dataset/train/minimalist/u_CsXj29MoJts.jpg,minimalist,train,0.7157002091407776,0.25171133875846863,0.06291965395212173,0.5198602676391602,0.09627012070268393
/content/dataset/train/minimalist/u_bQncpGVZ4RU.jpg,minimalist,train,0.3276452124118805,0.3966864347457886,0.19249987602233887,0.5238362550735474,0.5214501172304153
/content/dataset/train/minimalist/p_28382835.jpg,minimalist,train,0.5801036953926086,0.5087029933929443,0.3940456211566925,0.3856121301651001,0.05363302072510123
/content/dataset/train/minimalist/p_4612599.jpg,minimalist,train,0.8307446837425232,0.3017267882823944,0.08285586535930634,0.5234817862510681,0.10751988971605897
/content/dataset/train/minimalist/p_26146502.jpg,minimalist,train,0.5236705541610718,0.4459247291088104,0.12588661909103394,0.5166907906532288,0.17802919261157513
/content/dataset/train/minimalist/p_29536892.jpg,minimalist,train,0.7536895275115967,0.4418385624885559,0.0,0.5,0.449373796582222
/content/dataset/train/minimalist/u_MFd2X8flZQk.jpg,minimalist,train,0.31538131833076477,0.5537168979644775,0.0,0.5,0.40082283318042755
/content/dataset/train/minimalist/p_6636011.jpg,minimalist,train,0.8655688762664795,0.2736368477344513,0.049245767295360565,0.5098487138748169,0.18788469955325127
/content/dataset/train/minimalist/p_33365844.jpg,minimalist,train,0.47881487011909485,0.32296544313430786,0.0,0.5,0.18954353407025337
/content/dataset/train/minimalist/u_RPYW5QTBqYY.jpg,minimalist,train,0.6525067687034607,0.0509190671145916,0.3873317241668701,0.6746740937232971,0.020868652500212193
/content/dataset/train/minimalist/p_8856200.jpg,minimalist,train,0.6762858629226685,0.422244131565094,0.10464709252119064,0.5291687846183777,0.09681690484285355
/content/dataset/train/minimalist/p_6963783.jpg,minimalist,train,0.6635223031044006,0.35630902647972107,0.25782501697540283,0.5807028412818909,0.0940993009135127
/content/dataset/train/minimalist/u_rnJgSY-YChc.jpg,minimalist,train,0.3656001687049866,0.6389461159706116,0.0,0.5,0.06638882914558053
/content/dataset/train/minimalist/u_wvr46oddKg0.jpg,minimalist,train,0.5900976061820984,0.46983811259269714,0.32817360758781433,0.6039326190948486,0.0997781875776127
/content/dataset/train/minimalist/p_10610785.jpg,minimalist,train,0.5791618227958679,0.15027430653572083,0.28621214628219604,0.49627628922462463,0.03898965078406036
/content/dataset/train/minimalist/p_8113852.jpg,minimalist,train,0.4461424946784973,0.6197337508201599,0.15937691926956177,0.5058961510658264,0.2981577254831791
/content/dataset/train/minimalist/u_A4qTlvV-jEs.jpg,minimalist,train,0.41031599044799805,0.4898090958595276,0.15948176383972168,0.5147836208343506,0.4431477375328541
/content/dataset/train/minimalist/u_a3dq3j77ZGk.jpg,minimalist,train,0.5016200542449951,0.5583691596984863,0.0,0.5,0.10272921063005924
/content/dataset/train/minimalist/u_2ClvM8xp2Kg.jpg,minimalist,train,0.6448422074317932,0.2681743800640106,0.06521858274936676,0.483712375164032,0.21533655934035778
/content/dataset/train/minimalist/p_31890050.jpg,minimalist,train,0.6345984935760498,0.33923786878585815,0.16459651291370392,0.46727100014686584,0.2976362966001034
/content/dataset/train/minimalist/u_7nRnjwsKElI.jpg,minimalist,train,0.7184113264083862,0.26042690873146057,0.05986529961228371,0.5139179825782776,0.12289660051465034
/content/dataset/train/minimalist/RWMy6AdtZr0.jpg,minimalist,train,0.3963106870651245,0.09840016067028046,0.7988223433494568,0.12724164128303528,0.04595819627866149
/content/dataset/train/minimalist/p_19120518.jpg,minimalist,train,0.2283121794462204,0.39990633726119995,0.06999966502189636,0.5026519298553467,0.19285735208541155
/content/dataset/train/minimalist/u_PZns5l78Src.jpg,minimalist,train,0.48029178380966187,0.34103599190711975,0.2889024317264557,0.5177670121192932,0.0756021635606885
/content/dataset/train/minimalist/u_l0mEaRwOq2o.jpg,minimalist,train,0.41679635643959045,0.5219871997833252,0.5094891786575317,0.4686695635318756,0.15562613029032946
/content/dataset/train/minimalist/u_9-ODxOXtXzc.jpg,minimalist,train,0.43333184719085693,0.43148425221443176,0.39934244751930237,0.4078831076622009,0.2821610448881984
/content/dataset/train/minimalist/p_5808718.jpg,minimalist,train,0.6010637283325195,0.2991150915622711,0.1257791966199875,0.4825282394886017,0.08528170408681035
/content/dataset/train/minimalist/u_MhkJKHz7-Nk.jpg,minimalist,train,0.636863648891449,0.6879820227622986,0.0,0.5,0.20869247615337372
/content/dataset/train/minimalist/p_7112124.jpg,minimalist,train,0.7156853079795837,0.4345000982284546,0.48100218176841736,0.7074787616729736,0.14549439772963524
/content/dataset/train/minimalist/u_HZn86PVJrIE.jpg,minimalist,train,0.37467750906944275,0.36396411061286926,0.20303313434123993,0.47506964206695557,0.39959294721484184
/content/dataset/train/minimalist/u_bnohZ9c4lqg.jpg,minimalist,train,0.08475218713283539,0.1596011370420456,0.0,0.5,0.06739569129422307
/content/dataset/train/minimalist/p_37204676.jpg,minimalist,train,0.38791558146476746,0.587307870388031,0.3564193546772003,0.4971901774406433,0.39021527394652367
/content/dataset/train/minimalist/p_8230310.jpg,minimalist,train,0.5108457803726196,0.613745927810669,0.0,0.5,0.1455487497150898
/content/dataset/train/minimalist/u_NeRj9Ixhdgc.jpg,minimalist,train,0.7542570233345032,0.48790642619132996,0.16175445914268494,0.4728124141693115,0.08213148219510913
/content/dataset/train/minimalist/p_35085340.jpg,minimalist,train,0.3216940760612488,0.4112970530986786,0.0,0.5,0.2908702287822962
/content/dataset/train/minimalist/u_ZdmN0wTJ-xI.jpg,minimalist,train,0.5629789233207703,0.5806645750999451,0.0,0.5,0.24212266318500042
/content/dataset/train/minimalist/p_20558858.jpg,minimalist,train,0.5794113278388977,0.6113704442977905,0.5010648965835571,0.6738101243972778,0.14891082304529846
/content/dataset/train/minimalist/p_14528981.jpg,minimalist,train,0.6457907557487488,0.722902238368988,0.12978240847587585,0.4922914206981659,0.07732248166576028
/content/dataset/train/minimalist/p_7303994.jpg,minimalist,train,0.41802865266799927,0.28427445888519287,0.4832494258880615,0.6149641275405884,0.09170255158096552
/content/dataset/train/minimalist/u_1QxfUyJUS3g.jpg,minimalist,train,0.5546346306800842,0.16969357430934906,0.0,0.5,0.05930477986112237
/content/dataset/train/minimalist/p_14125988.jpg,minimalist,train,0.5747926831245422,0.3991714119911194,0.0,0.5,0.22432712372392416
/content/dataset/train/minimalist/u_bu-PTjjkaDw.jpg,minimalist,train,0.6685348153114319,0.31385985016822815,0.19174112379550934,0.4270826280117035,0.058840576093643904
/content/dataset/train/minimalist/p_8634463.jpg,minimalist,train,0.7238091230392456,0.5851728916168213,0.0,0.5,0.6738170608878136
/content/dataset/train/minimalist/p_9690290.jpg,minimalist,train,0.6847477555274963,0.46259331703186035,0.41369783878326416,0.34658366441726685,0.06387597066350281
/content/dataset/train/minimalist/u_vpghVp_lUn0.jpg,minimalist,train,0.8019152283668518,0.18268688023090363,0.0,0.5,0.4009343311190605
/content/dataset/train/minimalist/p_36988279.jpg,minimalist,train,0.5887418389320374,0.5912006497383118,0.5100345611572266,0.3888387978076935,0.2244417555630207
/content/dataset/train/minimalist/u_8161MGZZKNc.jpg,minimalist,train,0.1957770138978958,0.46751171350479126,0.7326527237892151,0.4909699559211731,0.12104355730116367
/content/dataset/train/minimalist/p_37157243.jpg,minimalist,train,0.33845949172973633,0.5062052011489868,0.6162944436073303,0.38700002431869507,0.35040734335780144
/content/dataset/train/minimalist/u_ebCs9PN_ylg.jpg,minimalist,train,0.6717411875724792,0.4624316394329071,0.22831490635871887,0.434291809797287,0.4921836033463478
/content/dataset/train/minimalist/p_30706526.jpg,minimalist,train,0.7798466682434082,0.5647116303443909,0.11116816848516464,0.5123010873794556,0.5982227250933647
/content/dataset/train/minimalist/u_T2E5zgZSyck.jpg,minimalist,train,0.4848000705242157,0.24496357142925262,0.6434850692749023,0.569674551486969,0.050729382783174515
/content/dataset/train/minimalist/p_33218526.jpg,minimalist,train,0.48331448435783386,0.04937199130654335,0.4971223473548889,0.3241252899169922,0.013246994349174201
/content/dataset/train/minimalist/xnXQwSomfTw.jpg,minimalist,train,0.7348688840866089,0.7035917043685913,0.10249224305152893,0.479611873626709,0.3143202606588602
/content/dataset/train/minimalist/sVkG5T9EolA.jpg,minimalist,train,0.2176719754934311,0.25047263503074646,0.870093822479248,0.7332679629325867,0.11388923041522503
/content/dataset/train/minimalist/u_SLRY3AP9g0Y.jpg,minimalist,train,0.6044446229934692,0.3885534405708313,0.1384882926940918,0.542229175567627,0.10954021010547876
/content/dataset/train/minimalist/u_9FQKKeVqRVg.jpg,minimalist,train,0.10696806013584137,0.352647602558136,0.3595084249973297,0.510786235332489,0.09158005472272635
/content/dataset/train/minimalist/p_16600071.jpg,minimalist,train,0.4276241362094879,0.35544341802597046,0.5966747999191284,0.32362669706344604,0.05147623480297625
/content/dataset/train/minimalist/SApLD-y3wm4.jpg,minimalist,train,0.7004831433296204,0.48673689365386963,0.1770777553319931,0.48368316888809204,0.1300618750974536
/content/dataset/train/minimalist/p_13926760.jpg,minimalist,train,0.8514256477355957,0.23894736170768738,0.1293267011642456,0.46702760457992554,0.13041130267083645
/content/dataset/train/minimalist/p_10072229.jpg,minimalist,train,0.4799485504627228,0.5330879092216492,0.0,0.5,0.3013736382126808
/content/dataset/train/minimalist/u_0ORzbQzd-hg.jpg,minimalist,train,0.8043721914291382,0.2099224030971527,0.2404411882162094,0.39764657616615295,0.05785553017631173
/content/dataset/train/minimalist/p_28449808.jpg,minimalist,train,0.720284104347229,0.5475229620933533,0.36486420035362244,0.3487623929977417,0.05593523383140564
/content/dataset/train/minimalist/p_10754361.jpg,minimalist,train,0.6737253069877625,0.533643901348114,0.0,0.5,0.09428463876247406
/content/dataset/train/minimalist/u_0gzNpfXBfEY.jpg,minimalist,train,0.70908123254776,0.252775102853775,0.14665399491786957,0.4453124701976776,0.31706771813333035
/content/dataset/train/minimalist/p_9817433.jpg,minimalist,train,0.5801805853843689,0.7189478874206543,0.0,0.5,0.5037711188197136
/content/dataset/train/minimalist/u_KYr62DW9i4w.jpg,minimalist,train,0.2405485361814499,0.4220736026763916,0.7447512745857239,0.5901780128479004,0.14456433709710836
/content/dataset/train/minimalist/u_h1IHQ361khU.jpg,minimalist,train,0.5464758276939392,0.6211736798286438,0.0,0.5,0.6205636262893677
/content/dataset/train/minimalist/u__G7qbB5cxc4.jpg,minimalist,train,0.35844486951828003,0.6367101669311523,0.0,0.5,0.7729220390319824
/content/dataset/train/minimalist/p_33944155.jpg,minimalist,train,0.010450586676597595,0.12259577959775925,0.0,0.5,0.04281914560124278
/content/dataset/train/minimalist/p_28506788.jpg,minimalist,train,0.5958752036094666,0.5357707142829895,0.3673248291015625,0.36644312739372253,0.08703712373971939
/content/dataset/train/minimalist/u_Ys-H5BSeQi8.jpg,minimalist,train,0.24888254702091217,0.4908106327056885,0.0,0.5,0.2581596001982689
/content/dataset/train/minimalist/u__TqtJIlU73A.jpg,minimalist,train,0.286487877368927,0.5466569662094116,0.16053040325641632,0.5037635564804077,0.2523278445005417
/content/dataset/train/minimalist/u_oWdyfCrn25Y.jpg,minimalist,train,0.22895537316799164,0.4539136290550232,0.6524869799613953,0.5021918416023254,0.04338113823905587
/content/dataset/train/minimalist/u_rAvMLaxQv2M.jpg,minimalist,train,0.7345547676086426,0.5443987250328064,0.17888811230659485,0.471466600894928,0.09701398201286793
/content/dataset/train/minimalist/p_3396670.jpg,minimalist,train,0.6447884440422058,0.47792041301727295,0.09187881648540497,0.4926967918872833,0.18083376809954643
/content/dataset/train/minimalist/p_23639035.jpg,minimalist,train,0.41379913687705994,0.6835127472877502,0.0,0.5,0.16574342269450426
/content/dataset/train/minimalist/u_lJtJxh88ygg.jpg,minimalist,train,0.23745499551296234,0.6459993124008179,0.0,0.5,0.7950982078909874
/content/dataset/train/minimalist/p_9179476.jpg,minimalist,train,0.6589016914367676,0.6000728607177734,0.0010851299157366157,0.49999043345451355,0.028281433042138815
/content/dataset/train/minimalist/p_19204227.jpg,minimalist,train,0.7316576242446899,0.6847127676010132,0.09218714386224747,0.4854623079299927,0.10776789858937263
/content/dataset/train/minimalist/u_IJqHR5ug4vo.jpg,minimalist,train,0.7171981334686279,0.4344407021999359,0.17485249042510986,0.503875195980072,0.3648771531879902
/content/dataset/train/minimalist/ncQuynZtkDE.jpg,minimalist,train,0.4192545711994171,0.444983571767807,0.27100884914398193,0.4486326575279236,0.12534792535007
/content/dataset/train/minimalist/u_8xjF8R1fTlM.jpg,minimalist,train,0.458724707365036,0.47787797451019287,0.4967617392539978,0.41693904995918274,0.54347381927073
/content/dataset/train/minimalist/p_2290912.jpg,minimalist,train,0.9425918459892273,0.24141192436218262,0.0,0.5,0.05240128608420491
/content/dataset/train/minimalist/u_aeVoZg_xbQI.jpg,minimalist,train,0.5177615284919739,0.43178972601890564,0.3405202031135559,0.4226374924182892,0.09210640331730247
/content/dataset/train/minimalist/p_37469506.jpg,minimalist,train,0.764214813709259,0.24374747276306152,0.0476633720099926,0.4948093593120575,0.1477625546976924
/content/dataset/train/minimalist/u_nAQdNMMptwM.jpg,minimalist,train,0.2334696650505066,0.27188941836357117,0.12429320067167282,0.5111810564994812,0.14494867529720068
/content/dataset/train/minimalist/p_11264337.jpg,minimalist,train,0.6762906908988953,0.39204642176628113,0.08134162425994873,0.5100187063217163,0.14196067117154598
/content/dataset/train/minimalist/p_3113541.jpg,minimalist,train,0.6668593883514404,0.8290536403656006,0.0,0.5,0.12636603321880102
/content/dataset/train/minimalist/u_HN6NbruvAK0.jpg,minimalist,train,0.727527379989624,0.38838985562324524,0.020447127521038055,0.5058437585830688,0.20893430337309837
/content/dataset/train/minimalist/u_IkRT068y0v8.jpg,minimalist,train,0.7601906061172485,0.4258943498134613,0.06689532101154327,0.5233175158500671,0.12522377539426088
/content/dataset/train/minimalist/p_7587738.jpg,minimalist,train,0.6985039710998535,0.24470439553260803,0.024238521233201027,0.5048316121101379,0.09059383301064372
/content/dataset/train/minimalist/u_0mJg5f3cp4U.jpg,minimalist,train,0.7176145315170288,0.656804084777832,0.07005053013563156,0.5194227695465088,0.8434273675084114
/content/dataset/train/minimalist/p_35713886.jpg,minimalist,train,0.47238677740097046,0.4286751449108124,0.5400365591049194,0.6491814255714417,0.11120609007775784
/content/dataset/train/minimalist/p_30484316.jpg,minimalist,train,0.4550538659095764,0.42952457070350647,0.17787519097328186,0.5097538232803345,0.18340757116675377
/content/dataset/train/minimalist/u_WEybOMSeKl0.jpg,minimalist,train,0.591879665851593,0.6940574645996094,0.07037186622619629,0.4877907931804657,0.09589701425284147
/content/dataset/train/minimalist/p_9775884.jpg,minimalist,train,0.8155072331428528,0.28197264671325684,0.05373729392886162,0.5181594491004944,0.11332063237205148
/content/dataset/train/minimalist/u_fJAQNAnQNpI.jpg,minimalist,train,0.8507473468780518,0.40576159954071045,0.05080200731754303,0.5086618065834045,0.16162458807229996
/content/dataset/train/minimalist/p_7517841.jpg,minimalist,train,0.4437676668167114,0.8417502641677856,0.6695119738578796,0.6369304656982422,0.10867069009691477
/content/dataset/train/minimalist/p_33944892.jpg,minimalist,train,0.5069855451583862,0.5983259677886963,0.04566238820552826,0.5006117820739746,0.2192671736702323
/content/dataset/train/minimalist/u_X5gFG1GN_eA.jpg,minimalist,train,0.5515426993370056,0.22855138778686523,0.010853082872927189,0.5015712380409241,0.04793071071617305
/content/dataset/train/minimalist/p_6615808.jpg,minimalist,train,0.6141430139541626,0.20313042402267456,0.11855877935886383,0.5345355272293091,0.06178705953061581
/content/dataset/train/minimalist/p_32582356.jpg,minimalist,train,0.3276853859424591,0.4078981876373291,0.0,0.5,0.3181760385632515
/content/dataset/train/minimalist/p_15305298.jpg,minimalist,train,0.9046680927276611,0.0974804162979126,0.023593910038471222,0.49018725752830505,0.04154255613684654
/content/dataset/train/minimalist/p_7078387.jpg,minimalist,train,0.764593780040741,0.24524404108524323,0.014911984093487263,0.5056864619255066,0.08237271569669247
/content/dataset/train/minimalist/p_30765818.jpg,minimalist,train,0.7866552472114563,0.3268686830997467,0.09826863557100296,0.5291903018951416,0.11681139469146729
/content/dataset/train/minimalist/u_POAhpoLc72k.jpg,minimalist,train,0.595027506351471,0.4193202257156372,0.055260248482227325,0.5125832557678223,0.05519810598343611
/content/dataset/train/minimalist/u_JILG2XS0NDo.jpg,minimalist,train,0.6022629737854004,0.3103613257408142,0.08323708176612854,0.4861793518066406,0.07616430753841996
/content/dataset/train/minimalist/u_X3HWx-upZr0.jpg,minimalist,train,0.6584526300430298,0.36192259192466736,0.1893056035041809,0.5546802282333374,0.20884428173303604
/content/dataset/train/minimalist/p_33298190.jpg,minimalist,train,0.5527269840240479,0.7283933758735657,0.0005644075572490692,0.49998754262924194,0.08739773649722338
/content/dataset/train/minimalist/p_11180109.jpg,minimalist,train,0.6042326092720032,0.30257049202919006,0.11161064356565475,0.5300610065460205,0.19613769371062517
/content/dataset/train/minimalist/p_3112140.jpg,minimalist,train,0.23309804499149323,0.35744452476501465,0.6020848751068115,0.3681221604347229,0.08035881677642465
/content/dataset/train/minimalist/p_16600007.jpg,minimalist,train,0.6636579632759094,0.2826160788536072,0.31833091378211975,0.40058574080467224,0.12282600160688162
/content/dataset/train/minimalist/p_7810800.jpg,minimalist,train,0.8874831199645996,0.2139645665884018,0.07955671101808548,0.5331891179084778,0.02486323704943061
/content/dataset/train/minimalist/p_32476720.jpg,minimalist,train,0.47577017545700073,0.5100381970405579,0.0,0.5,0.6091856211423874
/content/dataset/train/minimalist/p_7587781.jpg,minimalist,train,0.6377338767051697,0.4788210690021515,0.06361650675535202,0.4902283549308777,0.20110106095671654
/content/dataset/train/minimalist/u_bBEyTp38QKI.jpg,minimalist,train,0.753627598285675,0.6116790175437927,0.00878993608057499,0.4997726380825043,0.21889100782573223
/content/dataset/train/minimalist/u_ExBeumLi7G4.jpg,minimalist,train,0.773925244808197,0.3620041310787201,0.1088659018278122,0.47015994787216187,0.2942200470715761
/content/dataset/train/minimalist/u_tsHq3U44bz4.jpg,minimalist,train,0.2910155951976776,0.48645809292793274,0.6391047835350037,0.396065890789032,0.6140192598104477
/content/dataset/train/minimalist/p_19553078.jpg,minimalist,train,0.7816222906112671,0.4227593243122101,0.09807141870260239,0.5321043729782104,0.04788009217008948
/content/dataset/train/minimalist/p_12961119.jpg,minimalist,train,0.4072361886501312,0.1535000205039978,0.3046933710575104,0.4725952744483948,0.04158088006079197
/content/dataset/train/minimalist/p_35013580.jpg,minimalist,train,0.5552456974983215,0.3605487048625946,0.7975819110870361,0.45007574558258057,0.03587798681110144
/content/dataset/train/minimalist/u_59qh0Sdjn-Y.jpg,minimalist,train,0.7776241898536682,0.20128856599330902,0.027451295405626297,0.5083301663398743,0.12348511721938848
/content/dataset/train/minimalist/p_8113897.jpg,minimalist,train,0.076530322432518,0.23423251509666443,0.8036724925041199,0.5771507620811462,0.0830936897546053
/content/dataset/train/minimalist/p_3062948.jpg,minimalist,train,0.9248575568199158,0.07171482592821121,0.01461345236748457,0.5066829919815063,0.01519305573310703
/content/dataset/train/minimalist/p_34518979.jpg,minimalist,train,0.6014003753662109,0.4919571280479431,0.0,0.5,0.07947316160425544
/content/dataset/train/minimalist/u_znZedsZ6fOI.jpg,minimalist,train,0.21430034935474396,0.39895913004875183,0.0,0.5,0.17874767072498798
/content/dataset/train/minimalist/u_AwtATKbYnqA.jpg,minimalist,train,0.5195894837379456,0.761959433555603,0.0,0.5,0.21952095441520214
/content/dataset/train/minimalist/p_32243423.jpg,minimalist,train,0.6993851065635681,0.37925538420677185,0.14936645328998566,0.4884999394416809,0.28492746874690056
/content/dataset/train/minimalist/u_O_YK29fEXWs.jpg,minimalist,train,0.6172370910644531,0.6060991287231445,0.0,0.5,0.3360398858785629
/content/dataset/train/minimalist/p_11861450.jpg,minimalist,train,0.7997791767120361,0.3788297176361084,0.09271908551454544,0.5290312767028809,0.12200658209621906
/content/dataset/train/minimalist/u_o688zdQTXp8.jpg,minimalist,train,0.46115803718566895,0.639522910118103,0.0,0.5,0.09879523771815002
/content/dataset/train/minimalist/p_5278940.jpg,minimalist,train,0.6324130892753601,0.24524852633476257,0.05999554321169853,0.5206576585769653,0.024718769127503037
/content/dataset/train/minimalist/u_0Xep3P98-Ew.jpg,minimalist,train,0.6854113936424255,0.5286585092544556,0.0,0.5,0.2797654550522566
/content/dataset/train/minimalist/p_6010424.jpg,minimalist,train,0.6239302754402161,0.27980178594589233,0.0876712054014206,0.4709305763244629,0.019935184391215444
/content/dataset/train/minimalist/p_12192928.jpg,minimalist,train,0.6142610907554626,0.5040911436080933,0.2954369783401489,0.41374754905700684,0.06325725466012955
/content/dataset/train/minimalist/p_2449364.jpg,minimalist,train,0.42548292875289917,0.8029942512512207,0.0,0.5,0.050957544008269906
/content/dataset/train/minimalist/p_5980882.jpg,minimalist,train,0.6967158317565918,0.4312797486782074,0.0,0.5,0.3424122557044029
/content/dataset/train/minimalist/u_2LAkE8ttYaY.jpg,minimalist,train,0.6778152585029602,0.2851580083370209,0.42202454805374146,0.4488670825958252,0.3025102335959673
/content/dataset/train/minimalist/p_3356526.jpg,minimalist,train,0.5447196364402771,0.16518822312355042,0.0,0.5,0.025237953523173928
/content/dataset/train/minimalist/p_30798165.jpg,minimalist,train,0.7022395133972168,0.17094600200653076,0.3359212279319763,0.6572163701057434,0.018649398698471487
/content/dataset/train/minimalist/u_fKSYsjgH-b8.jpg,minimalist,train,0.6652340888977051,0.5370095372200012,0.0,0.5,0.15662762336432934
/content/dataset/train/minimalist/u_xjMjgb8gUGE.jpg,minimalist,train,0.6703265309333801,0.4995195269584656,0.034256208688020706,0.4931451082229614,0.13722927309572697
/content/dataset/train/minimalist/p_36864329.jpg,minimalist,train,0.4456848204135895,0.32330015301704407,0.6561452150344849,0.2973744869232178,0.43150418787263334
/content/dataset/train/minimalist/p_31054333.jpg,minimalist,train,0.5348877310752869,0.48368579149246216,0.7313219308853149,0.39503782987594604,0.06803544936701655
/content/dataset/train/minimalist/p_10273414.jpg,minimalist,train,0.14330239593982697,0.08041736483573914,0.9945844411849976,0.7080479264259338,0.032635743264108896
/content/dataset/train/minimalist/p_1906856.jpg,minimalist,train,0.8136619925498962,0.3108275830745697,0.2462526559829712,0.5935109257698059,0.08262574207037687
/content/dataset/train/minimalist/u_2lRJXFSba8M.jpg,minimalist,train,0.300612211227417,0.5027178525924683,0.0,0.5,0.25595243088901043
/content/dataset/train/minimalist/u_MtHfZXS_N_E.jpg,minimalist,train,0.3139899969100952,0.313691109418869,0.47108739614486694,0.43780264258384705,0.12543103424832225
/content/dataset/train/minimalist/p_3637943.jpg,minimalist,train,0.9238558411598206,0.1938551366329193,0.05325354263186455,0.4784960448741913,0.26143754832446575
/content/dataset/train/minimalist/u_KcX1LwbdYUg.jpg,minimalist,train,0.7842779159545898,0.4172746241092682,0.0,0.5,0.1363053685054183
/content/dataset/train/minimalist/u_FnYWnVrj_cs.jpg,minimalist,train,0.4583888649940491,0.4189148545265198,0.0,0.5,0.5927513912320137
/content/dataset/train/minimalist/p_11121168.jpg,minimalist,train,0.8397783637046814,0.07287789136171341,0.0,0.5,0.008491682820022106
/content/dataset/train/minimalist/p_17945586.jpg,minimalist,train,0.8894760012626648,0.027765795588493347,0.02280079573392868,0.5064489245414734,0.016647878801450133
/content/dataset/train/minimalist/u_pY5kRrWnsmU.jpg,minimalist,train,0.27374425530433655,0.5147715210914612,0.45317700505256653,0.4747716188430786,0.2398810163140297
/content/dataset/train/minimalist/p_18552873.jpg,minimalist,train,0.35072198510169983,0.4618973135948181,0.8629646897315979,0.14467239379882812,0.0520705315284431
/content/dataset/train/minimalist/u_Zvaq4FmypCY.jpg,minimalist,train,0.804638683795929,0.21765224635601044,0.21308021247386932,0.41186919808387756,0.1884290762245655
/content/dataset/train/minimalist/u_D_fL05MUSEw.jpg,minimalist,train,0.4295101463794708,0.2889677584171295,0.3815803825855255,0.41179507970809937,0.03469993709586561
/content/dataset/train/minimalist/u_AxsdiqHgwis.jpg,minimalist,train,0.8338955640792847,0.15228264033794403,0.0,0.5,0.19622287712991238
/content/dataset/train/minimalist/u_LKoFO-PUaFI.jpg,minimalist,train,0.7462483644485474,0.4640204608440399,0.1345120668411255,0.49359846115112305,0.17245938535779715
/content/dataset/train/minimalist/p_35020267.jpg,minimalist,train,0.4267342984676361,0.8806607723236084,0.0,0.5,0.12193471658974886
/content/dataset/train/minimalist/p_1699655.jpg,minimalist,train,0.7579662799835205,0.15282009541988373,0.033782344311475754,0.48705872893333435,0.02244850096758455
/content/dataset/train/minimalist/u_LVLQhnjddos.jpg,minimalist,train,0.4399661123752594,0.5230407118797302,0.0,0.5,0.42898321989923716
/content/dataset/train/minimalist/u_90lQSAdIkqA.jpg,minimalist,train,0.7643597722053528,0.23985576629638672,0.08132476359605789,0.5187641382217407,0.09084154851734638
/content/dataset/train/minimalist/u_J0VBo6j5mHI.jpg,minimalist,train,0.8550558090209961,0.06318610906600952,0.13172908127307892,0.4399350881576538,0.016414379933848977
/content/dataset/train/minimalist/u_fypF3Az3mX8.jpg,minimalist,train,0.7024436593055725,0.3898598551750183,0.018264437094330788,0.498958021402359,0.061559141613543034
/content/dataset/train/minimalist/u_Vxd75z0lWL4.jpg,minimalist,train,0.25045785307884216,0.6517328023910522,0.5961608290672302,0.46607041358947754,0.15477309469133615
/content/dataset/train/minimalist/u_F985EJTGrxA.jpg,minimalist,train,0.47340303659439087,0.5069205164909363,0.18883389234542847,0.5180432200431824,0.36146078258752823
/content/dataset/train/minimalist/p_4253271.jpg,minimalist,train,0.5763760805130005,0.28386190533638,0.7085692882537842,0.4953088164329529,0.028602383099496365
/content/dataset/train/minimalist/u_EhCPgWGXoxQ.jpg,minimalist,train,0.27081456780433655,0.4625798761844635,0.47272253036499023,0.5793014764785767,0.2534289564937353
/content/dataset/train/minimalist/p_20548811.jpg,minimalist,train,0.5640087723731995,0.49122461676597595,0.08916503190994263,0.5074551105499268,1.0
/content/dataset/train/minimalist/p_3965508.jpg,minimalist,train,0.8497141003608704,0.2427719086408615,0.0241478830575943,0.5043962001800537,0.0875659380108118
/content/dataset/train/minimalist/p_31349295.jpg,minimalist,train,0.5539575219154358,0.7377946376800537,0.0,0.5,1.0
/content/dataset/train/minimalist/u_EZkjnctuAc4.jpg,minimalist,train,0.873411238193512,0.39058050513267517,0.057060640305280685,0.5171802639961243,0.1459900662302971
/content/dataset/train/minimalist/u_4rRKmiL4zDU.jpg,minimalist,train,0.44802242517471313,0.3415660858154297,0.6155955791473389,0.6558297872543335,0.041699325665831566
/content/dataset/train/minimalist/u_FzIrOuvSikM.jpg,minimalist,train,0.7308680415153503,0.5001403093338013,0.28476184606552124,0.4104142487049103,0.09533766657114029
/content/dataset/train/minimalist/u_lkhGH2MZRdQ.jpg,minimalist,train,0.6419588923454285,0.3631642162799835,0.6033268570899963,0.7112643122673035,0.6135986559092999
/content/dataset/train/minimalist/u_UDyxs-IO54s.jpg,minimalist,train,0.7050855159759521,0.27364587783813477,0.054564233869314194,0.514963686466217,0.21498380228877068
/content/dataset/train/minimalist/p_20392590.jpg,minimalist,train,0.4736175537109375,0.551948070526123,0.43422025442123413,0.4004196226596832,0.11159424437209964
/content/dataset/train/minimalist/p_3467152.jpg,minimalist,train,0.6799024343490601,0.17673061788082123,0.2570987939834595,0.3991028666496277,0.09569838875904679
/content/dataset/train/minimalist/p_30960097.jpg,minimalist,train,0.41226664185523987,0.49678993225097656,0.0,0.5,0.2277566958218813
/content/dataset/train/minimalist/p_7205892.jpg,minimalist,train,0.13593460619449615,0.4058923125267029,0.5932016968727112,0.4984610378742218,0.07072907639667392
/content/dataset/train/minimalist/p_18390107.jpg,minimalist,train,0.914719820022583,0.20022796094417572,0.029043102636933327,0.509192168712616,0.043654142646119
/content/dataset/train/minimalist/p_34612811.jpg,minimalist,train,0.2632485032081604,0.2914486825466156,0.0,0.5,0.19285142421722412
/content/dataset/train/minimalist/u_xYqPDZwJ4xk.jpg,minimalist,train,0.8910050392150879,0.14875584840774536,0.00814729556441307,0.49775344133377075,0.030031093629077077
/content/dataset/train/minimalist/u_2RBAjkS17Mg.jpg,minimalist,train,0.4014236032962799,0.29929327964782715,0.679103434085846,0.7168077230453491,0.20323663018643856
/content/dataset/train/minimalist/u_pfrJkcfIsHk.jpg,minimalist,train,0.29218077659606934,0.4671850800514221,0.5947728157043457,0.5952785611152649,0.276848329231143
/content/dataset/train/minimalist/u_bpprbDY3UsU.jpg,minimalist,train,0.18860147893428802,0.5299121141433716,0.39507856965065,0.5243209600448608,0.16722931060940027
/content/dataset/train/minimalist/p_28956233.jpg,minimalist,train,0.8248743414878845,0.6931649446487427,0.028585007414221764,0.4987860321998596,0.1642871368676424
/content/dataset/train/minimalist/VdVcT_JnoVY.jpg,minimalist,train,0.8460604548454285,0.31583547592163086,0.07383274286985397,0.4742264151573181,0.07226462475955486
/content/dataset/train/minimalist/u_U3VyviuKI18.jpg,minimalist,train,0.2919505834579468,0.43422067165374756,0.0,0.5,0.1599464938044548
/content/dataset/train/minimalist/u_k98RB1I7LTQ.jpg,minimalist,train,0.5826550722122192,0.49544528126716614,0.47609570622444153,0.621265172958374,0.048129543429240584
/content/dataset/train/minimalist/u_uTK2qIv8XhM.jpg,minimalist,train,0.7027238607406616,0.2611575722694397,0.1880556344985962,0.572737455368042,0.0878863362595439
/content/dataset/train/minimalist/tbcuvPvMGiI.jpg,minimalist,train,0.46994855999946594,0.5187540650367737,0.0,0.5,0.10162619408220053
/content/dataset/train/minimalist/p_21390226.jpg,minimalist,train,0.19968414306640625,0.18606849014759064,0.8905543684959412,0.7142917513847351,0.2659108582884073
/content/dataset/train/minimalist/p_12314908.jpg,minimalist,train,0.3434339165687561,0.6837102770805359,0.03944818302989006,0.4992128610610962,0.12008124962449074
/content/dataset/train/minimalist/u_wWnE9Vdn_QI.jpg,minimalist,train,0.7027430534362793,0.3621249794960022,0.0,0.5,0.6481767818331718
/content/dataset/train/minimalist/p_7303995.jpg,minimalist,train,0.4093465209007263,0.21545015275478363,0.5615789890289307,0.6489850878715515,0.10935719590634108
/content/dataset/train/minimalist/u_RZcwX9khjVg.jpg,minimalist,train,0.6043612957000732,0.3286353349685669,0.27783146500587463,0.41252565383911133,0.14152162242680788
/content/dataset/train/minimalist/qZanUpmMrdk.jpg,minimalist,train,0.4999605715274811,0.7823157906532288,0.0,0.5,0.3004527371376753
/content/dataset/train/minimalist/u_AjTkJYQlhZY.jpg,minimalist,train,0.3477816581726074,0.4362127184867859,0.5033629536628723,0.41748785972595215,0.2330896258354187
/content/dataset/train/minimalist/p_34388154.jpg,minimalist,train,0.01795104704797268,0.19355356693267822,0.019471293315291405,0.5000256896018982,0.10427637491375208
/content/dataset/train/minimalist/p_4340786.jpg,minimalist,train,0.7109723091125488,0.2938326597213745,0.07126372307538986,0.5014740824699402,0.11608866974711418
/content/dataset/train/minimalist/p_27519035.jpg,minimalist,train,0.5866038799285889,0.49094223976135254,0.6107363700866699,0.42449668049812317,0.0501524587161839
/content/dataset/train/minimalist/p_9558688.jpg,minimalist,train,0.6919640302658081,0.37880972027778625,0.13956093788146973,0.5108153820037842,0.15379576943814754
/content/dataset/train/minimalist/u_hgLPAZ-QkFM.jpg,minimalist,train,0.42009392380714417,0.22599180042743683,0.039991408586502075,0.5086867213249207,0.2564531657844782
/content/dataset/train/minimalist/9qJ8d0w1p5I.jpg,minimalist,train,0.5371556282043457,0.2570553421974182,0.4722808003425598,0.6744487285614014,0.24438239634037018
/content/dataset/train/minimalist/p_6045501.jpg,minimalist,train,0.8811997175216675,0.06161138042807579,0.06265182793140411,0.5283242464065552,0.013051697751507163
/content/dataset/train/minimalist/p_3750893.jpg,minimalist,train,0.7925506234169006,0.24796627461910248,0.11186355352401733,0.5429511070251465,0.10427762754261494
/content/dataset/train/minimalist/p_29158381.jpg,minimalist,train,0.4624845087528229,0.359161376953125,0.6224051713943481,0.267498642206192,0.3470604494214058
/content/dataset/train/minimalist/u_gUZnxj0m1EA.jpg,minimalist,train,0.6535283923149109,0.5235947370529175,0.0,0.5,0.14916241634637117
/content/dataset/train/minimalist/p_9450496.jpg,minimalist,train,0.8656283020973206,0.16160638630390167,0.16665418446063995,0.44859910011291504,0.08363754954189062
/content/dataset/train/minimalist/p_16842044.jpg,minimalist,train,0.7098984122276306,0.6611754298210144,0.349286824464798,0.3932151794433594,0.040370813803747296
/content/dataset/train/minimalist/u_VA6vYwq0Ny8.jpg,minimalist,train,0.5272883176803589,0.3012966215610504,0.19070714712142944,0.5503794550895691,0.03408089280128479
/content/dataset/train/minimalist/u_fQRjxj9-QhY.jpg,minimalist,train,0.6327688097953796,0.3552882969379425,0.08736060559749603,0.5318895578384399,0.08271054364740849
/content/dataset/train/minimalist/p_30556863.jpg,minimalist,train,0.5424378514289856,0.6852058172225952,0.0,0.5,0.2090033981949091
/content/dataset/train/minimalist/p_27395102.jpg,minimalist,train,0.62189781665802,0.4393387734889984,0.4945376217365265,0.449960321187973,0.0609298306517303
/content/dataset/train/minimalist/p_35188190.jpg,minimalist,train,0.7378239631652832,0.255868136882782,0.08601011335849762,0.4692481756210327,0.22529457695782185
/content/dataset/train/minimalist/p_33551481.jpg,minimalist,train,0.35192805528640747,0.6482415795326233,0.5290014147758484,0.4700953960418701,0.08503498276695609
/content/dataset/train/minimalist/p_33740221.jpg,minimalist,train,0.43201595544815063,0.5362696051597595,0.1829809993505478,0.5331568717956543,0.08223548298701644
/content/dataset/train/minimalist/p_6949036.jpg,minimalist,train,0.6577965021133423,0.6317083835601807,0.0,0.5,0.11609890963882208
/content/dataset/train/minimalist/B7AxedmS7tI.jpg,minimalist,train,0.050947465002536774,0.13397002220153809,0.034152232110500336,0.5018240213394165,0.022816761629655957
/content/dataset/train/minimalist/p_37187681.jpg,minimalist,train,0.469582736492157,0.6687336564064026,0.050697099417448044,0.5030183792114258,0.0743767712265253
/content/dataset/train/minimalist/u_2lCwj6acRpI.jpg,minimalist,train,0.5844153761863708,0.6163051128387451,0.0,0.5,0.19944440573453903
/content/dataset/train/minimalist/u_nPlsvOQGxUo.jpg,minimalist,train,0.5008967518806458,0.40824422240257263,0.09533192217350006,0.5041838884353638,0.3221770375967026
/content/dataset/train/minimalist/p_16583508.jpg,minimalist,train,0.713902473449707,0.37452372908592224,0.18557824194431305,0.43699488043785095,0.0860944646410644
/content/dataset/train/minimalist/p_28452283.jpg,minimalist,train,0.5947720408439636,0.4109135568141937,0.6679465770721436,0.7213028073310852,0.07764289621263742
/content/dataset/train/minimalist/u_X59ZuHFrD6E.jpg,minimalist,train,0.5722498893737793,0.6020986437797546,0.0,0.5,0.2561941649764776
/content/dataset/train/minimalist/p_1858406.jpg,minimalist,train,0.649678111076355,0.6492269039154053,0.19093865156173706,0.4713582396507263,0.07633785484358668
/content/dataset/train/minimalist/p_11888491.jpg,minimalist,train,0.8418413400650024,0.1952245831489563,0.12863755226135254,0.44440895318984985,0.059721514116972685
/content/dataset/train/minimalist/p_8987439.jpg,minimalist,train,0.7004544734954834,0.06003215163946152,0.08093377202749252,0.5291422605514526,0.012991572148166597
/content/dataset/train/minimalist/u_nt3n1rVPgqE.jpg,minimalist,train,0.4178318977355957,0.5137325525283813,0.0,0.5,0.06514214677736163
/content/dataset/train/minimalist/u_SdiCh7a_On8.jpg,minimalist,train,0.3038310110569,0.37335285544395447,0.7319594621658325,0.666759192943573,0.039950101636350155
/content/dataset/train/minimalist/u_sxmr4sup0ko.jpg,minimalist,train,0.7108319997787476,0.32351064682006836,0.1466580182313919,0.523919939994812,0.09900478180497885
/content/dataset/train/minimalist/u_cHOIr-w8wvk.jpg,minimalist,train,0.2289997786283493,0.19362275302410126,0.40781375765800476,0.4378812611103058,0.01612864201888442
/content/dataset/train/minimalist/u_pVIJerOtkRE.jpg,minimalist,train,0.5990359783172607,0.5933805108070374,0.0,0.5,0.22933310829102993
/content/dataset/train/minimalist/p_34502692.jpg,minimalist,train,0.556550920009613,0.432161420583725,0.11583273857831955,0.4996000826358795,0.15260504093021154
/content/dataset/train/minimalist/p_37178301.jpg,minimalist,train,0.8682207465171814,0.36068570613861084,0.0,0.5,0.14072764664888382
/content/dataset/train/minimalist/u_3pGmcFEkN4o.jpg,minimalist,train,0.32657015323638916,0.4393569827079773,0.31720584630966187,0.503097653388977,0.19213019870221615
/content/dataset/train/minimalist/u_t20DE29apIU.jpg,minimalist,train,0.18915778398513794,0.49607735872268677,0.19353218376636505,0.5046000480651855,0.33620886504650116
/content/dataset/train/minimalist/u_JZmvEoeIeBw.jpg,minimalist,train,0.685359001159668,0.4452855885028839,0.13148239254951477,0.5136002898216248,0.21943685598671436
/content/dataset/train/minimalist/u_YWYMaN2To_A.jpg,minimalist,train,0.4965364634990692,0.45787325501441956,0.3297151029109955,0.40849044919013977,0.06500610848888755
/content/dataset/train/minimalist/u_zTNBumJSOto.jpg,minimalist,train,0.25728654861450195,0.34947940707206726,0.0,0.5,0.15866604633629322
/content/dataset/train/minimalist/u_tYMetHUFbx8.jpg,minimalist,train,0.8585717082023621,0.26961302757263184,0.04864088445901871,0.49080172181129456,0.093742236495018
/content/dataset/train/minimalist/0Lzs2nmO7_U.jpg,minimalist,train,0.07800017297267914,0.35031670331954956,0.5783003568649292,0.5063149333000183,0.1627681963145733
/content/dataset/train/minimalist/p_18599564.jpg,minimalist,train,0.5084202289581299,0.6109278202056885,0.0,0.5,0.07307093823328614
/content/dataset/train/minimalist/p_16060230.jpg,minimalist,train,0.5644946694374084,0.8986786007881165,0.00046270948951132596,0.5000220537185669,0.05071697058156133
/content/dataset/train/minimalist/p_11814054.jpg,minimalist,train,0.5229242444038391,0.13102196156978607,0.6863431334495544,0.5905151963233948,0.013222669949755073
/content/dataset/train/minimalist/u_Bf19lMJvPmk.jpg,minimalist,train,0.36229440569877625,0.3749162256717682,0.6989002823829651,0.30979156494140625,0.2018603216856718
/content/dataset/train/minimalist/p_11202268.jpg,minimalist,train,0.3939899802207947,0.5184344053268433,0.22318732738494873,0.5100724101066589,0.16455543227493763
/content/dataset/train/minimalist/p_36756384.jpg,minimalist,train,0.541053056716919,0.17606517672538757,0.15272939205169678,0.45303481817245483,0.04142099525779486
/content/dataset/train/minimalist/p_28529525.jpg,minimalist,train,0.5484169125556946,0.5378475785255432,0.6039908528327942,0.2874295115470886,0.0338460155762732
/content/dataset/train/minimalist/u_g7oj0KrvVqs.jpg,minimalist,train,0.3929668068885803,0.5944231152534485,0.0,0.5,0.10001445654779673
/content/dataset/train/minimalist/p_18022596.jpg,minimalist,train,0.9162657856941223,0.12459339201450348,0.01643017679452896,0.5000805258750916,0.10746785905212164
/content/dataset/train/minimalist/p_16271270.jpg,minimalist,train,0.6694992184638977,0.181521937251091,0.3512142300605774,0.37304776906967163,0.017987315077334642
/content/dataset/train/minimalist/u_v5yPUQYbrcw.jpg,minimalist,train,0.5310607552528381,0.27728018164634705,0.261730432510376,0.4839855432510376,0.18186706118285656
/content/dataset/train/minimalist/p_28779725.jpg,minimalist,train,0.5837042927742004,0.5049009919166565,0.3542417883872986,0.5432754158973694,0.22806471213698387
/content/dataset/train/minimalist/p_18967359.jpg,minimalist,train,0.574855625629425,0.4579996168613434,0.7897966504096985,0.444290429353714,0.03260562079958618
/content/dataset/train/minimalist/p_4545253.jpg,minimalist,train,0.6522336006164551,0.48722657561302185,0.0,0.5,0.15708452556282282
/content/dataset/train/minimalist/u_kF67pdc26iE.jpg,minimalist,train,0.15100567042827606,0.3997669517993927,0.46242934465408325,0.5918708443641663,0.10355339385569096
/content/dataset/train/minimalist/p_33942942.jpg,minimalist,train,0.7240475416183472,0.5423657894134521,0.2059197872877121,0.43824324011802673,0.10771793313324451
/content/dataset/train/minimalist/p_9848750.jpg,minimalist,train,0.6174566149711609,0.11490903049707413,0.016653507947921753,0.49517783522605896,0.01479387516155839
/content/dataset/train/minimalist/p_12058403.jpg,minimalist,train,0.7578199505805969,0.4256514608860016,0.6326292753219604,0.7669124007225037,0.033369644079357386
/content/dataset/train/minimalist/u_06h-5DSaTZM.jpg,minimalist,train,0.478496253490448,0.5045811533927917,0.2705460786819458,0.5009585022926331,0.2810519374907017
/content/dataset/train/minimalist/Fde7w9q0sWw.jpg,minimalist,train,0.7984214425086975,0.07024701684713364,2.165118530683685e-06,0.5000002980232239,0.03206558292731643
/content/dataset/train/minimalist/u_8GdEgdr1EAU.jpg,minimalist,train,0.5872781276702881,0.5350029468536377,0.23857727646827698,0.5554253458976746,0.303130391985178
/content/dataset/train/minimalist/p_14714868.jpg,minimalist,train,0.6852511167526245,0.22568853199481964,0.12253749370574951,0.5328590869903564,0.161874289624393
/content/dataset/train/minimalist/p_2748756.jpg,minimalist,train,0.8007634282112122,0.38381555676460266,0.07172884792089462,0.5054996013641357,0.19620773382484913
/content/dataset/train/minimalist/u_NktqG2ATp6E.jpg,minimalist,train,0.4553694427013397,0.29574355483055115,0.8243322372436523,0.25099021196365356,0.1718874741345644
/content/dataset/train/minimalist/p_31004130.jpg,minimalist,train,0.7232614755630493,0.6676292419433594,0.03851659595966339,0.5086882710456848,0.12311900965869427
/content/dataset/train/minimalist/p_11269876.jpg,minimalist,train,0.8717242479324341,0.2124675214290619,0.05160234495997429,0.5190570950508118,0.16701543238013983
/content/dataset/train/minimalist/u_6k3sohDyvsY.jpg,minimalist,train,0.7763693928718567,0.23719394207000732,0.1012113019824028,0.5001381635665894,0.10511820204555988
/content/dataset/train/minimalist/52EuSDx-r8g.jpg,minimalist,train,0.46060511469841003,0.5375698804855347,0.2893713414669037,0.5616262555122375,0.15220747329294682
/content/dataset/train/minimalist/p_19013610.jpg,minimalist,train,0.6458466649055481,0.3614082336425781,0.5168527364730835,0.6849567294120789,0.03451547469012439
/content/dataset/train/minimalist/p_8357327.jpg,minimalist,train,0.7131261229515076,0.23911799490451813,0.4225262701511383,0.4318532347679138,0.13539309613406658
/content/dataset/train/minimalist/u_p2xYx8lmJPg.jpg,minimalist,train,0.23197582364082336,0.44865530729293823,0.0,0.5,0.2845500409603119
/content/dataset/train/minimalist/p_33695903.jpg,minimalist,train,0.19993650913238525,0.2798149287700653,0.5207814574241638,0.6106776595115662,0.08210360072553158
/content/dataset/train/minimalist/u_8z546yNguz0.jpg,minimalist,train,0.3382270336151123,0.4612863063812256,0.46085190773010254,0.418302983045578,0.2778185997158289
/content/dataset/train/minimalist/p_10887727.jpg,minimalist,train,0.7744194269180298,0.23339852690696716,0.20835821330547333,0.4087635278701782,0.09797405451536179
/content/dataset/train/minimalist/cTY6X5gGJeg.jpg,minimalist,train,0.42833849787712097,0.4184429943561554,0.8249363899230957,0.3590603470802307,0.1291195908561349
/content/dataset/train/minimalist/u_tLtKzlXzMgQ.jpg,minimalist,train,0.48124757409095764,0.48216745257377625,0.46331706643104553,0.5482039451599121,0.08898325730115175
/content/dataset/train/minimalist/p_7766177.jpg,minimalist,train,0.3738824129104614,0.6281092762947083,0.0,0.5,0.28789796866476536
/content/dataset/train/minimalist/p_10975900.jpg,minimalist,train,0.12073174118995667,0.22348575294017792,0.0,0.5,0.07827514316886663
/content/dataset/train/minimalist/p_16500373.jpg,minimalist,train,0.6500449776649475,0.16935810446739197,0.4495086371898651,0.7052655220031738,0.0953346723690629
/content/dataset/train/minimalist/u_b0gUN8JG_3U.jpg,minimalist,train,0.8536244630813599,0.2681041359901428,5.30471834281343e-06,0.5000004768371582,0.10103469714522362
/content/dataset/train/minimalist/p_30267851.jpg,minimalist,train,0.7202935218811035,0.4459291398525238,0.2300271838903427,0.5788953304290771,0.07428930257447064
/content/dataset/train/minimalist/u_qv5XjQv0xaU.jpg,minimalist,train,0.7774167656898499,0.7278407216072083,0.009687882848083973,0.49941813945770264,0.14638223219662905
/content/dataset/train/minimalist/u_NAAzLhJEN8s.jpg,minimalist,train,0.4679201543331146,0.4293290376663208,0.0766327977180481,0.49477332830429077,0.34366633743047714
/content/dataset/train/minimalist/p_9618571.jpg,minimalist,train,0.7491503953933716,0.2828634977340698,0.5325536727905273,0.28522807359695435,0.05504720262251794
/content/dataset/train/minimalist/p_28381530.jpg,minimalist,train,0.5411955118179321,0.332607626914978,0.3366381525993347,0.40032273530960083,0.07049767300486565
/content/dataset/train/minimalist/u_v3aj0clqraw.jpg,minimalist,train,0.8053064346313477,0.3081478774547577,0.06985145807266235,0.4826245903968811,0.0907586794346571
/content/dataset/train/minimalist/p_36379667.jpg,minimalist,train,0.8247258067131042,0.19591590762138367,0.08198270201683044,0.5254760980606079,0.07183582987636328
/content/dataset/train/minimalist/p_7546322.jpg,minimalist,train,0.743654727935791,0.33635345101356506,0.060799501836299896,0.5089872479438782,0.15137061476707458
/content/dataset/train/minimalist/p_12072472.jpg,minimalist,train,0.5102401971817017,0.3816995620727539,0.950749933719635,0.34724950790405273,0.048244972713291645
/content/dataset/train/minimalist/u_74FngI3H2eM.jpg,minimalist,train,0.4606107175350189,0.46547484397888184,0.27476102113723755,0.47647157311439514,0.14545866288244724
/content/dataset/train/minimalist/u_TJ_JgDSbtFM.jpg,minimalist,train,0.5262395143508911,0.6811311841011047,0.17104217410087585,0.4963056445121765,0.37639982998371124
/content/dataset/train/minimalist/u_RysSs-H5YPA.jpg,minimalist,train,0.593786895275116,0.5148181915283203,0.40867021679878235,0.6029629707336426,0.43645216152071953
/content/dataset/train/minimalist/u_f2tdHUM0eds.jpg,minimalist,train,0.557569682598114,0.3998027741909027,0.0,0.5,0.8629841357469559
/content/dataset/train/minimalist/u_aIeg-onysJo.jpg,minimalist,train,0.20501208305358887,0.3754226267337799,0.7622252702713013,0.4628494083881378,0.18395069055259228
/content/dataset/train/minimalist/XvsI1yEB3yg.jpg,minimalist,train,0.4649917781352997,0.6045216917991638,0.0,0.5,0.3287206683307886
/content/dataset/train/minimalist/p_31251294.jpg,minimalist,train,0.3491728603839874,0.7059025764465332,0.0,0.5,0.06256830180063844
/content/dataset/train/minimalist/u_vuq_6ZSg3Ms.jpg,minimalist,train,0.4095640778541565,0.35980403423309326,0.0,0.5,0.11437058448791504
/content/dataset/train/minimalist/p_4793164.jpg,minimalist,train,0.512000322341919,0.6324502229690552,0.1213325560092926,0.5236570239067078,0.18914020154625177
/content/dataset/train/minimalist/p_12278052.jpg,minimalist,train,0.6398141980171204,0.38983455300331116,0.12562930583953857,0.47524493932724,0.19048556685447693
/content/dataset/train/minimalist/u_F4rWoM3cYjI.jpg,minimalist,train,0.7820538282394409,0.4511917531490326,0.04148753732442856,0.5000267028808594,0.1363811269402504
/content/dataset/train/minimalist/p_8789118.jpg,minimalist,train,0.8157880902290344,0.20698897540569305,0.07083283364772797,0.516821563243866,0.08073993492871523
/content/dataset/train/minimalist/p_16600003.jpg,minimalist,train,0.4305114448070526,0.3325311243534088,0.5628383159637451,0.451494425535202,0.08407853310927749
/content/dataset/train/minimalist/p_16258889.jpg,minimalist,train,0.5986015796661377,0.5681824088096619,0.106912761926651,0.516693651676178,0.08650024188682437
/content/dataset/train/minimalist/p_7531411.jpg,minimalist,train,0.7503072023391724,0.2972167134284973,0.025048211216926575,0.4928167760372162,0.19263574853539467
/content/dataset/train/minimalist/u_9XwyOcis4dg.jpg,minimalist,train,0.5635160207748413,0.7441312074661255,0.0,0.5,0.24415203370153904
/content/dataset/train/minimalist/p_35338651.jpg,minimalist,train,0.4490840435028076,0.4794493019580841,0.4597984552383423,0.6263540983200073,0.30431573279201984
/content/dataset/train/minimalist/p_7602925.jpg,minimalist,train,0.7928540110588074,0.1594507247209549,0.01043266523629427,0.5007666945457458,0.0325413269456476
/content/dataset/train/minimalist/u_QfMVKkpGQrY.jpg,minimalist,train,0.47587233781814575,0.4403672516345978,0.4693213105201721,0.36049884557724,0.7075413689017296
/content/dataset/train/minimalist/p_34285606.jpg,minimalist,train,0.7893100380897522,0.5291440486907959,0.0,0.5,0.1498913485556841
/content/dataset/train/minimalist/8ygBgPPWAhc.jpg,minimalist,train,0.44083425402641296,0.53716641664505,0.0,0.5,0.2903489302843809
/content/dataset/train/minimalist/p_28529675.jpg,minimalist,train,0.5920917391777039,0.3752969801425934,0.4498306214809418,0.32657790184020996,0.0634557381272316
/content/dataset/train/minimalist/u_W88ReBKiYhE.jpg,minimalist,train,0.4624537229537964,0.47444742918014526,0.0,0.5,0.1224473537877202
/content/dataset/train/minimalist/p_37272299.jpg,minimalist,train,0.37510883808135986,0.09309399873018265,0.9761112928390503,0.10995140671730042,0.09673445951193571
/content/dataset/train/minimalist/u_cWbCRUogtKY.jpg,minimalist,train,0.2089392989873886,0.35988590121269226,0.0,0.5,0.24226787500083447
/content/dataset/train/minimalist/p_2078266.jpg,minimalist,train,0.4230906367301941,0.3490052819252014,0.22403967380523682,0.49589747190475464,0.0448800902813673
/content/dataset/train/minimalist/p_11182241.jpg,minimalist,train,0.1625763326883316,0.5191319584846497,0.34411758184432983,0.4883594512939453,0.08546831319108605
/content/dataset/train/minimalist/p_11608282.jpg,minimalist,train,0.8317989706993103,0.18284164369106293,0.017311491072177887,0.4985382556915283,0.044786083744838834
/content/dataset/train/minimalist/u_DGUZ1smmT60.jpg,minimalist,train,0.638158917427063,0.3709878623485565,0.29921433329582214,0.4124462306499481,0.23470044136047363
/content/dataset/train/minimalist/u_dsNNM0QX_pE.jpg,minimalist,train,0.5134457349777222,0.5605639219284058,0.17491303384304047,0.5214249491691589,0.35949330776929855
/content/dataset/train/minimalist/p_30938848.jpg,minimalist,train,0.5923987627029419,0.5056557655334473,0.5372888445854187,0.3078451156616211,0.02766128513030708
/content/dataset/train/minimalist/u_2LzHEUP1qmc.jpg,minimalist,train,0.26857271790504456,0.20583030581474304,0.001900706090964377,0.49990808963775635,0.13886617496609688
/content/dataset/train/minimalist/HC4a0brQpqQ.jpg,minimalist,train,0.4799279570579529,0.3485148251056671,0.10987183451652527,0.5197600722312927,0.11080209631472826
/content/dataset/train/minimalist/p_7078411.jpg,minimalist,train,0.8398249745368958,0.11251067370176315,0.02071925811469555,0.49346476793289185,0.03468547249212861
/content/dataset/train/minimalist/u_r0JII--zsQk.jpg,minimalist,train,0.6222903728485107,0.44123148918151855,0.4174001216888428,0.6205797791481018,0.1944370660930872
/content/dataset/train/minimalist/u_Uz9xlBUe-xU.jpg,minimalist,train,0.6818530559539795,0.40781375765800476,0.13677135109901428,0.4496762454509735,0.4255106393247843
/content/dataset/train/minimalist/u_QEA9JMqOuVc.jpg,minimalist,train,0.786920964717865,0.16605955362319946,0.06505148112773895,0.47357377409935,0.06314995000138879
/content/dataset/train/minimalist/oWngHucuwVQ.jpg,minimalist,train,0.6271305084228516,0.37842196226119995,0.0,0.5,0.1361962454393506
/content/dataset/train/minimalist/u_KtPczuFTaHU.jpg,minimalist,train,0.13657987117767334,0.3581356406211853,0.0,0.5,0.08686338784173131
/content/dataset/train/minimalist/LxVxPA1LOVM.jpg,minimalist,train,0.9250012040138245,0.330344557762146,0.0023101195693016052,0.5003858208656311,0.09562342427670956
/content/dataset/train/minimalist/p_13888895.jpg,minimalist,train,0.7580873966217041,0.43425077199935913,0.0786208063364029,0.5249192118644714,0.2865652833133936
/content/dataset/train/minimalist/p_10436566.jpg,minimalist,train,0.1681952029466629,0.33686885237693787,0.0,0.5,0.09378337766975164
/content/dataset/train/minimalist/p_10870289.jpg,minimalist,train,0.8648320436477661,0.39233776926994324,0.0,0.5,0.08645593421533704
/content/dataset/train/minimalist/p_18432621.jpg,minimalist,train,0.6930142641067505,0.584152340888977,0.39456579089164734,0.357414573431015,0.06432908354327083
/content/dataset/train/minimalist/p_36289369.jpg,minimalist,train,0.46316540241241455,0.625538170337677,0.0,0.5,0.13336254749447107
/content/dataset/train/minimalist/u_5D9vecTRpAU.jpg,minimalist,train,0.28003403544425964,0.47576412558555603,0.0,0.5,0.18231501802802086
/content/dataset/train/minimalist/p_6962745.jpg,minimalist,train,0.5595525503158569,0.49267542362213135,0.08799844235181808,0.5157835483551025,0.06193076493218541
/content/dataset/train/minimalist/u_Z6feXCxsRLU.jpg,minimalist,train,0.5205531716346741,0.337538480758667,0.0,0.5,0.059649035101756454
/content/dataset/train/minimalist/u_uUbpyaSQUJU.jpg,minimalist,train,0.6344888806343079,0.43912211060523987,0.1704511195421219,0.4509095549583435,0.2770925220102072
/content/dataset/train/minimalist/p_17107795.jpg,minimalist,train,0.7727456092834473,0.6847728490829468,0.0,0.5,0.07384972181171179
/content/dataset/train/minimalist/u_V9-eYeUgJkY.jpg,minimalist,train,0.319650799036026,0.5587965846061707,0.21623730659484863,0.5187944173812866,0.35979200154542923
/content/dataset/train/minimalist/p_1439390.jpg,minimalist,train,0.650604248046875,0.6550396084785461,0.14806312322616577,0.4893469214439392,0.06637057987973094
/content/dataset/train/minimalist/p_22563467.jpg,minimalist,train,0.5942310094833374,0.4008472263813019,0.15250512957572937,0.4664780795574188,0.26503528468310833
/content/dataset/train/minimalist/p_36865375.jpg,minimalist,train,0.45628970861434937,0.6953431963920593,0.0,0.5,0.25699143297970295
/content/dataset/train/minimalist/p_10974961.jpg,minimalist,train,0.6025630235671997,0.24498412013053894,0.0,0.5,0.08549579419195652
/content/dataset/train/minimalist/u_5Pf9XcF2kws.jpg,minimalist,train,0.7011502385139465,0.3920835256576538,0.43721774220466614,0.39360514283180237,0.12021720176562667
/content/dataset/train/minimalist/u_j3MGeR5i6pI.jpg,minimalist,train,0.5813465118408203,0.7006064653396606,0.0,0.5,0.11196865234524012
/content/dataset/train/minimalist/p_31895338.jpg,minimalist,train,0.9810274839401245,0.10829037427902222,0.0,0.5,0.03303484991192818
/content/dataset/train/minimalist/u_23VP6xqBWEw.jpg,minimalist,train,0.5348308086395264,0.46197935938835144,0.20730973780155182,0.5489025115966797,0.26514320634305477
/content/dataset/train/minimalist/p_23452184.jpg,minimalist,train,0.838505208492279,0.2993294596672058,0.08023221790790558,0.4881575405597687,0.07264825748279691
/content/dataset/train/minimalist/u_FGdEZgpr6SE.jpg,minimalist,train,0.13261961936950684,0.09589188545942307,0.0,0.5,0.030919485725462437
/content/dataset/train/minimalist/u_vrMDQB2e3YQ.jpg,minimalist,train,0.20292538404464722,0.5041269063949585,0.0,0.5,0.32873835414648056
/content/dataset/train/minimalist/u_XeOd2hAMVoU.jpg,minimalist,train,0.3174056112766266,0.6864228248596191,0.19665537774562836,0.49808797240257263,0.2081893663853407
/content/dataset/train/minimalist/u_IzrxMh_xORE.jpg,minimalist,train,0.5466040968894958,0.8257262110710144,0.0,0.5,0.31970931217074394
/content/dataset/train/minimalist/p_19161932.jpg,minimalist,train,0.9360494613647461,0.32087722420692444,0.02375701442360878,0.5019580721855164,0.059862188063561916
/content/dataset/train/minimalist/u_TPl71GxgK_I.jpg,minimalist,train,0.5672169327735901,0.5387545824050903,0.10206162184476852,0.48500856757164,0.8077280223369598
/content/dataset/train/minimalist/u_RC5_gXrsWQc.jpg,minimalist,train,0.7675046324729919,0.25676727294921875,0.2344416230916977,0.5458614826202393,0.045060195261612535
/content/dataset/train/minimalist/p_35251110.jpg,minimalist,train,0.5352358818054199,0.3211524784564972,0.30623602867126465,0.4360364079475403,0.0668253656476736
/content/dataset/train/minimalist/u_xMVJxulhLWA.jpg,minimalist,train,0.5421290397644043,0.6929046511650085,0.0,0.5,0.4583034850656986
/content/dataset/train/minimalist/p_32683840.jpg,minimalist,train,0.75859534740448,0.8332992792129517,0.0,0.5,0.07711559999734163
/content/dataset/train/minimalist/u_8V8EBSZ3gc4.jpg,minimalist,train,0.3922060430049896,0.46237385272979736,0.3630499243736267,0.44076958298683167,0.1056246249936521
/content/dataset/train/minimalist/u_AJxfRH-37-0.jpg,minimalist,train,0.31844276189804077,0.43373003602027893,0.15384243428707123,0.48485612869262695,0.10111905168741941
/content/dataset/train/minimalist/p_4252525.jpg,minimalist,train,0.7900981307029724,0.09823422878980637,0.03509678319096565,0.5026581883430481,0.03501931787468493
/content/dataset/train/minimalist/p_36568873.jpg,minimalist,train,0.6935951113700867,0.3561519980430603,0.35301920771598816,0.4872419238090515,0.4321852186694741
/content/dataset/train/minimalist/u_oIEISA1EkS0.jpg,minimalist,train,0.33841490745544434,0.3120042681694031,0.4611035883426666,0.5852042436599731,0.12251631706021726
/content/dataset/train/minimalist/u_CmsCvGqpbKU.jpg,minimalist,train,0.3683099150657654,0.48242881894111633,0.23023231327533722,0.5344793200492859,0.20208867266774178
/content/dataset/train/minimalist/p_20541346.jpg,minimalist,train,0.7534006237983704,0.5085926651954651,0.24067530035972595,0.5327278971672058,0.2843190636485815
/content/dataset/train/minimalist/p_34717434.jpg,minimalist,train,0.5340825915336609,0.2757987380027771,0.36201414465904236,0.37548255920410156,0.03672290360555053
/content/dataset/train/minimalist/u_F4AX_Wj-AKU.jpg,minimalist,train,0.5630221366882324,0.5705389380455017,0.1632750928401947,0.4910854995250702,0.4844064638018608
/content/dataset/train/minimalist/u_pAN5svZCD-g.jpg,minimalist,train,0.3720235526561737,0.8051342368125916,0.0,0.5,0.2206157147884369
/content/dataset/train/minimalist/u_NE2g8n03XGs.jpg,minimalist,train,0.2096266895532608,0.22386431694030762,0.7126006484031677,0.3772597312927246,0.16818263102322817
/content/dataset/train/minimalist/p_11720401.jpg,minimalist,train,0.42865702509880066,0.4584195613861084,0.6789548993110657,0.3107796311378479,0.09139621397480369
/content/dataset/train/minimalist/p_33376523.jpg,minimalist,train,0.7072303891181946,0.5242090225219727,0.0452333502471447,0.5056973099708557,0.09010488633066416
/content/dataset/train/minimalist/u_-U-VEw5D0zw.jpg,minimalist,train,0.8207347393035889,0.24730809032917023,0.044890787452459335,0.49248284101486206,0.13329549692571163
/content/dataset/train/minimalist/u_L6SDVDPHSh4.jpg,minimalist,train,0.414267897605896,0.46149563789367676,0.0,0.5,0.24601814337074757
/content/dataset/train/minimalist/p_24206110.jpg,minimalist,train,0.8200259208679199,0.2616076171398163,0.6671276688575745,0.8233739733695984,0.13584259431809187
/content/dataset/train/minimalist/hc_0Jjl4gz8.jpg,minimalist,train,0.27714529633522034,0.6276206374168396,0.00013479887275025249,0.49999985098838806,0.2003459818661213
/content/dataset/train/minimalist/p_32606739.jpg,minimalist,train,0.230656698346138,0.2746020257472992,0.2569083869457245,0.5003904104232788,0.17406310886144638
/content/dataset/train/minimalist/u_f7MwVn1B_Lk.jpg,minimalist,train,0.8413910269737244,0.2381981611251831,0.07631800323724747,0.46967971324920654,0.038654436357319355
/content/dataset/train/minimalist/p_28257457.jpg,minimalist,train,0.5906769633293152,0.6054078340530396,0.647074818611145,0.48377713561058044,0.1310297753661871
/content/dataset/train/minimalist/p_27363812.jpg,minimalist,train,0.7049674987792969,0.4806113839149475,0.2789384424686432,0.39951688051223755,0.05075179971754551
/content/dataset/train/minimalist/p_31086264.jpg,minimalist,train,0.8922205567359924,0.1292489767074585,0.014111947268247604,0.5036723613739014,0.046904945047572255
/content/dataset/train/minimalist/u_x9ap20sVuiM.jpg,minimalist,train,0.5847008228302002,0.4873022139072418,0.0,0.5,0.11375940404832363
/content/dataset/train/minimalist/p_7303773.jpg,minimalist,train,0.6938127279281616,0.23794515430927277,0.1449202597141266,0.5468446016311646,0.09904042119160295
/content/dataset/train/minimalist/u_TntxqeQbosg.jpg,minimalist,train,0.8146505355834961,0.3027418851852417,0.05375159531831741,0.49627891182899475,0.12964272405952215
/content/dataset/train/minimalist/u_STW4T8mL9eE.jpg,minimalist,train,0.586531937122345,0.26341620087623596,0.2691996097564697,0.5824962258338928,0.12543686665594578
/content/dataset/train/minimalist/p_14640267.jpg,minimalist,train,0.46748411655426025,0.5838344693183899,0.6238588094711304,0.33162620663642883,0.04938540514558554
/content/dataset/train/minimalist/p_33357949.jpg,minimalist,train,0.73236483335495,0.4412514567375183,0.12454919517040253,0.5304323434829712,0.16868446953594685
/content/dataset/train/minimalist/p_33785303.jpg,minimalist,train,0.7043003439903259,0.36301934719085693,0.24200643599033356,0.584662675857544,0.18828959669917822
/content/dataset/train/minimalist/p_33760339.jpg,minimalist,train,0.4692123532295227,0.5499275326728821,0.6705347299575806,0.34474849700927734,0.12125286273658276
/content/dataset/train/minimalist/p_6254888.jpg,minimalist,train,0.5277292132377625,0.39560458064079285,0.28178223967552185,0.45431825518608093,0.0572057836689055
/content/dataset/train/monochrome/p_12289403.jpg,monochrome,train,0.3766012489795685,0.688790500164032,0.0,0.5,0.4611183702945709
/content/dataset/train/monochrome/p_28529602.jpg,monochrome,train,0.3902909755706787,0.26835688948631287,0.0,0.5,0.1602255878970027
/content/dataset/train/monochrome/p_21801998.jpg,monochrome,train,0.4807926416397095,0.6062853336334229,0.0,0.5,0.23817060515284538
/content/dataset/train/monochrome/p_21555830.jpg,monochrome,train,0.05680890008807182,0.34694406390190125,0.0,0.5,0.09974084328860044
/content/dataset/train/monochrome/u_wz6jcqgse9E.jpg,monochrome,train,0.8523249626159668,0.3954005539417267,0.0,0.5,0.656968280673027
/content/dataset/train/monochrome/u_Y42EeZIDRIw.jpg,monochrome,train,0.18831035494804382,0.46176573634147644,0.5085763931274414,0.48883742094039917,0.11953817680478096
/content/dataset/train/monochrome/p_32086199.jpg,monochrome,train,0.8698002696037292,0.14351841807365417,0.0,0.5,0.06659294478595257
/content/dataset/train/monochrome/u_mIRzGuZQPdE.jpg,monochrome,train,0.3287171423435211,0.436601847410202,0.0,0.5,0.33186684362590313
/content/dataset/train/monochrome/p_30484693.jpg,monochrome,train,0.0993080884218216,0.23560890555381775,0.0007729035569354892,0.49997463822364807,0.08101249812170863
/content/dataset/train/monochrome/p_35696867.jpg,monochrome,train,0.5777039527893066,0.6825896501541138,0.0,0.5,0.6573702953755856
/content/dataset/train/monochrome/p_22927128.jpg,monochrome,train,0.31874313950538635,0.5957373976707458,0.0,0.5,0.3364971559494734
/content/dataset/train/monochrome/p_31849195.jpg,monochrome,train,0.3491903841495514,0.27450069785118103,0.0,0.5,0.1542626041918993
/content/dataset/train/monochrome/u_KfqvbJ8-YnU.jpg,monochrome,train,0.22055462002754211,0.3509976863861084,0.0,0.5,0.18898810259997845
/content/dataset/train/monochrome/u_dBTN359Xk_E.jpg,monochrome,train,0.6165773868560791,0.4977816939353943,0.0,0.5,0.20461094565689564
/content/dataset/train/monochrome/p_6195297.jpg,monochrome,train,0.4361467957496643,0.5631929039955139,0.0,0.5,0.43913647532463074
/content/dataset/train/monochrome/p_4455620.jpg,monochrome,train,0.4826880395412445,0.47330164909362793,0.0,0.5,0.1614899281412363
/content/dataset/train/monochrome/u_aQOZs3mp2tw.jpg,monochrome,train,0.5578621625900269,0.4506070911884308,0.0,0.5,0.42866915464401245
/content/dataset/train/monochrome/p_9129503.jpg,monochrome,train,0.2654622793197632,0.3073698580265045,0.0,0.5,0.10495998430997133
/content/dataset/train/monochrome/p_29345046.jpg,monochrome,train,0.6030019521713257,0.44034457206726074,0.0,0.5,0.3041763324290514
/content/dataset/train/monochrome/p_31994376.jpg,monochrome,train,0.33069631457328796,0.4595388174057007,0.0,0.5,0.20825522020459175
/content/dataset/train/monochrome/u_a3dq3j77ZGk.jpg,monochrome,train,0.5016200542449951,0.5583691596984863,0.0,0.5,0.10272921063005924
/content/dataset/train/monochrome/p_3798184.jpg,monochrome,train,0.3519011437892914,0.42997798323631287,0.0,0.5,0.11109842453151941
/content/dataset/train/monochrome/u_dbd8MHHG4qI.jpg,monochrome,train,0.7031916975975037,0.6895266175270081,0.0,0.5,0.25626206770539284
/content/dataset/train/monochrome/u_dcjCJXWQW_w.jpg,monochrome,train,0.4706074893474579,0.46032801270484924,0.0,0.5,0.06227900623343885
/content/dataset/train/monochrome/u_rJ0FHDIZ9h4.jpg,monochrome,train,0.3382166922092438,0.47471609711647034,0.0,0.5,0.3376700449734926
/content/dataset/train/monochrome/u_Hwy0QlmBHkc.jpg,monochrome,train,0.5142815113067627,0.6069228649139404,0.05593428760766983,0.5039596557617188,0.07238771300762892
/content/dataset/train/monochrome/u_sZooophzUcw.jpg,monochrome,train,0.10359997302293777,0.3187439739704132,0.03660733997821808,0.5023218393325806,0.1447140844538808
/content/dataset/train/monochrome/u_bwG9tPz-IR4.jpg,monochrome,train,0.5343817472457886,0.8194141983985901,0.0,0.5,0.3147931583225727
/content/dataset/train/monochrome/p_17476812.jpg,monochrome,train,0.5683501362800598,0.5868585109710693,0.10055822134017944,0.49091389775276184,0.1550342096015811
/content/dataset/train/monochrome/p_30194553.jpg,monochrome,train,0.2923482656478882,0.33247169852256775,0.0,0.5,0.35532113164663315
/content/dataset/train/monochrome/u_GMrIXB56PIA.jpg,monochrome,train,0.6371142268180847,0.6004680395126343,0.0,0.5,0.41970137506723404
/content/dataset/train/monochrome/u_b0WqDnWM5rY.jpg,monochrome,train,0.4462689459323883,0.5261481404304504,0.0,0.5,0.686611719429493
/content/dataset/train/monochrome/p_31251258.jpg,monochrome,train,0.018843084573745728,0.17861419916152954,0.0,0.5,0.04208628670312464
/content/dataset/train/monochrome/p_2027697.jpg,monochrome,train,0.019076695665717125,0.1783757507801056,0.0,0.5,0.09928315877914429
/content/dataset/train/monochrome/u_xl0EWBPJuFA.jpg,monochrome,train,0.2515479028224945,0.5234213471412659,0.0,0.5,0.4551263526082039
/content/dataset/train/monochrome/p_37458368.jpg,monochrome,train,0.4042820334434509,0.4261193871498108,0.0,0.5,0.2547304332256317
/content/dataset/train/monochrome/u_TTWS3wLm07s.jpg,monochrome,train,0.3563656806945801,0.36941179633140564,0.0,0.5,0.4115280322730541
/content/dataset/train/monochrome/u_9aZC_v4mLwE.jpg,monochrome,train,0.6438324451446533,0.6086862087249756,0.019870426505804062,0.5056692957878113,0.1873205602169037
/content/dataset/train/monochrome/p_20207796.jpg,monochrome,train,0.09665609151124954,0.35549551248550415,0.0,0.5,0.24773470126092434
/content/dataset/train/monochrome/u_VP8X5FQG-cA.jpg,monochrome,train,0.45170265436172485,0.7281519174575806,0.0,0.5,0.22985165007412434
/content/dataset/train/monochrome/u_ZDfwDtaC1VI.jpg,monochrome,train,0.7155477404594421,0.5388690829277039,0.0,0.5,0.16072170808911324
/content/dataset/train/monochrome/p_4814995.jpg,monochrome,train,0.37787485122680664,0.5559330582618713,0.0,0.5,1.0
/content/dataset/train/monochrome/u_SJX8aiGd7TI.jpg,monochrome,train,0.43307775259017944,0.45177626609802246,0.0,0.5,0.46489574015140533
/content/dataset/train/monochrome/p_2105262.jpg,monochrome,train,0.13039185106754303,0.5724296569824219,0.0,0.5,0.5412941519171
/content/dataset/train/monochrome/u_9eEsCo2jJdw.jpg,monochrome,train,0.5360198020935059,0.573799192905426,0.044198937714099884,0.5040778517723083,0.6078250333666801
/content/dataset/train/monochrome/p_5646553.jpg,monochrome,train,0.013177068904042244,0.1199290007352829,0.0,0.5,0.023665072512812912
/content/dataset/train/monochrome/u_79BJKg2FwPI.jpg,monochrome,train,0.06735441833734512,0.3104517161846161,0.017098819836974144,0.4996176064014435,0.12361707165837288
/content/dataset/train/monochrome/p_33324595.jpg,monochrome,train,0.4854343831539154,0.5337971448898315,0.0,0.5,0.7891521230340004
/content/dataset/train/monochrome/p_2456270.jpg,monochrome,train,0.8897567987442017,0.3115765452384949,0.0,0.5,0.10753186419606209
/content/dataset/train/monochrome/u_cAfAKfYvMPM.jpg,monochrome,train,0.3991803526878357,0.349931001663208,0.0,0.5,0.23718103766441345
/content/dataset/train/monochrome/u_-kLWGKFCTeA.jpg,monochrome,train,0.1617097109556198,0.30093783140182495,0.00010861823102459311,0.5000210404396057,0.20538062788546085
/content/dataset/train/monochrome/u_jMG8fj547Vo.jpg,monochrome,train,0.6757098436355591,0.8297096490859985,0.0,0.5,0.2885707374662161
/content/dataset/train/monochrome/p_16953201.jpg,monochrome,train,0.4887828826904297,0.7012965679168701,0.0,0.5,0.27296440675854683
/content/dataset/train/monochrome/u_G3RMuDlSUfI.jpg,monochrome,train,0.4424242675304413,0.6838500499725342,0.0,0.5,0.8839167281985283
/content/dataset/train/monochrome/p_21046915.jpg,monochrome,train,0.4461001455783844,0.45380935072898865,0.0,0.5,0.6507435441017151
/content/dataset/train/monochrome/p_31856101.jpg,monochrome,train,0.03804537653923035,0.19292503595352173,0.0,0.5,0.11609694920480251
/content/dataset/train/monochrome/u_ojE3yyWz27s.jpg,monochrome,train,0.6799221634864807,0.4429280161857605,0.18923278152942657,0.5244372487068176,0.28341323137283325
/content/dataset/train/monochrome/u_WcBGLwLqjXA.jpg,monochrome,train,0.7843089699745178,0.28995823860168457,0.023470265790820122,0.5016929507255554,0.13340763747692108
/content/dataset/train/monochrome/u_3Eo9J6Y1BS0.jpg,monochrome,train,0.4373912811279297,0.5451059341430664,0.0,0.5,0.9540732204914093
/content/dataset/train/monochrome/p_30037285.jpg,monochrome,train,0.18317794799804688,0.5541067123413086,0.0,0.5,0.18390792421996593
/content/dataset/train/monochrome/u_spGwQG4_pZU.jpg,monochrome,train,0.5525895357131958,0.48556235432624817,0.0,0.5,0.3665299154818058
/content/dataset/train/monochrome/u_lmrOHEFE31Y.jpg,monochrome,train,0.3177637755870819,0.30669814348220825,0.0,0.5,0.26604052633047104
/content/dataset/train/monochrome/p_30480095.jpg,monochrome,train,0.2105882465839386,0.382865309715271,0.0,0.5,0.3765183314681053
/content/dataset/train/monochrome/p_32537574.jpg,monochrome,train,0.3777894675731659,0.5166076421737671,0.0,0.5,1.0
/content/dataset/train/monochrome/p_3383956.jpg,monochrome,train,0.5690249800682068,0.5860569477081299,0.0,0.5,0.48347357660532
/content/dataset/train/monochrome/u_eWtalyTolag.jpg,monochrome,train,0.20920777320861816,0.22310853004455566,0.6658490300178528,0.5716933012008667,0.08581729605793953
/content/dataset/train/monochrome/p_20443586.jpg,monochrome,train,0.4106244146823883,0.4358324706554413,0.0,0.5,0.4499845393002033
/content/dataset/train/monochrome/p_31681995.jpg,monochrome,train,0.1551949679851532,0.3437861502170563,0.0,0.5,0.15269954223185778
/content/dataset/train/monochrome/u_ODCWlp6WyPU.jpg,monochrome,train,0.565970778465271,0.2945578098297119,0.12822239100933075,0.5089178085327148,0.1671250769868493
/content/dataset/train/monochrome/u_ega9tCMg5Fk.jpg,monochrome,train,0.3685011863708496,0.6348998546600342,0.0,0.5,0.3337490186095238
/content/dataset/train/monochrome/u_k6xy9MrJP6M.jpg,monochrome,train,0.2589285969734192,0.5210000872612,0.46941760182380676,0.4636695384979248,0.33829590305685997
/content/dataset/train/monochrome/u_PLplezn22eU.jpg,monochrome,train,0.2544039487838745,0.44777393341064453,0.0,0.5,0.23813330568373203
/content/dataset/train/monochrome/p_28312673.jpg,monochrome,train,0.13001474738121033,0.3685777187347412,0.0,0.5,0.2148026879876852
/content/dataset/train/monochrome/p_4386629.jpg,monochrome,train,0.11048351228237152,0.2822895050048828,0.0,0.5,0.3808617126196623
/content/dataset/train/monochrome/u_vfotXx_tE5E.jpg,monochrome,train,0.49133944511413574,0.6028143763542175,0.05971403419971466,0.5036575794219971,0.0905485381372273
/content/dataset/train/monochrome/u_RUyW5Wz7ttU.jpg,monochrome,train,0.21057790517807007,0.40022554993629456,0.0,0.5,0.11210527271032333
/content/dataset/train/monochrome/u_h5XydoWpsts.jpg,monochrome,train,0.30612388253211975,0.39419493079185486,0.0,0.5,0.41011685505509377
/content/dataset/train/monochrome/p_33734359.jpg,monochrome,train,0.26890671253204346,0.6223864555358887,0.0,0.5,0.3958427533507347
/content/dataset/train/monochrome/u_lqb0Mqq8RSM.jpg,monochrome,train,0.1938617080450058,0.20522627234458923,0.0,0.5,0.059729102067649364
/content/dataset/train/monochrome/p_10151769.jpg,monochrome,train,0.6621696352958679,0.4989674985408783,0.0,0.5,0.05180777166970074
/content/dataset/train/monochrome/p_34689756.jpg,monochrome,train,0.4333169758319855,0.3927364647388458,0.0,0.5,0.28149377554655075
/content/dataset/train/monochrome/u_eX0N1Ex-qFo.jpg,monochrome,train,0.6370929479598999,0.5589426755905151,5.140565917827189e-05,0.500011682510376,0.19103105179965496
/content/dataset/train/monochrome/p_33734373.jpg,monochrome,train,0.9364362359046936,0.30031079053878784,0.0,0.5,0.068826072383672
/content/dataset/train/monochrome/p_36804659.jpg,monochrome,train,0.32993099093437195,0.7170532941818237,0.04530499503016472,0.5043222904205322,0.4893079772591591
/content/dataset/train/monochrome/p_6283340.jpg,monochrome,train,0.4208112359046936,0.31963247060775757,0.044316597282886505,0.5065393447875977,0.15583984088152647
/content/dataset/train/monochrome/u_HXA18Kw14uc.jpg,monochrome,train,0.6338115334510803,0.41587305068969727,0.0,0.5,0.3318122774362564
/content/dataset/train/monochrome/u_mhhTdNARmFk.jpg,monochrome,train,0.4897114634513855,0.4269610345363617,0.0,0.5,0.21468650549650192
/content/dataset/train/monochrome/u_isISxs1bL6o.jpg,monochrome,train,0.6107599139213562,0.4396861493587494,3.645091510406928e-06,0.4999995231628418,0.17252621240913868
/content/dataset/train/monochrome/p_33538367.jpg,monochrome,train,0.261036217212677,0.529887318611145,0.07303819805383682,0.4965895712375641,0.26429876685142517
/content/dataset/train/monochrome/p_9739614.jpg,monochrome,train,0.42143678665161133,0.7272162437438965,0.08261476457118988,0.49004828929901123,0.10251258499920368
/content/dataset/train/monochrome/u_tvz0oPgYG80.jpg,monochrome,train,0.47107788920402527,0.44739821553230286,0.0,0.5,0.3652196377515793
/content/dataset/train/monochrome/p_28892887.jpg,monochrome,train,0.22441354393959045,0.36926835775375366,0.0,0.5,0.3294401802122593
/content/dataset/train/monochrome/u_RhaIU1TAxdk.jpg,monochrome,train,0.4722840487957001,0.8466024994850159,0.0,0.5,0.030350314918905497
/content/dataset/train/monochrome/u_bGBAXzFOnd0.jpg,monochrome,train,0.8655214309692383,0.21979598701000214,0.0,0.5,0.06758567411452532
/content/dataset/train/monochrome/u_aEehp5srUgY.jpg,monochrome,train,0.29808035492897034,0.4073682725429535,0.0,0.5,0.15334917698055506
/content/dataset/train/monochrome/u_zGW7A0-_Ba8.jpg,monochrome,train,0.6010698080062866,0.7146326899528503,0.0,0.5,0.36025408655405045
/content/dataset/train/monochrome/p_35253425.jpg,monochrome,train,0.640382707118988,0.4559812843799591,0.0,0.5,0.24214343167841434
/content/dataset/train/monochrome/u_X8xRBoeJ8xM.jpg,monochrome,train,0.08608070015907288,0.31340017914772034,0.0,0.5,0.10154768824577332
/content/dataset/train/monochrome/p_4510446.jpg,monochrome,train,0.29014113545417786,0.3748258650302887,0.0,0.5,0.632284302264452
/content/dataset/train/monochrome/p_33968590.jpg,monochrome,train,0.4092004597187042,0.5783441066741943,0.0,0.5,1.0
/content/dataset/train/monochrome/p_31119321.jpg,monochrome,train,0.01775968261063099,0.19368533790111542,0.0,0.5,0.04420322133228183
/content/dataset/train/monochrome/u_qNmQPwEnmgw.jpg,monochrome,train,0.1535222828388214,0.35491710901260376,0.0,0.5,0.20773081108927727
/content/dataset/train/monochrome/u_48VZfVqLh1w.jpg,monochrome,train,0.1904219537973404,0.3444376289844513,0.0,0.5,0.18578150309622288
/content/dataset/train/monochrome/p_33944892.jpg,monochrome,train,0.5069855451583862,0.5983259677886963,0.04566238820552826,0.5006117820739746,0.2192671736702323
/content/dataset/train/monochrome/p_19202278.jpg,monochrome,train,0.16443844139575958,0.3341958820819855,0.0,0.5,0.09468776872381568
/content/dataset/train/monochrome/u_fus8TyxXabA.jpg,monochrome,train,0.3903953731060028,0.7360584139823914,0.0,0.5,0.5268705077469349
/content/dataset/train/monochrome/p_5909154.jpg,monochrome,train,0.5405280590057373,0.3668593764305115,0.06600875407457352,0.48981285095214844,0.16742372419685125
/content/dataset/train/monochrome/p_34040076.jpg,monochrome,train,0.449338436126709,0.7595357894897461,0.0,0.5,0.12295137159526348
/content/dataset/train/monochrome/p_35493724.jpg,monochrome,train,0.34218358993530273,0.5770034790039062,0.0,0.5,0.3023533895611763
/content/dataset/train/monochrome/u_QDDV2XO8Q5I.jpg,monochrome,train,0.6005192995071411,0.43815281987190247,0.05579811707139015,0.5049635171890259,0.8017083443701267
/content/dataset/train/monochrome/p_33365820.jpg,monochrome,train,0.540736198425293,0.44217753410339355,0.0,0.5,0.2532258350402117
/content/dataset/train/monochrome/p_32537566.jpg,monochrome,train,0.5806578993797302,0.70198655128479,0.0,0.5,0.250935023650527
/content/dataset/train/monochrome/p_36706488.jpg,monochrome,train,0.5266416072845459,0.6965000033378601,0.0,0.5,0.17242826521396637
/content/dataset/train/monochrome/p_31909004.jpg,monochrome,train,0.2003459334373474,0.362932950258255,0.0,0.5,0.5431748181581497
/content/dataset/train/monochrome/u_w_99y8wVwlo.jpg,monochrome,train,0.2918461263179779,0.5135076642036438,0.0,0.5,0.3706880006939173
/content/dataset/train/monochrome/p_35083841.jpg,monochrome,train,0.4994501769542694,0.5745000839233398,0.0,0.5,0.36272116005420685
/content/dataset/train/monochrome/p_31183414.jpg,monochrome,train,0.4975637197494507,0.7386061549186707,0.0,0.5,0.3453802037984133
/content/dataset/train/monochrome/p_29902665.jpg,monochrome,train,0.32803526520729065,0.31837785243988037,0.0,0.5,0.21541815716773272
/content/dataset/train/monochrome/p_9070706.jpg,monochrome,train,0.4250045418739319,0.5498304963111877,0.0,0.5,0.401614997535944
/content/dataset/train/monochrome/p_33421227.jpg,monochrome,train,0.7112506031990051,0.5105535387992859,0.0,0.5,0.17635791562497616
/content/dataset/train/monochrome/u_5jP5eWOvSXM.jpg,monochrome,train,0.4920477569103241,0.44105035066604614,0.006492778193205595,0.4993007779121399,0.3471720963716507
/content/dataset/train/monochrome/p_35345071.jpg,monochrome,train,0.5129879713058472,0.7963038086891174,0.0,0.5,0.35048823803663254
/content/dataset/train/monochrome/u__mvFcwE7pog.jpg,monochrome,train,0.6228079795837402,0.32176417112350464,0.12808233499526978,0.5304336547851562,0.0505748693831265
/content/dataset/train/monochrome/p_34230446.jpg,monochrome,train,0.6935490369796753,0.5046061277389526,0.013143043033778667,0.49653100967407227,0.4576108045876026
/content/dataset/train/monochrome/u_tppELstLEP8.jpg,monochrome,train,0.23820501565933228,0.4369661211967468,0.031829580664634705,0.49705711007118225,0.13965652789920568
/content/dataset/train/monochrome/p_9824643.jpg,monochrome,train,0.3236849009990692,0.25300705432891846,0.0,0.5,0.1401996985077858
/content/dataset/train/monochrome/p_32106165.jpg,monochrome,train,0.6208915114402771,0.3902018666267395,0.0,0.5,0.3637613542377949
/content/dataset/train/monochrome/u_Uf_5xCFKACA.jpg,monochrome,train,0.5684682726860046,0.24833449721336365,0.0,0.5,0.21542209200561047
/content/dataset/train/monochrome/u_jhdY49dVZgQ.jpg,monochrome,train,0.6395090222358704,0.649909257888794,0.0,0.5,0.24316128343343735
/content/dataset/train/monochrome/p_31681969.jpg,monochrome,train,0.43531179428100586,0.5258012413978577,0.0,0.5,0.4323228821158409
/content/dataset/train/monochrome/u_Iu1_vkEJoiM.jpg,monochrome,train,0.4455251097679138,0.39110031723976135,0.0,0.5,0.22620775736868382
/content/dataset/train/monochrome/p_30864275.jpg,monochrome,train,0.6956313252449036,0.5883299708366394,0.0,0.5,0.1397231500595808
/content/dataset/train/monochrome/u_MR_Ai8LNyms.jpg,monochrome,train,0.5081515312194824,0.5728234648704529,0.0,0.5,0.7747029513120651
/content/dataset/train/monochrome/u_KtEv9rOCGX0.jpg,monochrome,train,0.5803403854370117,0.649028480052948,0.0,0.5,0.13252055272459984
/content/dataset/train/monochrome/u_PKGfh2sjysY.jpg,monochrome,train,0.3107052445411682,0.40635836124420166,0.0,0.5,0.3279139846563339
/content/dataset/train/monochrome/u_pRuHiXYWKVM.jpg,monochrome,train,0.7692466378211975,0.47540590167045593,0.031675588339567184,0.49820178747177124,0.1801823265850544
/content/dataset/train/monochrome/p_31251681.jpg,monochrome,train,0.1218719556927681,0.5048274397850037,0.0,0.5,0.16463178675621748
/content/dataset/train/monochrome/u_T-iSIlXeofU.jpg,monochrome,train,0.4847958981990814,0.5897937417030334,0.0,0.5,0.12309149838984013
/content/dataset/train/monochrome/p_32683860.jpg,monochrome,train,0.12467040866613388,0.49333319067955017,0.0,0.5,0.11694167740643024
/content/dataset/train/monochrome/u_LyU1BVDAGNs.jpg,monochrome,train,0.5478948950767517,0.39308688044548035,0.0,0.5,0.5583485774695873
/content/dataset/train/monochrome/p_33041229.jpg,monochrome,train,0.4915635883808136,0.5878922343254089,0.0,0.5,0.7702413573861122
/content/dataset/train/monochrome/u_bJ7wRAc8nQQ.jpg,monochrome,train,0.5669016242027283,0.8224372863769531,0.0,0.5,0.21394536830484867
/content/dataset/train/monochrome/p_31887553.jpg,monochrome,train,0.2181830257177353,0.44437742233276367,0.03193747624754906,0.501421332359314,0.13498209416866302
/content/dataset/train/monochrome/u_CVYF4f3YZqU.jpg,monochrome,train,0.5072008371353149,0.455960214138031,0.0,0.5,0.2573686558753252
/content/dataset/train/monochrome/p_35253416.jpg,monochrome,train,0.6894559860229492,0.44501614570617676,0.0,0.5,0.27676334604620934
/content/dataset/train/monochrome/p_8699838.jpg,monochrome,train,0.23288191854953766,0.3813569247722626,0.0,0.5,0.27458046562969685
/content/dataset/train/monochrome/p_2449364.jpg,monochrome,train,0.42548316717147827,0.8029937744140625,0.0,0.5,0.050960686057806015
/content/dataset/train/monochrome/u_YhKCGNliZXs.jpg,monochrome,train,0.09010417759418488,0.3585725724697113,0.0,0.5,0.14810099732130766
/content/dataset/train/monochrome/u_dwduMR3XM2s.jpg,monochrome,train,0.5436866283416748,0.5484020709991455,0.0,0.5,0.2050902135670185
/content/dataset/train/monochrome/p_5990737.jpg,monochrome,train,0.8649775981903076,0.31698206067085266,0.0,0.5,0.06636567180976272
/content/dataset/train/monochrome/p_33968591.jpg,monochrome,train,0.547621488571167,0.24434208869934082,0.0,0.5,1.0
/content/dataset/train/monochrome/u_FJ5G-emZNUU.jpg,monochrome,train,0.2923741340637207,0.49028968811035156,0.0,0.5,0.37727082148194313
/content/dataset/train/monochrome/u_ZO8etbc6t3o.jpg,monochrome,train,0.4496641755104065,0.5867061018943787,0.0,0.5,0.4975529573857784
/content/dataset/train/monochrome/p_30792487.jpg,monochrome,train,0.20361794531345367,0.4869137406349182,0.0,0.5,0.3493581525981426
/content/dataset/train/monochrome/p_6569317.jpg,monochrome,train,0.14225682616233826,0.5645496845245361,0.0,0.5,0.08646496338769794
/content/dataset/train/monochrome/p_31083292.jpg,monochrome,train,0.2411862015724182,0.4901406168937683,0.0,0.5,0.3372708708047867
/content/dataset/train/monochrome/u_KcX1LwbdYUg.jpg,monochrome,train,0.7842779159545898,0.4172746241092682,0.0,0.5,0.1363053685054183
/content/dataset/train/monochrome/u_K7U6eKnSwaE.jpg,monochrome,train,0.3327292501926422,0.36778366565704346,0.0,0.5,0.4551981948316097
/content/dataset/train/monochrome/p_31856107.jpg,monochrome,train,0.05774536356329918,0.31876084208488464,0.0,0.5,0.0900660757906735
/content/dataset/train/monochrome/u_TJVDji1_In4.jpg,monochrome,train,0.18220432102680206,0.4121520519256592,2.6627785700839013e-06,0.5000005960464478,0.14444846659898758
/content/dataset/train/monochrome/p_33897128.jpg,monochrome,train,0.3315463960170746,0.54073166847229,0.03481354936957359,0.4986938536167145,0.3676289785653353
/content/dataset/train/monochrome/u_OcFNnkSl8Wo.jpg,monochrome,train,0.3706449270248413,0.4310151934623718,0.0,0.5,0.44038552790880203
/content/dataset/train/monochrome/p_30293095.jpg,monochrome,train,0.3279569149017334,0.5168923735618591,0.0,0.5,0.14344987459480762
/content/dataset/train/monochrome/u_BPaHXuXKTuI.jpg,monochrome,train,0.46018537878990173,0.5051842927932739,0.0,0.5,0.11278828140348196
/content/dataset/train/monochrome/p_33421210.jpg,monochrome,train,0.6129027009010315,0.5103883743286133,0.0,0.5,0.8705946058034897
/content/dataset/train/monochrome/u_u_GfarC6NUw.jpg,monochrome,train,0.3888676166534424,0.5302948951721191,0.0,0.5,0.13684705831110477
/content/dataset/train/monochrome/u_lk-EWEs6Obw.jpg,monochrome,train,0.2360924929380417,0.34437212347984314,0.0,0.5,0.2988885063678026
/content/dataset/train/monochrome/p_10892306.jpg,monochrome,train,0.5398468971252441,0.5382384061813354,0.0,0.5,0.34169665537774563
/content/dataset/train/monochrome/p_33365894.jpg,monochrome,train,0.7367991209030151,0.46390917897224426,0.0,0.5,0.1344015821814537
/content/dataset/train/monochrome/p_4982557.jpg,monochrome,train,0.32320156693458557,0.5457106828689575,0.0,0.5,0.3496921621263027
/content/dataset/train/monochrome/p_5070853.jpg,monochrome,train,0.6864858865737915,0.48669183254241943,0.0,0.5,0.11266815476119518
/content/dataset/train/monochrome/p_31856125.jpg,monochrome,train,0.16842661798000336,0.29095929861068726,0.0,0.5,0.23248749785125256
/content/dataset/train/monochrome/p_19433130.jpg,monochrome,train,0.07944756001234055,0.31823962926864624,0.0,0.5,0.1932780910283327
/content/dataset/train/monochrome/u_txx7peM3DfY.jpg,monochrome,train,0.39375948905944824,0.3135465383529663,0.0010996668133884668,0.4999232590198517,0.5681732296943665
/content/dataset/train/monochrome/p_4420606.jpg,monochrome,train,0.2520708441734314,0.27070075273513794,0.0,0.5,0.17506297677755356
/content/dataset/train/monochrome/u_gZTYf5rcZHg.jpg,monochrome,train,0.45113614201545715,0.7262281775474548,0.1017804816365242,0.5039275288581848,0.09672011714428663
/content/dataset/train/monochrome/u_8G-QhjggYQs.jpg,monochrome,train,0.11857855319976807,0.2651960253715515,0.8684313297271729,0.5509808659553528,0.18115500919520855
/content/dataset/train/monochrome/p_31938152.jpg,monochrome,train,0.27463847398757935,0.46970537304878235,0.0,0.5,0.12293017469346523
/content/dataset/train/monochrome/p_32729530.jpg,monochrome,train,0.5019804239273071,0.6176210641860962,0.011578790843486786,0.5012028217315674,0.15937259886413813
/content/dataset/train/monochrome/p_29579670.jpg,monochrome,train,0.20593534409999847,0.32672926783561707,0.0,0.5,0.26196835562586784
/content/dataset/train/monochrome/p_33734376.jpg,monochrome,train,0.9286586046218872,0.3469528555870056,0.0,0.5,0.08605752605944872
/content/dataset/train/monochrome/p_31257894.jpg,monochrome,train,0.5191002488136292,0.5796462297439575,0.0,0.5,0.3871532529592514
/content/dataset/train/monochrome/p_4411379.jpg,monochrome,train,0.5890974998474121,0.394794225692749,0.0,0.5,0.07309919456019998
/content/dataset/train/monochrome/u_J0smv6JsE9k.jpg,monochrome,train,0.47743818163871765,0.31778427958488464,0.0,0.5,0.19325886853039265
/content/dataset/train/monochrome/p_28449890.jpg,monochrome,train,0.15262489020824432,0.5727535486221313,0.0,0.5,0.14140320010483265
/content/dataset/train/monochrome/u_yX0HXQoV-Bk.jpg,monochrome,train,0.2638007700443268,0.34612274169921875,5.922362470300868e-05,0.49999937415122986,0.25933886878192425
/content/dataset/train/monochrome/u_gvNMZCLSKlM.jpg,monochrome,train,0.6964088678359985,0.6852202415466309,0.0020851262379437685,0.5008593797683716,0.13812454417347908
/content/dataset/train/monochrome/p_13005935.jpg,monochrome,train,0.3505428433418274,0.5983248949050903,0.0,0.5,0.287780212238431
/content/dataset/train/monochrome/p_4107897.jpg,monochrome,train,0.6809840798377991,0.28609299659729004,0.0,0.5,0.049828230403363705
/content/dataset/train/monochrome/p_30910339.jpg,monochrome,train,0.6040337085723877,0.5785934925079346,0.0,0.5,0.2544666454195976
/content/dataset/train/monochrome/p_19544667.jpg,monochrome,train,0.43758800625801086,0.5709114074707031,0.0,0.5,0.3521588630974293
/content/dataset/train/monochrome/u_G3cal9Wi1YA.jpg,monochrome,train,0.18181617558002472,0.46606382727622986,0.0,0.5,0.15474031679332256
/content/dataset/train/monochrome/p_10178349.jpg,monochrome,train,0.4557836055755615,0.8193181753158569,0.08151451498270035,0.49829182028770447,0.1341570820659399
/content/dataset/train/monochrome/u_aHhz9PRivps.jpg,monochrome,train,0.08819043636322021,0.27913951873779297,0.0,0.5,0.15234702732414007
/content/dataset/train/monochrome/u_F-qjsiFAo-s.jpg,monochrome,train,0.7938226461410522,0.24512632191181183,0.0,0.5,0.12227424886077642
/content/dataset/train/monochrome/u_chTzUHL6YpY.jpg,monochrome,train,0.3890262246131897,0.5920304656028748,0.0,0.5,0.27198150753974915
/content/dataset/train/monochrome/u_G6v7W1jAJTk.jpg,monochrome,train,0.43902304768562317,0.34106823801994324,0.0,0.5,0.2651745732873678
/content/dataset/train/monochrome/u_qZanUpmMrdk.jpg,monochrome,train,0.4999605715274811,0.7823157906532288,0.0,0.5,0.3004527371376753
/content/dataset/train/monochrome/u_glR3zhiHGrQ.jpg,monochrome,train,0.5594913363456726,0.5036922693252563,0.0,0.5,0.22566291503608227
/content/dataset/train/monochrome/p_32669877.jpg,monochrome,train,0.19826579093933105,0.5492568016052246,0.0,0.5,0.1531568355858326
/content/dataset/train/monochrome/p_16401928.jpg,monochrome,train,0.6786619424819946,0.7219924330711365,0.0014789531705901027,0.49969905614852905,0.046474821865558624
/content/dataset/train/monochrome/u_Jy-WM08MyeU.jpg,monochrome,train,0.6248188614845276,0.7383925318717957,0.0,0.5,0.23542677983641624
/content/dataset/train/monochrome/u_wkBjPeqe_KQ.jpg,monochrome,train,0.7905535101890564,0.56563401222229,0.0,0.5,0.44638577848672867
/content/dataset/train/monochrome/u_uKn92lqfE6Y.jpg,monochrome,train,0.4825785160064697,0.8807275891304016,0.0,0.5,0.2524388115853071
/content/dataset/train/monochrome/p_33421207.jpg,monochrome,train,0.28053584694862366,0.49834877252578735,0.0,0.5,0.6694529205560684
/content/dataset/train/monochrome/p_15317178.jpg,monochrome,train,0.24123254418373108,0.4590235948562622,0.0,0.5,0.1453469879925251
/content/dataset/train/monochrome/p_7124500.jpg,monochrome,train,0.5630385875701904,0.3610017001628876,0.0,0.5,0.2075298223644495
/content/dataset/train/monochrome/u_33pQz-mFpUg.jpg,monochrome,train,0.39956051111221313,0.4148946702480316,0.0,0.5,0.47823794186115265
/content/dataset/train/monochrome/p_32446341.jpg,monochrome,train,0.6114974617958069,0.4821825325489044,0.0,0.5,0.556573960930109
/content/dataset/train/monochrome/p_30556863.jpg,monochrome,train,0.5424378514289856,0.6852058172225952,0.0,0.5,0.2090033981949091
/content/dataset/train/monochrome/u_2hm2ccfHrJY.jpg,monochrome,train,0.47383400797843933,0.3465646803379059,0.0,0.5,0.22467568516731262
/content/dataset/train/monochrome/u_hZiJdkSRrUA.jpg,monochrome,train,0.4496745765209198,0.44866785407066345,0.00025853514671325684,0.5000026822090149,0.5693711899220943
/content/dataset/train/monochrome/p_30194544.jpg,monochrome,train,0.30517059564590454,0.6498950123786926,0.0,0.5,0.15977298840880394
/content/dataset/train/monochrome/u_B2cbtKXhMjk.jpg,monochrome,train,0.520853579044342,0.3789430856704712,0.0,0.5,0.29158661141991615
/content/dataset/train/monochrome/u_vnfnc03Qz0w.jpg,monochrome,train,0.25545868277549744,0.3540325462818146,0.0,0.5,0.06865649949759245
/content/dataset/train/monochrome/p_16047654.jpg,monochrome,train,0.5769515633583069,0.7437204718589783,0.0,0.5,0.42100178077816963
/content/dataset/train/monochrome/p_29791859.jpg,monochrome,train,0.4827207028865814,0.6939447522163391,0.0,0.5,0.14834515750408173
/content/dataset/train/monochrome/p_15969033.jpg,monochrome,train,0.4919341802597046,0.5754894018173218,0.0,0.5,0.3089868277311325
/content/dataset/train/monochrome/p_6949036.jpg,monochrome,train,0.6577965021133423,0.6317083835601807,0.0,0.5,0.11609890963882208
/content/dataset/train/monochrome/u_sHUMnMCN3qY.jpg,monochrome,train,0.011332695372402668,0.14783330261707306,0.03162693977355957,0.4991105794906616,0.03378980443812907
/content/dataset/train/monochrome/p_37187681.jpg,monochrome,train,0.46958720684051514,0.6687381863594055,0.050745658576488495,0.5030211210250854,0.07447739597409964
/content/dataset/train/monochrome/p_32418413.jpg,monochrome,train,0.7898078560829163,0.5925920605659485,1.319857290127402e-07,0.4999999701976776,0.1099119009450078
/content/dataset/train/monochrome/p_5357914.jpg,monochrome,train,0.5106776356697083,0.5454442501068115,0.0,0.5,0.0993875740095973
/content/dataset/train/monochrome/u_12TJLRzSUHc.jpg,monochrome,train,0.23925437033176422,0.2432139366865158,0.0,0.5,0.13540804386138916
/content/dataset/train/monochrome/p_33716271.jpg,monochrome,train,0.09296271950006485,0.22102941572666168,0.41707268357276917,0.5150546431541443,0.12776162941008806
/content/dataset/train/monochrome/p_31119372.jpg,monochrome,train,0.17224624752998352,0.3516775071620941,0.0,0.5,0.37155982106924057
/content/dataset/train/monochrome/u_Ttr2boROTXc.jpg,monochrome,train,0.33076223731040955,0.47777822613716125,0.0,0.5,0.18012430053204298
/content/dataset/train/monochrome/p_9992893.jpg,monochrome,train,0.4116775691509247,0.4135619103908539,0.0,0.5,0.1321766898036003
/content/dataset/train/monochrome/u_7pCdIdxLEIg.jpg,monochrome,train,0.2310028076171875,0.5818610191345215,0.005122874863445759,0.49998506903648376,0.23516930639743805
/content/dataset/train/monochrome/p_36517818.jpg,monochrome,train,0.08817770332098007,0.3362962603569031,0.0,0.5,0.17388418782502413
/content/dataset/train/monochrome/p_14633705.jpg,monochrome,train,0.4024592936038971,0.6531849503517151,0.0,0.5,0.22841652855277061
/content/dataset/train/monochrome/u_vzwZrl831c4.jpg,monochrome,train,0.20264574885368347,0.49341097474098206,0.0,0.5,0.20068481098860502
/content/dataset/train/monochrome/p_18658973.jpg,monochrome,train,0.3014734089374542,0.6372041702270508,0.0,0.5,0.37109432741999626
/content/dataset/train/monochrome/u_JafGlPmRWME.jpg,monochrome,train,0.4596189260482788,0.5424203276634216,0.28180378675460815,0.5433626770973206,1.0
/content/dataset/train/monochrome/p_32466556.jpg,monochrome,train,0.5848244428634644,0.6652144193649292,0.03708916902542114,0.5017964243888855,0.39788314141333103
/content/dataset/train/monochrome/u_XKjw5RbWJ5A.jpg,monochrome,train,0.3562155067920685,0.45877784490585327,0.0,0.5,0.3522397205233574
/content/dataset/train/monochrome/p_30327978.jpg,monochrome,train,0.3714383840560913,0.48211386799812317,0.0,0.5,0.17302414402365685
/content/dataset/train/monochrome/u_zTNBumJSOto.jpg,monochrome,train,0.25728699564933777,0.3494788408279419,0.0,0.5,0.15866721980273724
/content/dataset/train/monochrome/p_11841191.jpg,monochrome,train,0.21659712493419647,0.3532489538192749,0.0,0.5,0.3103846590965986
/content/dataset/train/monochrome/u_W0zH88jO0MM.jpg,monochrome,train,0.6347507834434509,0.2560822665691376,0.0,0.5,0.06615330465137959
/content/dataset/train/monochrome/u_Hu8snj91B_4.jpg,monochrome,train,0.653678834438324,0.45887526869773865,0.0,0.5,0.27912874706089497
/content/dataset/train/monochrome/u_X7LwC7G0meQ.jpg,monochrome,train,0.2968575954437256,0.20785723626613617,0.0013464600779116154,0.5000494122505188,0.12208478525280952
/content/dataset/train/monochrome/p_33462107.jpg,monochrome,train,0.5342607498168945,0.6785082221031189,0.0,0.5,0.38114549592137337
/content/dataset/train/monochrome/p_31137109.jpg,monochrome,train,0.5521178841590881,0.5695413947105408,0.0,0.5,0.2991628833115101
/content/dataset/train/monochrome/p_34040077.jpg,monochrome,train,0.5324726700782776,0.8447999358177185,0.0,0.5,0.1339144492521882
/content/dataset/train/monochrome/p_10146534.jpg,monochrome,train,0.0927548035979271,0.17142263054847717,0.16076642274856567,0.49803921580314636,0.06508555496111512
/content/dataset/train/monochrome/p_30707673.jpg,monochrome,train,0.6460279226303101,0.48938071727752686,0.0,0.5,0.22471298463642597
/content/dataset/train/monochrome/u_aG0sW3vDeoY.jpg,monochrome,train,0.34628981351852417,0.46445104479789734,0.0,0.5,1.0
/content/dataset/train/monochrome/p_12182970.jpg,monochrome,train,0.5723606944084167,0.5841934084892273,0.0,0.5,0.38819072768092155
/content/dataset/train/monochrome/p_15944540.jpg,monochrome,train,0.43351608514785767,0.5275174379348755,0.0,0.5,0.7744772732257843
/content/dataset/train/monochrome/p_5948164.jpg,monochrome,train,0.9067995548248291,0.255156546831131,0.0005509121110662818,0.5000614523887634,0.3793567605316639
/content/dataset/train/monochrome/u_pX6OwTZnivw.jpg,monochrome,train,0.6017371416091919,0.5442811250686646,0.05544242262840271,0.49038127064704895,0.24218342266976833
/content/dataset/train/monochrome/p_8502324.jpg,monochrome,train,0.26709380745887756,0.5427750945091248,0.0,0.5,0.5692512169480324
/content/dataset/train/monochrome/p_19736171.jpg,monochrome,train,0.2795199751853943,0.3983999788761139,0.0,0.5,0.42604900896549225
/content/dataset/train/monochrome/p_35650191.jpg,monochrome,train,0.16742496192455292,0.5295854210853577,0.0,0.5,0.3336917329579592
/content/dataset/train/monochrome/p_30212580.jpg,monochrome,train,0.420759916305542,0.7800759673118591,0.0,0.5,0.24613157846033573
/content/dataset/train/monochrome/p_32537562.jpg,monochrome,train,0.7072052359580994,0.3791254460811615,0.0,0.5,0.790169220417738
/content/dataset/train/monochrome/u_yvmV0nGaZEQ.jpg,monochrome,train,0.55350261926651,0.8338315486907959,0.0,0.5,0.3335241135209799
/content/dataset/train/monochrome/p_31681994.jpg,monochrome,train,0.392598956823349,0.39052674174308777,0.0,0.5,0.3970969095826149
/content/dataset/train/monochrome/p_32537558.jpg,monochrome,train,0.6225769519805908,0.5497627854347229,0.0,0.5,0.5469921976327896
/content/dataset/train/monochrome/u_I3dl-4RoZYQ.jpg,monochrome,train,0.588322639465332,0.4676385223865509,0.0,0.5,0.43671848252415657
/content/dataset/train/monochrome/u_d0an8xRQ6LU.jpg,monochrome,train,0.5079109072685242,0.8795291185379028,0.0,0.5,0.28912149369716644
/content/dataset/train/monochrome/p_26443511.jpg,monochrome,train,0.49895671010017395,0.6014775633811951,0.0,0.5,0.38615817204117775
/content/dataset/train/monochrome/u_FD8ydkdp5Mo.jpg,monochrome,train,0.8156692981719971,0.3332323133945465,0.0,0.5,0.23218052461743355
/content/dataset/train/monochrome/p_33365882.jpg,monochrome,train,0.5232781767845154,0.4264245927333832,0.0,0.5,0.39366853423416615
/content/dataset/train/monochrome/p_33448143.jpg,monochrome,train,0.11493740230798721,0.30872032046318054,0.011679323390126228,0.4994565546512604,0.1503548352047801
/content/dataset/train/monochrome/p_6470405.jpg,monochrome,train,0.49448341131210327,0.3502226769924164,0.0,0.5,0.10909689124673605
/content/dataset/train/monochrome/p_31682127.jpg,monochrome,train,0.12245860695838928,0.23542258143424988,0.0,0.5,0.15734320972114801
/content/dataset/train/monochrome/u_iAwXkUE0vMk.jpg,monochrome,train,0.3739789128303528,0.32809844613075256,0.0,0.5,0.25468526408076286
/content/dataset/train/monochrome/p_25626436.jpg,monochrome,train,0.7570740580558777,0.6390071511268616,0.0,0.5,0.04906984977424145
/content/dataset/train/monochrome/p_35253420.jpg,monochrome,train,0.5310817360877991,0.3686043322086334,0.0,0.5,0.16547690145671368
/content/dataset/train/monochrome/u_2Nb1YgUf9qQ.jpg,monochrome,train,0.5575981736183167,0.49747687578201294,0.0,0.5,0.5581731349229813
/content/dataset/train/monochrome/u_QGZeY204SsM.jpg,monochrome,train,0.31924694776535034,0.3836388885974884,0.0,0.5,0.763186402618885
/content/dataset/train/monochrome/u_6EJs6qgSofg.jpg,monochrome,train,0.8848803639411926,0.3855386972427368,0.0,0.5,0.2667988743633032
/content/dataset/train/monochrome/u_E0ik900QEzc.jpg,monochrome,train,0.5619704127311707,0.5817273259162903,0.0,0.5,0.37483397871255875
/content/dataset/train/monochrome/u_E5IBtZsa9ZQ.jpg,monochrome,train,0.26621946692466736,0.504260241985321,0.0,0.5,0.16144126653671265
/content/dataset/train/monochrome/u_1nizzZ-SFw4.jpg,monochrome,train,0.06634709239006042,0.2893151044845581,0.02704046294093132,0.5031651854515076,0.051345627289265394
/content/dataset/train/monochrome/u_AI6vpKSnbXY.jpg,monochrome,train,0.4389737546443939,0.524122953414917,0.0,0.5,0.20424588583409786
/content/dataset/train/monochrome/p_7766177.jpg,monochrome,train,0.3738824129104614,0.6281092762947083,0.0,0.5,0.28789796866476536
/content/dataset/train/monochrome/u_GsQZu_JhmkQ.jpg,monochrome,train,0.2902267873287201,0.45749419927597046,9.38462653721217e-06,0.5000007152557373,0.1462185848504305
/content/dataset/train/monochrome/u_lGH9ciIcK7I.jpg,monochrome,train,0.051873885095119476,0.2631341218948364,0.0,0.5,0.06354806711897254
/content/dataset/train/monochrome/u_N_6clxPs1SI.jpg,monochrome,train,0.13787144422531128,0.2668594419956207,0.06308609992265701,0.4924347400665283,0.11190521065145731
/content/dataset/train/monochrome/p_31052909.jpg,monochrome,train,0.14203254878520966,0.2617688477039337,0.0,0.5,0.05672033643350005
/content/dataset/train/monochrome/p_32590593.jpg,monochrome,train,0.361418753862381,0.6057453751564026,0.0,0.5,0.2779613621532917
/content/dataset/train/monochrome/p_29898079.jpg,monochrome,train,0.10459566861391068,0.26149776577949524,0.0,0.5,0.07190589094534516
/content/dataset/train/monochrome/u_ryMOwOCXgkc.jpg,monochrome,train,0.6082493662834167,0.5924347639083862,0.0,0.5,0.2684176806360483
/content/dataset/train/monochrome/u_5n6fNIMUDPQ.jpg,monochrome,train,0.4134547710418701,0.552904486656189,0.0,0.5,0.08891908451914787
/content/dataset/train/monochrome/p_11919419.jpg,monochrome,train,0.1482473611831665,0.2829989790916443,0.0,0.5,0.11728357058018446
/content/dataset/train/monochrome/u_0hm_uipdKhc.jpg,monochrome,train,0.33222201466560364,0.554724395275116,0.09407138079404831,0.5057910084724426,0.2124751452356577
/content/dataset/train/monochrome/p_17854874.jpg,monochrome,train,0.2593832015991211,0.39386144280433655,0.0,0.5,0.11884704697877169
/content/dataset/train/monochrome/u_ul4lX9KkiSY.jpg,monochrome,train,0.6507132649421692,0.8353695273399353,0.0,0.5,0.30862140469253063
/content/dataset/train/monochrome/u_QM6BeEHLxjw.jpg,monochrome,train,0.7870834469795227,0.5067362189292908,0.0,0.5,0.15746841672807932
/content/dataset/train/monochrome/p_32418412.jpg,monochrome,train,0.2744695544242859,0.44848930835723877,1.103095019061584e-05,0.5000035166740417,0.08875343948602676
/content/dataset/train/monochrome/p_11013200.jpg,monochrome,train,0.11922059953212738,0.29325270652770996,0.0857936292886734,0.5003670454025269,0.13258174527436495
/content/dataset/train/monochrome/u_Rj_bTHaV22A.jpg,monochrome,train,0.32930105924606323,0.5135424137115479,0.0,0.5,0.20978767424821854
/content/dataset/train/monochrome/p_12507390.jpg,monochrome,train,0.2954903841018677,0.6699680089950562,0.0,0.5,0.3952053003013134
/content/dataset/train/monochrome/u_UwK1DSWLeC8.jpg,monochrome,train,0.0989932045340538,0.21113647520542145,0.0,0.5,0.12760132551193237
/content/dataset/train/monochrome/p_19126234.jpg,monochrome,train,0.5265684127807617,0.5523869395256042,0.034771159291267395,0.5035597681999207,0.2513815648853779
/content/dataset/train/monochrome/u_8Xn2yGEh8nw.jpg,monochrome,train,0.22287793457508087,0.25190719962120056,0.0,0.5,0.1567218266427517
/content/dataset/train/monochrome/u_UQhmIaRb-Fc.jpg,monochrome,train,0.4637167751789093,0.8658725023269653,0.0,0.5,0.3642956167459488
/content/dataset/train/monochrome/p_32418410.jpg,monochrome,train,0.2993899881839752,0.5558539032936096,0.0,0.5,0.04667853703722358
/content/dataset/train/monochrome/u_kiLhFJruPFg.jpg,monochrome,train,0.48775461316108704,0.7279906868934631,0.0,0.5,0.17578561790287495
/content/dataset/train/monochrome/u_6mii6Kz9CcI.jpg,monochrome,train,0.46963390707969666,0.8102925419807434,0.0,0.5,0.22293559275567532
/content/dataset/train/monochrome/u_irHHo6HKr0w.jpg,monochrome,train,0.32510918378829956,0.3949989676475525,0.0,0.5,0.27654157020151615
/content/dataset/train/monochrome/u_vuq_6ZSg3Ms.jpg,monochrome,train,0.4095643162727356,0.3598044812679291,0.0,0.5,0.11437293840572238
/content/dataset/train/monochrome/p_5386963.jpg,monochrome,train,0.13658051192760468,0.17071381211280823,0.0,0.5,0.1542457239702344
/content/dataset/train/monochrome/u_RzfkNQ5V11Q.jpg,monochrome,train,0.05891341716051102,0.2104130983352661,0.0,0.5,0.08219813229516149
/content/dataset/train/monochrome/p_12040575.jpg,monochrome,train,0.07393904030323029,0.3062528669834137,0.0,0.5,0.12139693833887577
/content/dataset/train/monochrome/u_0fZxVdlnoMY.jpg,monochrome,train,0.5727007985115051,0.45453155040740967,0.0,0.5,0.2318139187991619
/content/dataset/train/monochrome/p_32537554.jpg,monochrome,train,0.6722538471221924,0.2759975492954254,0.0,0.5,0.20277034491300583
/content/dataset/train/monochrome/u_PuO1imzntaE.jpg,monochrome,train,0.5229887366294861,0.4520948827266693,0.0,0.5,0.30324523337185383
/content/dataset/train/monochrome/p_33365890.jpg,monochrome,train,0.28456658124923706,0.30904316902160645,0.0,0.5,0.2795413229614496
/content/dataset/train/monochrome/p_33324592.jpg,monochrome,train,0.26092275977134705,0.4666304588317871,0.0,0.5,0.26879923418164253
/content/dataset/train/monochrome/p_9320923.jpg,monochrome,train,0.42277729511260986,0.7318935990333557,0.12806573510169983,0.49223142862319946,0.09893274400383234
/content/dataset/train/monochrome/u_zwdgRu-LOGQ.jpg,monochrome,train,0.1580977886915207,0.29201728105545044,0.0,0.5,0.3641810081899166
/content/dataset/train/monochrome/u_NHfseYH3IG0.jpg,monochrome,train,0.39763548970222473,0.44301772117614746,0.0,0.5,0.5277034640312195
/content/dataset/train/monochrome/p_31681974.jpg,monochrome,train,0.4047066867351532,0.5183054804801941,0.0,0.5,0.42933452874422073
/content/dataset/train/monochrome/u_VShqVKX2cx0.jpg,monochrome,train,0.37987974286079407,0.4978801906108856,0.0,0.5,0.3941984474658966
/content/dataset/train/monochrome/p_5544088.jpg,monochrome,train,0.43338364362716675,0.7556450963020325,0.0,0.5,0.22671056911349297
/content/dataset/train/monochrome/u_Jvq9G8LNphE.jpg,monochrome,train,0.3219827115535736,0.4115324318408966,0.058867570012807846,0.509623110294342,0.314241461455822
/content/dataset/train/monochrome/u_zgsQKKRWBT0.jpg,monochrome,train,0.2888633608818054,0.498146653175354,0.0,0.5,0.18590081483125687
/content/dataset/train/monochrome/p_12328338.jpg,monochrome,train,0.4780747890472412,0.4654008448123932,0.0,0.5,0.18032293301075697
/content/dataset/train/monochrome/u_W88ReBKiYhE.jpg,monochrome,train,0.4624536335468292,0.4744471609592438,0.0,0.5,0.12245598481968045
/content/dataset/train/monochrome/p_22839444.jpg,monochrome,train,0.49661755561828613,0.5203490853309631,0.0,0.5,0.5236183479428291
/content/dataset/train/monochrome/u_YPwOA_jUjxE.jpg,monochrome,train,0.03960647061467171,0.1784726083278656,0.0,0.5,0.07731461664661765
/content/dataset/train/monochrome/p_32086192.jpg,monochrome,train,0.7896611094474792,0.31072044372558594,0.0,0.5,0.12876871973276138
/content/dataset/train/monochrome/p_5131549.jpg,monochrome,train,0.6241658329963684,0.37931397557258606,0.0,0.5,0.18280489835888147
/content/dataset/train/monochrome/p_31997364.jpg,monochrome,train,0.4168243706226349,0.628943920135498,0.0,0.5,0.5315491370856762
/content/dataset/train/monochrome/u_jqZ9OTwonqo.jpg,monochrome,train,0.3248673379421234,0.40083199739456177,0.0,0.5,0.4003368876874447
/content/dataset/train/monochrome/p_6702841.jpg,monochrome,train,0.7898099422454834,0.28592923283576965,0.0,0.5,0.08629735326394439
/content/dataset/train/monochrome/u_Wm18RY_zczs.jpg,monochrome,train,0.21177302300930023,0.2742106318473816,0.0,0.5,0.23808620870113373
/content/dataset/train/monochrome/p_11968607.jpg,monochrome,train,0.3914422392845154,0.44548657536506653,0.044970449060201645,0.5068598389625549,0.18872367218136787
/content/dataset/train/monochrome/u_srlY4sbfA_k.jpg,monochrome,train,0.12399639189243317,0.36300772428512573,0.0,0.5,0.18449515104293823
/content/dataset/train/monochrome/u_kwJyQJR96fM.jpg,monochrome,train,0.24040907621383667,0.5139312148094177,0.29572996497154236,0.5016075372695923,0.41104869917035103
/content/dataset/train/monochrome/u_7hSEf7aBHDA.jpg,monochrome,train,0.6721569895744324,0.44786742329597473,0.0,0.5,0.1737589668482542
/content/dataset/train/monochrome/p_18587456.jpg,monochrome,train,0.4677218496799469,0.6064549684524536,0.0,0.5,0.2069319924339652
/content/dataset/train/monochrome/p_28923769.jpg,monochrome,train,0.2807690501213074,0.4133221209049225,0.0,0.5,0.5859570391476154
/content/dataset/train/monochrome/u_zSK__tmHLEA.jpg,monochrome,train,0.6547747254371643,0.39049044251441956,0.0,0.5,0.20020121708512306
/content/dataset/train/monochrome/p_8319695.jpg,monochrome,train,0.24037232995033264,0.5320053100585938,0.0,0.5,0.04464874975383282
/content/dataset/train/monochrome/p_29740323.jpg,monochrome,train,0.40040770173072815,0.6897349953651428,6.93772963131778e-05,0.49999308586120605,0.4174984060227871
/content/dataset/train/monochrome/p_16236362.jpg,monochrome,train,0.7717198133468628,0.39487218856811523,0.0,0.5,0.31835935078561306
/content/dataset/train/monochrome/p_32418437.jpg,monochrome,train,0.6689382791519165,0.4103824496269226,0.0,0.5,0.14644647017121315
/content/dataset/train/monochrome/u_f-1VVsKg_VA.jpg,monochrome,train,0.6860082745552063,0.5000696778297424,0.0,0.5,0.3040570020675659
/content/dataset/train/monochrome/p_33798741.jpg,monochrome,train,0.6435859203338623,0.6516517400741577,0.0,0.5,0.851401649415493
/content/dataset/train/monochrome/u_TFQ1YkzU2bU.jpg,monochrome,train,0.2870648503303528,0.38170960545539856,0.0,0.5,0.33003998920321465
/content/dataset/train/monochrome/p_5384056.jpg,monochrome,train,0.2553829550743103,0.3776373267173767,0.0,0.5,0.14360020868480206
/content/dataset/train/monochrome/u_e5OSpgSgNM0.jpg,monochrome,train,0.65503990650177,0.4437772035598755,0.0,0.5,0.27370043098926544
/content/dataset/train/monochrome/p_19405304.jpg,monochrome,train,0.12860910594463348,0.27596020698547363,0.0,0.5,0.2514794748276472
/content/dataset/train/monochrome/u_iv420eRkZWc.jpg,monochrome,train,0.38034817576408386,0.5050010085105896,0.0,0.5,0.2540309354662895
/content/dataset/train/monochrome/u_BcquyEazcnU.jpg,monochrome,train,0.1805439591407776,0.1910630613565445,0.0,0.5,0.1646631769835949
/content/dataset/train/monochrome/p_30585971.jpg,monochrome,train,0.4244180917739868,0.6004759669303894,0.0,0.5,0.6020595505833626
/content/dataset/train/monochrome/u_0bDTKgJm9uc.jpg,monochrome,train,0.05113225430250168,0.1687876284122467,0.0,0.5,0.05580652039498091
/content/dataset/train/monochrome/p_16549886.jpg,monochrome,train,0.16074782609939575,0.35533228516578674,0.0,0.5,0.31173533760011196
/content/dataset/train/monochrome/p_10968794.jpg,monochrome,train,0.43429338932037354,0.5995115041732788,0.0,0.5,0.485993605107069
/content/dataset/train/monochrome/p_31251674.jpg,monochrome,train,0.11599280685186386,0.4789348542690277,0.0,0.5,0.1851083105430007
/content/dataset/train/monochrome/p_19682334.jpg,monochrome,train,0.37576115131378174,0.6706428527832031,0.0,0.5,0.352553753182292
/content/dataset/train/monochrome/u_IzrxMh_xORE.jpg,monochrome,train,0.5466040968894958,0.8257262110710144,0.0,0.5,0.31970931217074394
/content/dataset/train/monochrome/p_17123325.jpg,monochrome,train,0.47758975625038147,0.4725342392921448,0.0,0.5,0.3329698462039232
/content/dataset/train/monochrome/p_12509212.jpg,monochrome,train,0.37726855278015137,0.3747360408306122,0.08607012778520584,0.4803699254989624,0.573858842253685
/content/dataset/train/monochrome/p_33421206.jpg,monochrome,train,0.4846074879169464,0.5828089118003845,0.0,0.5,0.8524049818515778
/content/dataset/train/monochrome/u_kzzIx1XowGA.jpg,monochrome,train,0.2639032006263733,0.38705846667289734,0.24524538218975067,0.466671347618103,0.28892118483781815
/content/dataset/train/monochrome/p_13516234.jpg,monochrome,train,0.3245808780193329,0.41876840591430664,0.0,0.5,0.11889689136296511
/content/dataset/train/monochrome/u_I1t7l9OG1js.jpg,monochrome,train,0.4691441059112549,0.4589458405971527,0.0,0.5,0.22443036548793316
/content/dataset/train/monochrome/p_32086279.jpg,monochrome,train,0.7883257269859314,0.28381627798080444,0.0,0.5,0.0790790538303554
/content/dataset/train/monochrome/p_35784717.jpg,monochrome,train,0.1460779905319214,0.3986947536468506,0.0,0.5,0.2222953736782074
/content/dataset/train/monochrome/u_1EC3lgufyOA.jpg,monochrome,train,0.3360143303871155,0.5204317569732666,0.0,0.5,0.31270766630768776
/content/dataset/train/monochrome/p_29840215.jpg,monochrome,train,0.4414575397968292,0.5868240594863892,0.0,0.5,0.32007433474063873
/content/dataset/train/monochrome/u_mNgQegoO87U.jpg,monochrome,train,0.3292344808578491,0.320759654045105,0.05630383640527725,0.5039058923721313,0.19903475418686867
/content/dataset/train/monochrome/p_26790964.jpg,monochrome,train,0.44702890515327454,0.8337380886077881,0.0,0.5,0.1299533760175109
/content/dataset/train/monochrome/p_27923420.jpg,monochrome,train,0.537911593914032,0.4611658453941345,0.0,0.5,0.21907580085098743
/content/dataset/train/monochrome/p_6842930.jpg,monochrome,train,0.6138951182365417,0.5225809216499329,0.0005667021032422781,0.5000231862068176,0.16114633530378342
/content/dataset/train/monochrome/u_UncofCKWod4.jpg,monochrome,train,0.5156888365745544,0.6999506950378418,0.0,0.5,0.08283952949568629
/content/dataset/train/monochrome/p_30294811.jpg,monochrome,train,0.36998772621154785,0.5480756163597107,0.0,0.5,0.46859022229909897
/content/dataset/train/monochrome/p_16345263.jpg,monochrome,train,0.5128973126411438,0.6672497391700745,0.0,0.5,0.42371539399027824
/content/dataset/train/monochrome/u_pAN5svZCD-g.jpg,monochrome,train,0.3720235526561737,0.8051342368125916,0.0,0.5,0.2206157147884369
/content/dataset/train/monochrome/p_1989747.jpg,monochrome,train,0.3176417350769043,0.46894651651382446,0.3033173680305481,0.4745810925960541,0.3232566639780998
/content/dataset/train/monochrome/p_11440686.jpg,monochrome,train,0.23663166165351868,0.26669377088546753,0.021979397162795067,0.49927735328674316,0.20876099355518818
/content/dataset/train/monochrome/u_Y0RMplqZJeg.jpg,monochrome,train,0.533112645149231,0.519827663898468,0.0,0.5,0.35008354112505913
/content/dataset/train/monochrome/p_32463629.jpg,monochrome,train,0.44242042303085327,0.649647057056427,0.05165332555770874,0.5027371048927307,0.4846005141735077
/content/dataset/train/monochrome/p_34065614.jpg,monochrome,train,0.3320827782154083,0.8115875124931335,0.0,0.5,0.8333989325910807
/content/dataset/train/monochrome/p_31856099.jpg,monochrome,train,0.10145106911659241,0.435517817735672,4.0919287130236626e-05,0.4999886751174927,0.18836536444723606
/content/dataset/train/monochrome/u__SoDmSzzJu4.jpg,monochrome,train,0.354465514421463,0.6590298414230347,0.0,0.5,0.22118723951280117
/content/dataset/train/monochrome/p_32537557.jpg,monochrome,train,0.45647570490837097,0.22618356347084045,0.0,0.5,0.053180467803031206
/content/dataset/train/monochrome/p_29898077.jpg,monochrome,train,0.11639624834060669,0.278583824634552,0.0,0.5,0.0972537649795413
/content/dataset/train/monochrome/u_xi5a197JHCY.jpg,monochrome,train,0.27948471903800964,0.3748341500759125,0.0,0.5,0.25007734075188637
/content/dataset/train/monochrome/p_9706889.jpg,monochrome,train,0.12613241374492645,0.3597109615802765,0.0,0.5,0.08456196868792176
/content/dataset/train/monochrome/p_19811991.jpg,monochrome,train,0.6348375678062439,0.5331721901893616,0.0,0.5,0.4741767793893814
/content/dataset/train/monochrome/p_31681918.jpg,monochrome,train,0.2743736803531647,0.319050669670105,0.0,0.5,0.19690904766321182
/content/dataset/train/monochrome/p_35345065.jpg,monochrome,train,0.34399834275245667,0.553713858127594,0.0,0.5,0.18327555619180202
/content/dataset/train/monochrome/p_30161624.jpg,monochrome,train,0.1293390989303589,0.4955582022666931,0.0,0.5,0.17902049235999584
/content/dataset/train/monochrome/p_33421215.jpg,monochrome,train,0.5650744438171387,0.5813153982162476,0.0,0.5,0.9953025728464127
/content/dataset/train/monochrome/u_RDyBK7gGyD0.jpg,monochrome,train,0.3923194706439972,0.6204802393913269,0.0,0.5,0.21189440973103046
/content/dataset/train/neon/p_9183263.jpg,neon,train,0.14208747446537018,0.1081734225153923,0.22568029165267944,0.5126913785934448,0.0511852977797389
/content/dataset/train/neon/p_20513980.jpg,neon,train,0.18913453817367554,0.42640939354896545,0.605527400970459,0.4371139407157898,0.2036783378571272
/content/dataset/train/neon/p_9552157.jpg,neon,train,0.1513075977563858,0.3651182949542999,0.5317037105560303,0.5316089391708374,0.2528213616460562
/content/dataset/train/neon/u_3VF6HVb1GyA.jpg,neon,train,0.33004841208457947,0.317769318819046,0.4761976897716522,0.5040180087089539,0.08702704682946205
/content/dataset/train/neon/u_wP-16L-kvNo.jpg,neon,train,0.4406941831111908,0.19557629525661469,0.8886362910270691,0.5292269587516785,0.11696045752614737
/content/dataset/train/neon/u_IG6Sr6DgX-I.jpg,neon,train,0.3488788604736328,0.5206608176231384,0.6700578927993774,0.5294939279556274,0.18909716047346592
/content/dataset/train/neon/u_UxR6Lr8C58M.jpg,neon,train,0.28100886940956116,0.4350554645061493,0.4328700006008148,0.4502995014190674,0.14534048736095428
/content/dataset/train/neon/p_7317351.jpg,neon,train,0.42194268107414246,0.5380661487579346,0.34383824467658997,0.46797797083854675,0.5314111150801182
/content/dataset/train/neon/p_5550314.jpg,neon,train,0.03745454177260399,0.26372435688972473,0.5782732963562012,0.5012287497520447,0.15082904137670994
/content/dataset/train/neon/p_12846887.jpg,neon,train,0.23949305713176727,0.2721344232559204,0.776531457901001,0.5124067068099976,0.20582185126841068
/content/dataset/train/neon/u_d_kabh_WX9E.jpg,neon,train,0.20986370742321014,0.33434221148490906,0.43590760231018066,0.5452263951301575,0.334284882992506
/content/dataset/train/neon/p_15202365.jpg,neon,train,0.2926037013530731,0.47184133529663086,0.42095670104026794,0.5039393305778503,0.1229826221242547
/content/dataset/train/neon/p_13272893.jpg,neon,train,0.24675758183002472,0.4989432990550995,0.7241709232330322,0.4768678545951843,0.1189246866852045
/content/dataset/train/neon/u_jB7E-5GcHzs.jpg,neon,train,0.08458679914474487,0.0968685895204544,0.6717259287834167,0.46938014030456543,0.10207730811089277
/content/dataset/train/neon/p_10722230.jpg,neon,train,0.16611069440841675,0.34937962889671326,0.38911357522010803,0.46402353048324585,0.30704788863658905
/content/dataset/train/neon/p_5372614.jpg,neon,train,0.16283465921878815,0.3395746350288391,0.6984108686447144,0.4465025067329407,0.393896009773016
/content/dataset/train/neon/p_10902325.jpg,neon,train,0.3447692394256592,0.4293402135372162,0.4893440306186676,0.5531459450721741,0.29284059070050716
/content/dataset/train/neon/u_5lWfPoWH6EY.jpg,neon,train,0.2305784672498703,0.41150182485580444,0.9137422442436218,0.7303708791732788,0.25617399252951145
/content/dataset/train/neon/p_10747725.jpg,neon,train,0.27624964714050293,0.2098848819732666,0.8135615587234497,0.4627766013145447,0.2914629690349102
/content/dataset/train/neon/u_rNHYRiEQ3S4.jpg,neon,train,0.20324638485908508,0.27248048782348633,0.4867572486400604,0.5117895007133484,0.4167761839926243
/content/dataset/train/neon/u_1zgXullQ8IM.jpg,neon,train,0.2437366396188736,0.24378444254398346,0.3485497534275055,0.5195035338401794,0.15653392765671015
/content/dataset/train/neon/u_r3LjQQ9YlHg.jpg,neon,train,0.6579979658126831,0.3712688088417053,0.3825489282608032,0.34108465909957886,0.04581756074912846
/content/dataset/train/neon/u_gb5GFjlvTCg.jpg,neon,train,0.5902339220046997,0.3044908344745636,0.8289844989776611,0.22850888967514038,0.17241846770048141
/content/dataset/train/neon/u_tDhb6IAah7c.jpg,neon,train,0.13739755749702454,0.3671858608722687,0.4432290196418762,0.4745774567127228,0.17218289896845818
/content/dataset/train/neon/p_31086932.jpg,neon,train,0.12120913714170456,0.30177825689315796,0.7039042711257935,0.46373608708381653,0.21306185983121395
/content/dataset/train/neon/p_5605062.jpg,neon,train,0.0692170038819313,0.34931278228759766,0.3980771601200104,0.5047895312309265,0.1717487070709467
/content/dataset/train/neon/p_1510610.jpg,neon,train,0.18241755664348602,0.429455041885376,0.5240529775619507,0.5273219347000122,0.4506259225308895
/content/dataset/train/neon/p_29764259.jpg,neon,train,0.32170453667640686,0.20092670619487762,0.618478000164032,0.3720620572566986,0.10356568265706301
/content/dataset/train/neon/u_vNPTt_mh0hM.jpg,neon,train,0.16076557338237762,0.19735842943191528,0.7672892808914185,0.5946582555770874,0.2383716218173504
/content/dataset/train/neon/p_16269958.jpg,neon,train,0.2068401575088501,0.3354368805885315,0.7185327410697937,0.5077869892120361,0.2978423051536083
/content/dataset/train/neon/p_1083807.jpg,neon,train,0.1692040115594864,0.3435700237751007,0.7633981704711914,0.47274017333984375,0.34104475751519203
/content/dataset/train/neon/p_31416997.jpg,neon,train,0.30539602041244507,0.5984480381011963,0.6108052134513855,0.4423447847366333,0.6779007241129875
/content/dataset/train/neon/p_35573977.jpg,neon,train,0.027268758043646812,0.24525927007198334,0.1157274842262268,0.5170019268989563,0.1330617954954505
/content/dataset/train/neon/p_15455559.jpg,neon,train,0.20441962778568268,0.40701302886009216,0.7162809371948242,0.49112340807914734,0.38762422278523445
/content/dataset/train/neon/u_04_6c7pDzKg.jpg,neon,train,0.04295051470398903,0.17167796194553375,0.7279141545295715,0.5156897306442261,0.1401106221601367
/content/dataset/train/neon/p_15498430.jpg,neon,train,0.0500822551548481,0.11199077218770981,0.9591026902198792,0.3978863060474396,0.08223332930356264
/content/dataset/train/neon/p_34940754.jpg,neon,train,0.06813810765743256,0.2010854184627533,0.6397141218185425,0.49080273509025574,0.16690967604517937
/content/dataset/train/neon/p_2105237.jpg,neon,train,0.1419047713279724,0.4131859838962555,0.5608603954315186,0.5228511095046997,0.3946921229362488
/content/dataset/train/neon/u_Ou3duD_H8XM.jpg,neon,train,0.24929553270339966,0.24231140315532684,0.9286302328109741,0.5056952238082886,0.2639605198055506
/content/dataset/train/neon/p_9658500.jpg,neon,train,0.2834964990615845,0.39327749609947205,0.5213457942008972,0.43985089659690857,0.3443627804517746
/content/dataset/train/neon/p_28821628.jpg,neon,train,0.0785454511642456,0.24405308067798615,0.7389401793479919,0.508929967880249,0.17933849710971117
/content/dataset/train/neon/p_31840611.jpg,neon,train,0.4413871467113495,0.3783891499042511,0.7409477829933167,0.35858359932899475,0.31402123160660267
/content/dataset/train/neon/p_14476686.jpg,neon,train,0.0718647837638855,0.27377068996429443,0.7486136555671692,0.49778512120246887,0.24213187396526337
/content/dataset/train/neon/p_3938800.jpg,neon,train,0.16267314553260803,0.25727158784866333,0.5637381076812744,0.5131193399429321,0.2482524048537016
/content/dataset/train/neon/u_JF9uSjMR7o8.jpg,neon,train,0.09084274619817734,0.39686405658721924,0.668616533279419,0.45594322681427,0.2606386784464121
/content/dataset/train/neon/u_b4uLyX5X3Pc.jpg,neon,train,0.13335272669792175,0.30093100666999817,0.547394335269928,0.4975234270095825,0.4178198054432869
/content/dataset/train/neon/u_oqyytcQBAjQ.jpg,neon,train,0.1884540617465973,0.46167224645614624,0.5554094314575195,0.5648379325866699,0.12258017435669899
/content/dataset/train/neon/p_13251135.jpg,neon,train,0.16703641414642334,0.38464051485061646,0.7473495602607727,0.5535551905632019,0.6008824519813061
/content/dataset/train/neon/p_11578058.jpg,neon,train,0.20565378665924072,0.3879931569099426,0.22623908519744873,0.5107507109642029,0.34747738391160965
/content/dataset/train/neon/p_4856662.jpg,neon,train,0.09218571335077286,0.2248377650976181,0.9185147285461426,0.4376925230026245,0.18263161182403564
/content/dataset/train/neon/p_8108088.jpg,neon,train,0.12528467178344727,0.3336063027381897,0.331803560256958,0.4902198314666748,0.1347713591530919
/content/dataset/train/neon/u_w2uBGelTA98.jpg,neon,train,0.12540164589881897,0.2484334111213684,0.3698508143424988,0.4821048974990845,0.16612932085990906
/content/dataset/train/neon/u_A2qaAcwqU-o.jpg,neon,train,0.12069056183099747,0.3152503967285156,0.7036975026130676,0.53233402967453,0.42767930775880814
/content/dataset/train/neon/p_29373216.jpg,neon,train,0.5783607959747314,0.46908363699913025,0.0,0.5,0.4299904406070709
/content/dataset/train/neon/u_IJiWWoC2hNs.jpg,neon,train,0.2676003873348236,0.2637525796890259,0.3103172183036804,0.5447516441345215,0.33542489632964134
/content/dataset/train/neon/p_11840283.jpg,neon,train,0.09633880853652954,0.1971566081047058,0.7148350477218628,0.5617703199386597,0.14697272330522537
/content/dataset/train/neon/p_6001342.jpg,neon,train,0.06770718097686768,0.24308204650878906,0.7398592233657837,0.48424267768859863,0.16473240219056606
/content/dataset/train/neon/p_8108290.jpg,neon,train,0.13513563573360443,0.27782726287841797,0.7150956988334656,0.48335960507392883,0.24491218850016594
/content/dataset/train/neon/u_NJLemv_51JE.jpg,neon,train,0.12278825044631958,0.3007172644138336,0.5067267417907715,0.49642449617385864,0.09443775285035372
/content/dataset/train/neon/p_5745998.jpg,neon,train,0.1748228669166565,0.30666404962539673,0.6839192509651184,0.5686858892440796,0.26188299991190434
/content/dataset/train/neon/p_7399879.jpg,neon,train,0.1790294498205185,0.31096595525741577,0.3626827299594879,0.49275296926498413,0.20635218359529972
/content/dataset/train/neon/p_27857537.jpg,neon,train,0.267010897397995,0.47872206568717957,0.5537348985671997,0.4640366733074188,0.2451767399907112
/content/dataset/train/neon/p_1986807.jpg,neon,train,0.14774395525455475,0.4526355564594269,0.6895396113395691,0.4828507900238037,0.2901413291692734
/content/dataset/train/neon/p_22493463.jpg,neon,train,0.45238128304481506,0.5861941576004028,0.30719971656799316,0.48990392684936523,0.5603523179888725
/content/dataset/train/neon/u_3EHBlGw8Loc.jpg,neon,train,0.16082438826560974,0.28119465708732605,0.929521381855011,0.49603569507598877,0.14711551659274846
/content/dataset/train/neon/p_5550318.jpg,neon,train,0.028119558468461037,0.23805810511112213,0.3704921305179596,0.5119349956512451,0.1267498778179288
/content/dataset/train/neon/p_8107819.jpg,neon,train,0.19321663677692413,0.41025182604789734,0.5210399627685547,0.5146182179450989,0.24264564737677574
/content/dataset/train/neon/p_8108230.jpg,neon,train,0.16935601830482483,0.38596826791763306,0.5242732167243958,0.5471128225326538,0.21365265361964703
/content/dataset/train/neon/p_8107950.jpg,neon,train,0.16279274225234985,0.42460426688194275,0.5564447641372681,0.5505062937736511,0.12050322256982327
/content/dataset/train/neon/p_34117720.jpg,neon,train,0.22832399606704712,0.208242729306221,0.9924070239067078,0.5074405670166016,0.13414497021585703
/content/dataset/train/neon/p_34958805.jpg,neon,train,0.14638006687164307,0.3436824381351471,0.6177302002906799,0.4854213297367096,0.3154005669057369
/content/dataset/train/neon/p_18118958.jpg,neon,train,0.19109129905700684,0.2814304530620575,0.46828189492225647,0.46761220693588257,0.46292414888739586
/content/dataset/train/neon/p_7688761.jpg,neon,train,0.28478148579597473,0.33995431661605835,0.6966582536697388,0.6347638368606567,0.39203901775181293
/content/dataset/train/neon/u_tBmC7UTPTjA.jpg,neon,train,0.27861976623535156,0.22154632210731506,0.7304657101631165,0.4741416871547699,0.22702939808368683
/content/dataset/train/neon/p_31256312.jpg,neon,train,0.4072536528110504,0.6171525120735168,0.6080265045166016,0.441922664642334,0.6729191355407238
/content/dataset/train/neon/p_13616796.jpg,neon,train,0.082716204226017,0.4035940170288086,0.7369770407676697,0.47518402338027954,0.2348391991108656
/content/dataset/train/neon/p_18076559.jpg,neon,train,0.17737352848052979,0.3455212116241455,0.831187903881073,0.4862615764141083,0.21283927373588085
/content/dataset/train/neon/p_4923377.jpg,neon,train,0.2748134136199951,0.42317885160446167,0.6506170034408569,0.5102251172065735,0.2749428991228342
/content/dataset/train/neon/u_9FQKKeVqRVg.jpg,neon,train,0.10696810483932495,0.3526476323604584,0.3595082461833954,0.5107861161231995,0.0915800454095006
/content/dataset/train/neon/p_4900910.jpg,neon,train,0.34577468037605286,0.53500896692276,0.6750959157943726,0.3627212643623352,0.2748744376003742
/content/dataset/train/neon/p_2506923.jpg,neon,train,0.2665400803089142,0.4527148902416229,0.4762353003025055,0.527225136756897,0.6056654080748558
/content/dataset/train/neon/p_37518960.jpg,neon,train,0.29169610142707825,0.4907808303833008,0.7107986211776733,0.3836476802825928,0.7671504467725754
/content/dataset/train/neon/u_62sSCOAqh58.jpg,neon,train,0.16329295933246613,0.5147392153739929,0.7660279273986816,0.5701152086257935,0.25415328331291676
/content/dataset/train/neon/u_xcPmcTD9Ul0.jpg,neon,train,0.12805819511413574,0.35370704531669617,0.6801292896270752,0.5369815826416016,0.16571607440710068
/content/dataset/train/neon/u_gHxNpm90Stc.jpg,neon,train,0.6618761420249939,0.4865747392177582,0.2886333763599396,0.5533414483070374,0.2683683857321739
/content/dataset/train/neon/u_3skypV9lL4g.jpg,neon,train,0.3670210838317871,0.5069053173065186,0.5511283278465271,0.630065381526947,0.22175672464072704
/content/dataset/train/neon/u_Uglk7_Qo7Z4.jpg,neon,train,0.18931308388710022,0.4107213020324707,0.8173173666000366,0.4506378173828125,0.3559897653758526
/content/dataset/train/neon/p_13655684.jpg,neon,train,0.08527572453022003,0.3492789566516876,0.875242292881012,0.5703330636024475,0.18762229941785336
/content/dataset/train/neon/p_15411623.jpg,neon,train,0.20212118327617645,0.21796736121177673,0.9902065992355347,0.4576343297958374,0.06294922903180122
/content/dataset/train/neon/p_8107911.jpg,neon,train,0.17664553225040436,0.40506693720817566,0.5672891139984131,0.5519243478775024,0.2070356672629714
/content/dataset/train/neon/u_LFICfH3bCdg.jpg,neon,train,0.19498150050640106,0.3725324273109436,0.6418886780738831,0.4352566599845886,0.13961378019303083
/content/dataset/train/neon/p_31407147.jpg,neon,train,0.21735885739326477,0.35596466064453125,0.4760826528072357,0.5089132785797119,0.4670792445540428
/content/dataset/train/neon/p_13272890.jpg,neon,train,0.2750680446624756,0.28956839442253113,0.9002683162689209,0.23978418111801147,0.09979307185858488
/content/dataset/train/neon/p_34940757.jpg,neon,train,0.03656454384326935,0.14649352431297302,0.616828978061676,0.4855140447616577,0.11636326322332025
/content/dataset/train/neon/p_6940505.jpg,neon,train,0.3998352289199829,0.49445077776908875,0.6276596188545227,0.37583303451538086,0.5319448001682758
/content/dataset/train/neon/u_-iNq63c2vt8.jpg,neon,train,0.11196312308311462,0.37163811922073364,0.21342302858829498,0.4766659140586853,0.07182730827480555
/content/dataset/train/neon/u_9f5Tf4aPJXo.jpg,neon,train,0.13328124582767487,0.2652549147605896,0.9249204397201538,0.6526187658309937,0.09730910882353783
/content/dataset/train/neon/p_35744591.jpg,neon,train,0.3745262026786804,0.42165088653564453,0.3773367702960968,0.5622735023498535,0.6855516694486141
/content/dataset/train/neon/u_9JYqRnR51ek.jpg,neon,train,0.4162861108779907,0.5359796285629272,0.2425788789987564,0.5156664252281189,0.5627305060625076
/content/dataset/train/neon/p_16133033.jpg,neon,train,0.2833711802959442,0.2648351788520813,0.7506099343299866,0.3470526337623596,0.3538152016699314
/content/dataset/train/neon/p_31338406.jpg,neon,train,0.36378973722457886,0.4469206631183624,0.379761666059494,0.5153762698173523,0.5810139328241348
/content/dataset/train/neon/u_EGbRu5Xy2p0.jpg,neon,train,0.10635903477668762,0.26437827944755554,0.45065128803253174,0.45308029651641846,0.2641536761075258
/content/dataset/train/neon/p_8107823.jpg,neon,train,0.2568766474723816,0.5167579054832458,0.6045688390731812,0.5190076231956482,0.22731587290763855
/content/dataset/train/neon/p_11811072.jpg,neon,train,0.31422460079193115,0.460668683052063,0.3382038474082947,0.4980487823486328,0.11271440889686346
/content/dataset/train/neon/p_16505851.jpg,neon,train,0.06210322678089142,0.2515719532966614,0.9060163497924805,0.5427932739257812,0.20228727720677853
/content/dataset/train/neon/p_3022076.jpg,neon,train,0.19696883857250214,0.2859131395816803,0.40285834670066833,0.5888513922691345,0.2630000840872526
/content/dataset/train/neon/u_A-tS5tTD1ho.jpg,neon,train,0.34874874353408813,0.25780847668647766,0.7654398083686829,0.5948785543441772,0.3094187006354332
/content/dataset/train/neon/p_10196788.jpg,neon,train,0.21568156778812408,0.4515862762928009,0.7077668905258179,0.46568647027015686,0.06250607315450907
/content/dataset/train/neon/p_6440018.jpg,neon,train,0.25711876153945923,0.3028034567832947,0.8647081255912781,0.3382874131202698,0.3348817955702543
/content/dataset/train/neon/p_8721314.jpg,neon,train,0.14200237393379211,0.18124070763587952,0.8583365678787231,0.3981291949748993,0.13486837036907673
/content/dataset/train/neon/p_20500786.jpg,neon,train,0.21207256615161896,0.2972458600997925,0.5853108167648315,0.43391868472099304,0.1540337037295103
/content/dataset/train/neon/u_OP0egCKrV4I.jpg,neon,train,0.1035502478480339,0.2663222849369049,0.7459099292755127,0.4524956941604614,0.09290975518524647
/content/dataset/train/neon/p_18283281.jpg,neon,train,0.04997880011796951,0.312991201877594,0.8317595720291138,0.5021471381187439,0.150781087577343
/content/dataset/train/neon/u_mABk7Bs_4ew.jpg,neon,train,0.10444746166467667,0.17212805151939392,0.9419062733650208,0.4213874936103821,0.07137064123526216
/content/dataset/train/neon/u_m1lsOGNhlKo.jpg,neon,train,0.1393352448940277,0.1283339112997055,0.5284454226493835,0.4241115152835846,0.06369799142703414
/content/dataset/train/neon/u_8-UbeaANjOM.jpg,neon,train,0.20344524085521698,0.19689999520778656,0.14214438199996948,0.506683349609375,0.19321700558066368
/content/dataset/train/neon/u_pqX55hNKG74.jpg,neon,train,0.16804344952106476,0.35889989137649536,0.6102941036224365,0.5779094099998474,0.3900468349456787
/content/dataset/train/neon/p_34940755.jpg,neon,train,0.17813900113105774,0.48325836658477783,0.606734573841095,0.487771600484848,0.1277640275657177
/content/dataset/train/neon/u_mgKv6u8P5ws.jpg,neon,train,0.4559778571128845,0.21987538039684296,0.6960115432739258,0.4483170211315155,0.15841227024793625
/content/dataset/train/neon/p_11233536.jpg,neon,train,0.3272513449192047,0.5642254948616028,0.3488887846469879,0.5474532246589661,0.6857888400554657
/content/dataset/train/neon/p_19083434.jpg,neon,train,0.32408851385116577,0.4126605689525604,0.536577045917511,0.44080057740211487,0.25217821821570396
/content/dataset/train/neon/p_12686200.jpg,neon,train,0.10709985345602036,0.18777336180210114,0.9348292350769043,0.39455658197402954,0.08566472679376602
/content/dataset/train/neon/p_4856664.jpg,neon,train,0.1248377114534378,0.2349897176027298,0.7710566520690918,0.473438560962677,0.20699650049209595
/content/dataset/train/neon/p_36112505.jpg,neon,train,0.13698630034923553,0.32529953122138977,0.6434956192970276,0.5637771487236023,0.26522062718868256
/content/dataset/train/neon/p_30105462.jpg,neon,train,0.22666043043136597,0.47848692536354065,0.5377317667007446,0.4984649419784546,0.5125648714601994
/content/dataset/train/neon/p_6835956.jpg,neon,train,0.18363000452518463,0.32561707496643066,0.8539245128631592,0.4501212239265442,0.1577971037477255
/content/dataset/train/neon/u_S1BtpJNBVYo.jpg,neon,train,0.07040062546730042,0.1705658733844757,0.8249967694282532,0.4947474002838135,0.10886922013014555
/content/dataset/train/neon/u_JRPRL93dXyk.jpg,neon,train,0.2927212715148926,0.564950168132782,0.30208733677864075,0.5054652690887451,0.5992414802312851
/content/dataset/train/neon/p_30244992.jpg,neon,train,0.20636671781539917,0.5563878417015076,0.7109973430633545,0.4720306098461151,0.443565770983696
/content/dataset/train/neon/u_LuMFRfSaYZE.jpg,neon,train,0.19545410573482513,0.29618555307388306,0.408452570438385,0.5668724179267883,0.22144830785691738
/content/dataset/train/neon/p_15166530.jpg,neon,train,0.2352624237537384,0.7255268096923828,0.0,0.5,0.7391021028161049
/content/dataset/train/neon/p_8107818.jpg,neon,train,0.1779191493988037,0.3984454870223999,0.6852439641952515,0.48044553399086,0.18465918954461813
/content/dataset/train/neon/u_ZcdHMi488U8.jpg,neon,train,0.30952972173690796,0.48774299025535583,0.4848078787326813,0.5157000422477722,0.29422709718346596
/content/dataset/train/neon/u_KOq4ScJuyEA.jpg,neon,train,0.14794807136058807,0.22459639608860016,0.7760836482048035,0.39771130681037903,0.025696245720610023
/content/dataset/train/neon/p_29359528.jpg,neon,train,0.11906976252794266,0.21143727004528046,0.8280382752418518,0.6112691164016724,0.20436550490558147
/content/dataset/train/neon/p_1821345.jpg,neon,train,0.17399802803993225,0.2272554486989975,0.37751707434654236,0.570567786693573,0.1616325881332159
/content/dataset/train/neon/p_28859348.jpg,neon,train,0.12088911235332489,0.25731319189071655,0.42004600167274475,0.5535799264907837,0.1966032199561596
/content/dataset/train/neon/p_34804330.jpg,neon,train,0.08109589666128159,0.25939321517944336,0.8919550180435181,0.5924755334854126,0.09874529670923948
/content/dataset/train/neon/p_2234685.jpg,neon,train,0.16272039711475372,0.4384904205799103,0.7749133110046387,0.5003421902656555,0.3398825414478779
/content/dataset/train/neon/p_27109655.jpg,neon,train,0.06114511936903,0.2682494819164276,0.6765480637550354,0.5142256617546082,0.18092752434313297
/content/dataset/train/neon/u_HosXs6QVCAQ.jpg,neon,train,0.28052669763565063,0.474948525428772,0.576026201248169,0.4937669336795807,0.5399504117667675
/content/dataset/train/neon/u_qAICgPyLnfM.jpg,neon,train,0.2718251645565033,0.46022504568099976,0.4541608393192291,0.5530887246131897,0.3466484695672989
/content/dataset/train/neon/p_29300672.jpg,neon,train,0.2786054313182831,0.4745916426181793,0.34211376309394836,0.5319522619247437,0.2949919458478689
/content/dataset/train/neon/p_5845255.jpg,neon,train,0.17687027156352997,0.3818763792514801,0.6234562993049622,0.4683113694190979,0.3832422196865082
/content/dataset/train/neon/p_6575241.jpg,neon,train,0.1919078230857849,0.3120437562465668,0.6728634238243103,0.6115429401397705,0.16149501781910658
/content/dataset/train/neon/u_dFwPH4jBoY0.jpg,neon,train,0.23076555132865906,0.4582078456878662,0.7446686029434204,0.4304940104484558,0.11210592929273844
/content/dataset/train/neon/p_14053646.jpg,neon,train,0.25352761149406433,0.26213717460632324,0.7934412360191345,0.6559949517250061,0.2034512348473072
/content/dataset/train/neon/p_15610115.jpg,neon,train,0.43441933393478394,0.4873597323894501,0.3664567470550537,0.4723494350910187,0.32551719807088375
/content/dataset/train/neon/p_30099320.jpg,neon,train,0.2661901116371155,0.4876220226287842,0.3056875467300415,0.5237308740615845,0.602837111800909
/content/dataset/train/neon/p_8697912.jpg,neon,train,0.12798747420310974,0.35379159450531006,0.8122099041938782,0.5126671195030212,0.31873149797320366
/content/dataset/train/neon/u_71SHXwBLp5w.jpg,neon,train,0.04944242909550667,0.08311846852302551,0.9285883903503418,0.4188496470451355,0.1730630360543728
/content/dataset/train/neon/p_20278554.jpg,neon,train,0.16792333126068115,0.32967638969421387,0.42874810099601746,0.541182816028595,0.2864161226898432
/content/dataset/train/neon/p_15202366.jpg,neon,train,0.35618552565574646,0.45661476254463196,0.24354247748851776,0.4939025938510895,0.11797324754297733
/content/dataset/train/neon/p_4814908.jpg,neon,train,0.1246984526515007,0.337920606136322,0.7219146490097046,0.4708707630634308,0.1359481643885374
/content/dataset/train/neon/u_Wsi7-z0IhAY.jpg,neon,train,0.27373915910720825,0.45418983697891235,0.5836357474327087,0.4803328812122345,0.24356569163501263
/content/dataset/train/neon/u_1-1gFMY0sJQ.jpg,neon,train,0.30120041966438293,0.3988051116466522,0.5650894641876221,0.5072402954101562,0.3266279026865959
/content/dataset/train/neon/u_u2SgOwGtriM.jpg,neon,train,0.1051846295595169,0.3405923843383789,0.6667742729187012,0.5118074417114258,0.13131295330822468
/content/dataset/train/neon/p_8108097.jpg,neon,train,0.36507847905158997,0.6163262724876404,0.570867121219635,0.4183740019798279,0.39442263543605804
/content/dataset/train/neon/u_RbtgwmzHKEA.jpg,neon,train,0.16219443082809448,0.35435810685157776,0.3423265218734741,0.5305319428443909,0.1774941012263298
/content/dataset/train/neon/p_3893263.jpg,neon,train,0.03849100321531296,0.09440580010414124,0.7403939962387085,0.46023425459861755,0.0358723197132349
/content/dataset/train/neon/p_10159372.jpg,neon,train,0.08372602611780167,0.23201695084571838,0.6697107553482056,0.49533751606941223,0.12196652591228485
/content/dataset/train/neon/p_12069550.jpg,neon,train,0.12163428962230682,0.2577046751976013,0.3018326759338379,0.4929647147655487,0.19764809869229794
/content/dataset/train/neon/p_17221264.jpg,neon,train,0.08919303119182587,0.22804613411426544,0.7996013164520264,0.4142919182777405,0.16497144475579262
/content/dataset/train/neon/p_37228186.jpg,neon,train,0.1949581354856491,0.2870231568813324,0.9150822162628174,0.5572129487991333,0.3707100637257099
/content/dataset/train/neon/p_9737579.jpg,neon,train,0.28901350498199463,0.25423017144203186,0.6573948264122009,0.5078507661819458,0.09921323042362928
/content/dataset/train/neon/p_32200384.jpg,neon,train,0.2868158519268036,0.4150483310222626,0.5725680589675903,0.4208931624889374,0.2872086316347122
/content/dataset/train/neon/p_3678857.jpg,neon,train,0.15542811155319214,0.3520035445690155,0.7297853231430054,0.5673025250434875,0.4601666331291199
/content/dataset/train/neon/p_11233565.jpg,neon,train,0.11782623082399368,0.4068485498428345,0.3326777517795563,0.5056671500205994,0.31852390617132187
/content/dataset/train/neon/p_2482129.jpg,neon,train,0.11705556511878967,0.13344623148441315,0.7539415955543518,0.48310497403144836,0.11481816880404949
/content/dataset/train/neon/p_36958094.jpg,neon,train,0.18471889197826385,0.49719858169555664,0.38942036032676697,0.5050598978996277,0.46143384650349617
/content/dataset/train/neon/p_33647477.jpg,neon,train,0.19469738006591797,0.42331862449645996,0.4891640543937683,0.5560849905014038,0.3252561017870903
/content/dataset/train/neon/p_30712539.jpg,neon,train,0.2589564919471741,0.30596721172332764,0.9409314393997192,0.317882239818573,0.21072614006698132
/content/dataset/train/neon/p_11297800.jpg,neon,train,0.7579185962677002,0.34031403064727783,0.3198768198490143,0.5789177417755127,0.08585502859205008
/content/dataset/train/neon/u_1U306j8AN2s.jpg,neon,train,0.1972227543592453,0.24814297258853912,0.6858817934989929,0.6222314834594727,0.17531005665659904
/content/dataset/train/neon/p_15493522.jpg,neon,train,0.05101483687758446,0.11241281777620316,0.9649591445922852,0.3883199393749237,0.084053510800004
/content/dataset/train/neon/u_BloLz4iPhpE.jpg,neon,train,0.41028326749801636,0.36926794052124023,0.6783884763717651,0.5951349139213562,0.19102423451840878
/content/dataset/train/neon/p_5589599.jpg,neon,train,0.16694538295269012,0.4623437821865082,0.8009719848632812,0.580338716506958,0.195725429803133
/content/dataset/train/neon/p_36494117.jpg,neon,train,0.2542780041694641,0.3438013195991516,0.4449211061000824,0.4815926253795624,0.5489621125161648
/content/dataset/train/neon/p_11233537.jpg,neon,train,0.370723694562912,0.5841927528381348,0.3512634038925171,0.5530576109886169,0.7447649352252483
/content/dataset/train/neon/p_3895164.jpg,neon,train,0.08152944594621658,0.257610559463501,0.5808330178260803,0.5102279782295227,0.05933148320764303
/content/dataset/train/neon/p_20994431.jpg,neon,train,0.1572689563035965,0.3561915457248688,0.707935094833374,0.5221054553985596,0.27463609352707863
/content/dataset/train/neon/p_10910560.jpg,neon,train,0.11465507745742798,0.37261444330215454,0.8927009105682373,0.42271101474761963,0.10036696679890156
/content/dataset/train/neon/u_GfFFOqiTH4M.jpg,neon,train,0.12691262364387512,0.17313890159130096,0.3129366338253021,0.495740681886673,0.06435433402657509
/content/dataset/train/neon/u_N4ZFkHMq7rc.jpg,neon,train,0.07962474226951599,0.28400754928588867,0.5376182794570923,0.5371596813201904,0.3132403548806906
/content/dataset/train/neon/p_8108082.jpg,neon,train,0.13137821853160858,0.3225788176059723,0.4936220943927765,0.5315772294998169,0.21442530676722527
/content/dataset/train/neon/p_9308466.jpg,neon,train,0.13517925143241882,0.2979162931442261,0.5492954850196838,0.5038154721260071,0.21362204104661942
/content/dataset/train/neon/p_8108085.jpg,neon,train,0.21862973272800446,0.47317707538604736,0.5623458623886108,0.44535014033317566,0.2531567681580782
/content/dataset/train/neon/u_bYN8Oo7QCKw.jpg,neon,train,0.38976144790649414,0.5449336171150208,0.34979936480522156,0.5097143650054932,0.11425621341913939
/content/dataset/train/neon/u_l1X-S2YRemE.jpg,neon,train,0.3122765123844147,0.44067227840423584,0.7224327325820923,0.3551877439022064,0.17473104409873486
/content/dataset/train/neon/p_17195067.jpg,neon,train,0.07656706124544144,0.19851845502853394,0.6983734369277954,0.5014793276786804,0.19197733141481876
/content/dataset/train/neon/u_uBK8kDHef8E.jpg,neon,train,0.2556992471218109,0.3704415559768677,0.3606157600879669,0.504350483417511,0.3299775905907154
/content/dataset/train/neon/p_4336969.jpg,neon,train,0.07590959221124649,0.24900303781032562,0.930671215057373,0.40128254890441895,0.18533104099333286
/content/dataset/train/neon/p_7773877.jpg,neon,train,0.41872021555900574,0.3539661467075348,0.40052857995033264,0.5302353501319885,0.19495141692459583
/content/dataset/train/neon/u_yMDdXFSrtkM.jpg,neon,train,0.15781114995479584,0.16929638385772705,0.3097940683364868,0.5014370083808899,0.1129417959600687
/content/dataset/train/neon/p_15588865.jpg,neon,train,0.25541985034942627,0.46070829033851624,0.6827663779258728,0.5672428607940674,0.2898106537759304
/content/dataset/train/neon/u_WGMLFRrQ8wI.jpg,neon,train,0.11181522160768509,0.42545294761657715,0.7085474133491516,0.49123257398605347,0.38136789575219154
/content/dataset/train/neon/p_29373760.jpg,neon,train,0.19613604247570038,0.27775251865386963,0.8348784446716309,0.3955617845058441,0.14681873843073845
/content/dataset/train/neon/u_jb1ifR-qghM.jpg,neon,train,0.3195238411426544,0.19627848267555237,0.7279894948005676,0.7520395517349243,0.29081725515425205
/content/dataset/train/neon/p_14707230.jpg,neon,train,0.2853413224220276,0.40295132994651794,0.8321934342384338,0.5745276212692261,0.25039004161953926
/content/dataset/train/neon/p_31151851.jpg,neon,train,0.030699597671628,0.15460896492004395,0.4577551484107971,0.5087193250656128,0.14163958840072155
/content/dataset/train/neon/p_12361775.jpg,neon,train,0.12234891951084137,0.23904606699943542,0.44806861877441406,0.5772613286972046,0.35205136984586716
/content/dataset/train/neon/p_3700369.jpg,neon,train,0.1067209243774414,0.29065632820129395,0.8644037842750549,0.43909844756126404,0.29271903447806835
/content/dataset/train/neon/p_8108560.jpg,neon,train,0.12402871996164322,0.1877782791852951,0.6198281049728394,0.5357701182365417,0.1266070595011115
/content/dataset/train/neon/u_iJRQRlSJBUU.jpg,neon,train,0.20598852634429932,0.36870986223220825,0.6646537184715271,0.5050497651100159,0.266911955550313
/content/dataset/train/neon/p_1707212.jpg,neon,train,0.08495054394006729,0.17001233994960785,0.5743796825408936,0.46843841671943665,0.14530141837894917
/content/dataset/train/neon/p_19830141.jpg,neon,train,0.37462982535362244,0.37934601306915283,0.6344714760780334,0.3646201491355896,0.32108571380376816
/content/dataset/train/neon/p_3285791.jpg,neon,train,0.31475991010665894,0.3227594792842865,0.4126443564891815,0.43074503540992737,0.1516223791986704
/content/dataset/train/neon/p_8108327.jpg,neon,train,0.5050687789916992,0.6929417252540588,0.4406675100326538,0.40937215089797974,0.4178318567574024
/content/dataset/train/neon/p_8941790.jpg,neon,train,0.3731343150138855,0.4967306852340698,0.7210420370101929,0.3940581679344177,0.30182482674717903
/content/dataset/train/neon/u_rb767e573nE.jpg,neon,train,0.2429957240819931,0.2475227266550064,0.9557541608810425,0.8351091742515564,0.2920474298298359
/content/dataset/train/neon/p_8669634.jpg,neon,train,0.14625652134418488,0.23671627044677734,0.8125890493392944,0.4144842028617859,0.0394816801417619
/content/dataset/train/neon/p_9623871.jpg,neon,train,0.03817332535982132,0.18275392055511475,0.3705768883228302,0.5028806328773499,0.20822142716497183
/content/dataset/train/neon/p_37144806.jpg,neon,train,0.24780261516571045,0.36358705163002014,0.46043285727500916,0.47992396354675293,0.2853750716894865
/content/dataset/train/neon/p_5762827.jpg,neon,train,0.08036431670188904,0.42587485909461975,0.1253277063369751,0.48941755294799805,0.09908016538247466
/content/dataset/train/neon/p_6208391.jpg,neon,train,0.11564058065414429,0.185593381524086,0.8181087970733643,0.5103796720504761,0.17885257955640554
/content/dataset/train/neon/p_11167646.jpg,neon,train,0.16497832536697388,0.3739684224128723,0.6689923405647278,0.536590576171875,0.27725200168788433
/content/dataset/train/neon/u_55oT34JlxVw.jpg,neon,train,0.18464791774749756,0.2642313539981842,0.7319819927215576,0.5669775605201721,0.14094521757215261
/content/dataset/train/neon/p_4213219.jpg,neon,train,0.19434617459774017,0.3262298107147217,0.38920336961746216,0.48536843061447144,0.1243810448795557
/content/dataset/train/neon/p_12089403.jpg,neon,train,0.20284146070480347,0.32057565450668335,0.6995491981506348,0.6320632696151733,0.1624867832288146
/content/dataset/train/neon/u_J0xbEaqDSr4.jpg,neon,train,0.3901698887348175,0.4757619798183441,0.5390938520431519,0.5674511194229126,0.58618089184165
/content/dataset/train/neon/p_36526316.jpg,neon,train,0.20552630722522736,0.3626759648323059,0.7723391652107239,0.3844403922557831,0.2927600685507059
/content/dataset/train/neon/p_7429390.jpg,neon,train,0.2611331045627594,0.3457469940185547,0.6239503622055054,0.6270719766616821,0.5824066139757633
/content/dataset/train/neon/p_31413879.jpg,neon,train,0.21206587553024292,0.542403519153595,0.5448614358901978,0.5538446307182312,0.5134874768555164
/content/dataset/train/neon/p_14705740.jpg,neon,train,0.13788633048534393,0.2809464633464813,0.528423011302948,0.569351851940155,0.27789143845438957
/content/dataset/train/neon/p_31971471.jpg,neon,train,0.31439661979675293,0.5619798898696899,0.7632949948310852,0.44903242588043213,0.3298318386077881
/content/dataset/train/neon/u_c0wAt-NK-Z0.jpg,neon,train,0.46947529911994934,0.0766342431306839,0.6128984093666077,0.3118016719818115,0.07002502446994185
/content/dataset/train/neon/p_4217198.jpg,neon,train,0.15708079934120178,0.3220890164375305,0.8729543089866638,0.36139407753944397,0.4024936817586422
/content/dataset/train/neon/p_8111466.jpg,neon,train,0.43228089809417725,0.5267370343208313,0.5518222451210022,0.4634752869606018,0.5103937909007072
/content/dataset/train/neon/p_6319332.jpg,neon,train,0.2053779512643814,0.39354315400123596,0.8916674852371216,0.37911278009414673,0.3016792796552181
/content/dataset/train/neon/u_7pJjtAJAr54.jpg,neon,train,0.45384788513183594,0.3190419673919678,0.8690088391304016,0.41294702887535095,0.059122457168996334
/content/dataset/train/neon/u_rHIku1QcoRo.jpg,neon,train,0.23699863255023956,0.3760116696357727,0.4119177460670471,0.5361377596855164,0.2551499009132385
/content/dataset/train/neon/p_18545010.jpg,neon,train,0.1249551847577095,0.36980345845222473,0.724363386631012,0.629772961139679,0.2024011593312025
/content/dataset/train/neon/u_m8-CdLelHqA.jpg,neon,train,0.0058589656837284565,0.08248940110206604,0.04542120173573494,0.5017496943473816,0.040256010834127665
/content/dataset/train/neon/p_3358301.jpg,neon,train,0.23291897773742676,0.33293354511260986,0.6996858716011047,0.44730615615844727,0.26072400622069836
/content/dataset/train/neon/p_10202979.jpg,neon,train,0.1935642808675766,0.21749813854694366,0.21282508969306946,0.5274063944816589,0.1425865711644292
/content/dataset/train/neon/p_35131935.jpg,neon,train,0.07021164894104004,0.22569051384925842,0.5538157820701599,0.49043065309524536,0.1563254278153181
/content/dataset/train/neon/p_7960511.jpg,neon,train,0.22154195606708527,0.4903564155101776,0.654675304889679,0.4632483720779419,0.593150295317173
/content/dataset/train/neon/u_kyhJkcFCaiA.jpg,neon,train,0.2154233306646347,0.4118414521217346,0.4965685307979584,0.496719628572464,0.4431105963885784
/content/dataset/train/neon/p_34194552.jpg,neon,train,0.3412814140319824,0.5080949664115906,0.5700626373291016,0.4242241084575653,0.1249011023901403
/content/dataset/train/neon/u_nGN4cIzq4ZY.jpg,neon,train,0.030698496848344803,0.09884390234947205,0.9646359086036682,0.47280243039131165,0.020873461035080254
/content/dataset/train/neon/p_9124570.jpg,neon,train,0.1463489532470703,0.4106912314891815,0.45814892649650574,0.5889608263969421,0.1499621057882905
/content/dataset/train/neon/p_10665469.jpg,neon,train,0.34074583649635315,0.42907384037971497,0.4083268642425537,0.5393071174621582,0.2508829813450575
/content/dataset/train/neon/u_NU5Zjz0mFdE.jpg,neon,train,0.1519513875246048,0.4438285231590271,0.6464858055114746,0.5204909443855286,0.1712525635957718
/content/dataset/train/neon/u_Ar9emsztcNo.jpg,neon,train,0.12038606405258179,0.364559143781662,0.7336777448654175,0.4833521842956543,0.21451770793646574
/content/dataset/train/neon/p_20513990.jpg,neon,train,0.10492520779371262,0.23489981889724731,0.4136679172515869,0.4666420817375183,0.13985441997647285
/content/dataset/train/neon/u_kW4ZsDzPWco.jpg,neon,train,0.17050616443157196,0.3310956656932831,0.6664563417434692,0.508979082107544,0.2719724550843239
/content/dataset/train/neon/p_29373759.jpg,neon,train,0.0690956711769104,0.22132135927677155,0.8399063348770142,0.5747184753417969,0.13888731598854065
/content/dataset/train/neon/p_5719236.jpg,neon,train,0.22203312814235687,0.4977181851863861,0.4637180268764496,0.44542402029037476,0.3095660451799631
/content/dataset/train/neon/p_10785198.jpg,neon,train,0.121785007417202,0.29517966508865356,0.6451190114021301,0.49247944355010986,0.12684565968811512
/content/dataset/train/neon/p_33647479.jpg,neon,train,0.14734911918640137,0.3362226188182831,0.605607807636261,0.5588138103485107,0.27327708899974823
/content/dataset/train/neon/p_10040315.jpg,neon,train,0.17275072634220123,0.33619165420532227,0.959916889667511,0.6806256771087646,0.15629888512194157
/content/dataset/train/neon/p_11454075.jpg,neon,train,0.12239609658718109,0.44417157769203186,0.4250713586807251,0.4996556043624878,0.5343650840222836
/content/dataset/train/neon/p_20513976.jpg,neon,train,0.1379355788230896,0.20764054358005524,0.5786318778991699,0.4423513114452362,0.1096252491697669
/content/dataset/train/neon/u_Pc7z08HUR5o.jpg,neon,train,0.17481198906898499,0.24974828958511353,0.4718077480792999,0.45766451954841614,0.108921118080616
/content/dataset/train/neon/p_10967041.jpg,neon,train,0.13425736129283905,0.21510861814022064,0.43930181860923767,0.5297209024429321,0.15510854311287403
/content/dataset/train/neon/p_4814917.jpg,neon,train,0.2562485933303833,0.5400208234786987,0.7159988880157471,0.43220508098602295,0.17263238318264484
/content/dataset/train/neon/u_gOAYHhgaH8c.jpg,neon,train,0.22494205832481384,0.3665134012699127,0.47026675939559937,0.5480850338935852,0.5981025658547878
/content/dataset/train/neon/p_1718758.jpg,neon,train,0.14710329473018646,0.351397305727005,0.6057881712913513,0.49830618500709534,0.23268279619514942
/content/dataset/train/neon/u_jlFps9eI3Oo.jpg,neon,train,0.23267582058906555,0.38420677185058594,0.538215696811676,0.45018792152404785,0.2855454757809639
/content/dataset/train/neon/p_32670989.jpg,neon,train,0.21042965352535248,0.4478314220905304,0.41040855646133423,0.509059727191925,0.5308325216174126
/content/dataset/train/neon/p_9399668.jpg,neon,train,0.1691655069589615,0.4191703200340271,0.5882166624069214,0.5408341288566589,0.25191569700837135
/content/dataset/train/neon/p_14930754.jpg,neon,train,0.036429956555366516,0.23358802497386932,0.3319839835166931,0.48986175656318665,0.18477131612598896
/content/dataset/train/neon/u_S8Yk_H_ozRc.jpg,neon,train,0.08439996093511581,0.2302478551864624,0.8288746476173401,0.5011882781982422,0.14624659903347492
/content/dataset/train/neon/p_4856659.jpg,neon,train,0.0746898502111435,0.17221593856811523,0.872342586517334,0.45518606901168823,0.1461702724918723
/content/dataset/train/neon/u_w9tDU1Tu3bk.jpg,neon,train,0.11204041540622711,0.20887841284275055,0.6755164861679077,0.45072904229164124,0.15493704471737146
/content/dataset/train/neon/p_19083433.jpg,neon,train,0.30774933099746704,0.36718854308128357,0.7302099466323853,0.40948474407196045,0.2372253965586424
/content/dataset/train/neon/p_31625986.jpg,neon,train,0.2441488355398178,0.5121339559555054,0.60604327917099,0.5735182166099548,0.5441438592970371
/content/dataset/train/neon/u_HXVOzhsuQ7Q.jpg,neon,train,0.11204411834478378,0.2716265916824341,0.5881747603416443,0.4849550724029541,0.33899770118296146
/content/dataset/train/neon/p_12619959.jpg,neon,train,0.14223352074623108,0.3852217495441437,0.5067868828773499,0.4997848868370056,0.14856596942991018
/content/dataset/train/neon/p_2337920.jpg,neon,train,0.23945361375808716,0.4232780337333679,0.37994858622550964,0.522672712802887,0.5397441983222961
/content/dataset/train/neon/p_36608670.jpg,neon,train,0.23607580363750458,0.4383346140384674,0.5386170148849487,0.4826101064682007,0.4104899615049362
/content/dataset/train/neon/u_ESVbJ76IQQg.jpg,neon,train,0.2887779474258423,0.3470066487789154,0.4264098107814789,0.4854365289211273,0.0935952179133892
/content/dataset/train/neon/p_8119425.jpg,neon,train,0.3088167607784271,0.6077656149864197,0.8010321855545044,0.7018484473228455,0.340614253655076
/content/dataset/train/neon/u_4c-WqLMz118.jpg,neon,train,0.04276983067393303,0.1545477658510208,0.4423978328704834,0.4674186408519745,0.057708226377144456
/content/dataset/train/neon/p_5982986.jpg,neon,train,0.248454749584198,0.34474480152130127,0.9130534529685974,0.2893144190311432,0.3542523831129074
/content/dataset/train/neon/p_8107824.jpg,neon,train,0.24437172710895538,0.5164622068405151,0.5603306293487549,0.5633106827735901,0.2468652743846178
/content/dataset/train/neon/p_10142584.jpg,neon,train,0.15572233498096466,0.391205757856369,0.7215073108673096,0.4587280750274658,0.22877925541251898
/content/dataset/train/neon/p_8107897.jpg,neon,train,0.2334204763174057,0.46172377467155457,0.5169662237167358,0.5416790246963501,0.20753145217895508
/content/dataset/train/neon/p_32452320.jpg,neon,train,0.21226836740970612,0.40645599365234375,0.4683055877685547,0.46828126907348633,0.5176689848303795
/content/dataset/train/neon/p_1301945.jpg,neon,train,0.06933990865945816,0.3244105875492096,0.9508552551269531,0.550342857837677,0.16905749216675758
/content/dataset/train/neon/p_4264244.jpg,neon,train,0.18012236058712006,0.2743908166885376,0.8991910815238953,0.5107317566871643,0.22009404376149178
/content/dataset/train/neon/u_il0s3_JSW8g.jpg,neon,train,0.4544689655303955,0.5370423793792725,0.47148972749710083,0.40304386615753174,0.29025932773947716
/content/dataset/train/neon/u_gjBT1lMCvq4.jpg,neon,train,0.09668873995542526,0.3025284707546234,0.4498691260814667,0.48387470841407776,0.2695455215871334
/content/dataset/train/neon/p_12676868.jpg,neon,train,0.17265981435775757,0.45017120242118835,0.7624565362930298,0.4647415578365326,0.15929678920656443
/content/dataset/train/neon/u_5PYc6UVIhm4.jpg,neon,train,0.32843950390815735,0.3506828844547272,0.4639623463153839,0.5918080806732178,0.1405649445950985
/content/dataset/train/neon/p_15490865.jpg,neon,train,0.0321819894015789,0.176598459482193,0.6229543685913086,0.4915919005870819,0.10042465524747968
/content/dataset/train/neon/u_rnZyk5R260I.jpg,neon,train,0.694713830947876,0.15911777317523956,0.4333420991897583,0.5815707445144653,0.3491707146167755
/content/dataset/train/neon/u_6YLg1gjQqJY.jpg,neon,train,0.19263333082199097,0.3652164340019226,0.4425658881664276,0.5368221998214722,0.3153316956013441
/content/dataset/train/neon/p_14823468.jpg,neon,train,0.09094499796628952,0.32029253244400024,0.45191410183906555,0.5439041256904602,0.2068666834384203
/content/dataset/train/neon/p_17370251.jpg,neon,train,0.186261385679245,0.4292396903038025,0.59820157289505,0.5202624201774597,0.44074153527617455
/content/dataset/train/neon/p_29356746.jpg,neon,train,0.192435160279274,0.4954010546207428,0.7136595845222473,0.5830522775650024,0.32624388113617897
/content/dataset/train/neon/u_Cq5pX2NzAyg.jpg,neon,train,0.13952334225177765,0.2248416543006897,0.85043865442276,0.43013888597488403,0.16808118671178818
/content/dataset/train/neon/p_7317332.jpg,neon,train,0.10907275974750519,0.2996926009654999,0.7864487171173096,0.513555645942688,0.28467548079788685
/content/dataset/train/neon/u_uiYSMLAkgIE.jpg,neon,train,0.20097240805625916,0.34554317593574524,0.5656309127807617,0.535273551940918,0.45911967754364014
/content/dataset/train/neon/p_8107910.jpg,neon,train,0.10373365879058838,0.21667858958244324,0.5997280478477478,0.48152127861976624,0.14465419109910727
/content/dataset/train/neon/u_pmr6rsTDaAg.jpg,neon,train,0.1538931131362915,0.22455614805221558,0.4078860878944397,0.5080228447914124,0.11442164424806833
/content/dataset/train/neon/u_ju1F8nF-X64.jpg,neon,train,0.41261035203933716,0.5621756315231323,0.456299364566803,0.5249618887901306,0.3014649450778961
/content/dataset/train/neon/p_26182765.jpg,neon,train,0.14773885905742645,0.3811774253845215,0.7796764969825745,0.5893826484680176,0.26511307805776596
/content/dataset/train/neon/u_JYeYQOV-ZCc.jpg,neon,train,0.24188435077667236,0.40972936153411865,0.9855919480323792,0.26059889793395996,0.2671223785728216
/content/dataset/train/neon/u_NtyCjqzSkas.jpg,neon,train,0.24418425559997559,0.38411951065063477,0.576560914516449,0.43441784381866455,0.1884853234514594
/content/dataset/train/neon/u_6ByLB9U5MOY.jpg,neon,train,0.17114685475826263,0.41501450538635254,0.721757709980011,0.54289710521698,0.29442799277603626
/content/dataset/train/neon/p_30070497.jpg,neon,train,0.19196929037570953,0.3763827681541443,0.3195529580116272,0.5402225255966187,0.16905635595321655
/content/dataset/train/neon/p_14806334.jpg,neon,train,0.06774848699569702,0.2722499966621399,0.7492027282714844,0.5354083180427551,0.20443043671548367
/content/dataset/train/neon/u_N5YEQTt8wZ8.jpg,neon,train,0.31741467118263245,0.6005033254623413,0.7748405933380127,0.4126112461090088,0.4461975581943989
/content/dataset/train/neon/p_9086769.jpg,neon,train,0.19184626638889313,0.3741014301776886,0.8312726616859436,0.4890378713607788,0.8544400706887245
/content/dataset/train/neon/p_5662822.jpg,neon,train,0.1305554211139679,0.2325967252254486,0.10101741552352905,0.4923069477081299,0.14035558328032494
/content/dataset/train/neon/p_27362756.jpg,neon,train,0.14503207802772522,0.30941012501716614,0.8372766971588135,0.6674351692199707,0.2593871206045151
/content/dataset/train/neon/u_wR8kD9MLp6s.jpg,neon,train,0.07205437868833542,0.0958067998290062,0.2879810631275177,0.4975229501724243,0.08838004432618618
/content/dataset/train/neon/u_GkwvV2RsmeQ.jpg,neon,train,0.10528320074081421,0.3723544478416443,0.4523477256298065,0.47065359354019165,0.3647090494632721
/content/dataset/train/neon/p_29506612.jpg,neon,train,0.13789260387420654,0.16977818310260773,0.7296261787414551,0.5422314405441284,0.03629113081842661
/content/dataset/train/neon/p_2816904.jpg,neon,train,0.24576187133789062,0.45775312185287476,0.5748785138130188,0.47215375304222107,0.5984029918909073
/content/dataset/train/neon/p_31002100.jpg,neon,train,0.16535644233226776,0.2986602783203125,0.46872079372406006,0.46331527829170227,0.20431199111044407
/content/dataset/train/neon/p_7858124.jpg,neon,train,0.19623993337154388,0.193913996219635,0.8188791871070862,0.6531007885932922,0.04853368969634175
/content/dataset/train/neon/p_29764949.jpg,neon,train,0.30036118626594543,0.2588323652744293,0.7197681069374084,0.6474270224571228,0.14088528230786324
/content/dataset/train/neon/p_18545011.jpg,neon,train,0.10819583386182785,0.3293302655220032,0.690021276473999,0.6206144690513611,0.18035580404102802
/content/dataset/train/neon/p_29391898.jpg,neon,train,0.3422982096672058,0.5750395059585571,0.6640439629554749,0.4830029308795929,0.644490160048008
/content/dataset/train/neon/p_4336974.jpg,neon,train,0.060823820531368256,0.15668168663978577,0.9351686239242554,0.41027140617370605,0.1015166100114584
/content/dataset/train/neon/p_5871834.jpg,neon,train,0.1501634120941162,0.2293625771999359,0.7987794876098633,0.31371599435806274,0.09316940326243639
/content/dataset/train/neon/p_7429526.jpg,neon,train,0.14469698071479797,0.4544071555137634,0.5551657676696777,0.44205325841903687,0.36430979147553444
/content/dataset/train/neon/p_12233064.jpg,neon,train,0.5089120864868164,0.5416283011436462,0.5414621829986572,0.5079565644264221,0.21214890759438276
/content/dataset/train/neon/p_8108356.jpg,neon,train,0.12423830479383469,0.22417016327381134,0.6289578080177307,0.4607846140861511,0.12131659779697657
/content/dataset/train/neon/p_10175091.jpg,neon,train,0.3104284107685089,0.3946375250816345,0.5848982930183411,0.4594307541847229,0.4854952357709408
/content/dataset/train/neon/p_9784864.jpg,neon,train,0.30702802538871765,0.3428070843219757,0.7839028239250183,0.46116411685943604,0.2540899161249399
/content/dataset/train/neon/p_17129372.jpg,neon,train,0.2655385732650757,0.5213940143585205,0.7816216349601746,0.6119164824485779,0.08965138578787446
/content/dataset/train/neon/p_35049306.jpg,neon,train,0.06491536647081375,0.2802177965641022,0.8580645322799683,0.4766460061073303,0.14433481730520725
/content/dataset/train/neon/p_35991672.jpg,neon,train,0.06432520598173141,0.1471276432275772,0.27897319197654724,0.4935571551322937,0.0902559095993638
/content/dataset/train/neon/p_1574220.jpg,neon,train,0.2100764811038971,0.5801470875740051,0.589557409286499,0.519167423248291,0.3971627727150917
/content/dataset/train/neon/p_3484212.jpg,neon,train,0.06181606650352478,0.280791699886322,0.9384787678718567,0.465860515832901,0.17061630729585886
/content/dataset/train/neon/p_3652789.jpg,neon,train,0.3254290223121643,0.5153250694274902,0.5042306184768677,0.5182501673698425,0.4729587957262993
/content/dataset/train/neon/u_og4EBLBzaVc.jpg,neon,train,0.20248331129550934,0.21172460913658142,0.5553773641586304,0.5877906084060669,0.20344716496765614
/content/dataset/train/neon/p_30933060.jpg,neon,train,0.283633828163147,0.31122589111328125,0.25132620334625244,0.516013503074646,0.4747222177684307
/content/dataset/train/neon/p_28965740.jpg,neon,train,0.4069199860095978,0.7046009302139282,0.40652334690093994,0.5644941329956055,0.3258539643138647
/content/dataset/train/neon/u_gRvOgsSF9N0.jpg,neon,train,0.2471577525138855,0.5902777910232544,0.17817318439483643,0.5293574333190918,0.2354605868458748
/content/dataset/train/neon/u_9KZff_tfKfU.jpg,neon,train,0.3111572265625,0.36897581815719604,0.611423134803772,0.5830578207969666,0.49209998920559883
/content/dataset/train/neon/p_8108558.jpg,neon,train,0.14176642894744873,0.34835752844810486,0.5655173659324646,0.4760495722293854,0.24072210304439068
/content/dataset/train/neon/p_31265962.jpg,neon,train,0.33360394835472107,0.3965194523334503,0.6433421969413757,0.451839804649353,0.39449721574783325
/content/dataset/train/neon/p_8107856.jpg,neon,train,0.19109605252742767,0.27369892597198486,0.7835472822189331,0.41557973623275757,0.1252409117296338
/content/dataset/train/neon/p_12680818.jpg,neon,train,0.2452940195798874,0.2941286861896515,0.9107885360717773,0.30577945709228516,0.5056829564273357
/content/dataset/train/neon/p_33329150.jpg,neon,train,0.08995777368545532,0.3578462302684784,0.33698371052742004,0.5285271406173706,0.30399433337152004
/content/dataset/train/neon/p_32660203.jpg,neon,train,0.23824012279510498,0.278855562210083,0.6546382308006287,0.45099708437919617,0.2680498640984297
/content/dataset/train/neon/u_O8SNTJsNNXU.jpg,neon,train,0.30531635880470276,0.4190270006656647,0.0,0.5,0.3946671076118946
/content/dataset/train/neon/p_7287145.jpg,neon,train,0.1843751221895218,0.3641597330570221,0.6515097618103027,0.5214940309524536,0.29923497699201107
/content/dataset/train/neon/p_14207926.jpg,neon,train,0.0795488953590393,0.27722424268722534,0.41015931963920593,0.4820858836174011,0.2302124910056591
/content/dataset/train/neon/p_1798725.jpg,neon,train,0.31963783502578735,0.6041110754013062,0.6127067804336548,0.4770880937576294,0.2879154961556196
/content/dataset/train/neon/p_8108589.jpg,neon,train,0.14581963419914246,0.2987080514431,0.6051391363143921,0.47291725873947144,0.2164987102150917
/content/dataset/train/neon/p_31854959.jpg,neon,train,0.2457711100578308,0.49833372235298157,0.4534824788570404,0.536697506904602,0.7138220965862274
/content/dataset/train/neon/p_8108367.jpg,neon,train,0.24356701970100403,0.3473290503025055,0.47006767988204956,0.4511944651603699,0.1970322523266077
/content/dataset/train/neon/p_12128367.jpg,neon,train,0.14314182102680206,0.363445520401001,0.705134928226471,0.45873525738716125,0.2620441000908613
/content/dataset/train/neon/u_FOcFDS0OtIc.jpg,neon,train,0.08179983496665955,0.26981136202812195,0.9077860116958618,0.4771515130996704,0.11830964125692844
/content/dataset/train/neon/u_nUjZxpLcXZo.jpg,neon,train,0.2279420644044876,0.2272845208644867,0.12496291100978851,0.5001935362815857,0.17446599900722504
/content/dataset/train/neon/p_31248999.jpg,neon,train,0.012702434323728085,0.11807771772146225,0.1934199035167694,0.5037032961845398,0.07380728609859943
/content/dataset/train/neon/u_xcjNeocmhqU.jpg,neon,train,0.058653511106967926,0.15388460457324982,0.8538661599159241,0.4853169918060303,0.07506771944463253
/content/dataset/train/neon/u_fShCouMUtRk.jpg,neon,train,0.13344953954219818,0.18630200624465942,0.812318742275238,0.4156540036201477,0.19233194179832935
/content/dataset/train/neon/p_8107822.jpg,neon,train,0.2867516577243805,0.5566937327384949,0.6055527329444885,0.5276862978935242,0.253041572868824
/content/dataset/train/neon/u_6AIGT1lGXcA.jpg,neon,train,0.12042289972305298,0.48081013560295105,0.1732408106327057,0.49499088525772095,0.291923601180315
/content/dataset/train/neon/p_6025468.jpg,neon,train,0.1835675686597824,0.3843939006328583,0.7211636900901794,0.4821926951408386,0.21941647864878178
/content/dataset/train/neon/u_qKEQBAKbXhw.jpg,neon,train,0.17500713467597961,0.281994104385376,0.5854243636131287,0.6079069375991821,0.11807927396148443
/content/dataset/train/neon/p_20278552.jpg,neon,train,0.12276649475097656,0.24072450399398804,0.6274113655090332,0.5719729065895081,0.16310951672494411
/content/dataset/train/neon/p_27945618.jpg,neon,train,0.029890839010477066,0.13016273081302643,0.5683241486549377,0.5011600852012634,0.059505265671759844
/content/dataset/train/neon/p_9399675.jpg,neon,train,0.14345896244049072,0.38128796219825745,0.5308874249458313,0.5317063927650452,0.23617269471287727
/content/dataset/train/neon/p_31689562.jpg,neon,train,0.18133361637592316,0.3247767984867096,0.669194757938385,0.4741530120372772,0.30561070889234543
/content/dataset/train/neon/p_4576911.jpg,neon,train,0.3648674190044403,0.3765784502029419,0.27624595165252686,0.5425939559936523,0.25127644650638103
/content/dataset/train/neon/p_19961869.jpg,neon,train,0.49703097343444824,0.5326847434043884,0.29965507984161377,0.4821593165397644,0.2710749115794897
/content/dataset/train/neon/p_28513303.jpg,neon,train,0.07603044807910919,0.28101134300231934,0.6994466781616211,0.596808135509491,0.11374814435839653
/content/dataset/train/neon/p_20536181.jpg,neon,train,0.06151879206299782,0.31624820828437805,0.6420204043388367,0.5255602598190308,0.2809862047433853
/content/dataset/train/neon/p_13594335.jpg,neon,train,0.09990578144788742,0.1277943104505539,0.5384166836738586,0.47415265440940857,0.07449596654623747
/content/dataset/train/neon/u_JwkLLC5x6vw.jpg,neon,train,0.11797821521759033,0.3745068907737732,0.5203958749771118,0.45097115635871887,0.5731550417840481
/content/dataset/train/neon/p_5820032.jpg,neon,train,0.056218065321445465,0.25345534086227417,0.6599162220954895,0.5021811127662659,0.11733060237020254
/content/dataset/train/neon/p_30965192.jpg,neon,train,0.1639048457145691,0.35204702615737915,0.25394660234451294,0.5198833346366882,0.4319855757057667
/content/dataset/train/neon/u_ExCx8e_I4-Y.jpg,neon,train,0.07181849330663681,0.14643888175487518,0.38331061601638794,0.4878971576690674,0.10417993180453777
/content/dataset/train/neon/p_1822717.jpg,neon,train,0.1974392533302307,0.2958580553531647,0.48345232009887695,0.5884078145027161,0.22664382122457027
/content/dataset/train/neon/p_7415563.jpg,neon,train,0.1738704890012741,0.44474998116493225,0.8445506691932678,0.5476969480514526,0.29971963725984097
/content/dataset/train/neon/u_Iz-9iZIYLIs.jpg,neon,train,0.20105449855327606,0.41117703914642334,0.5290623903274536,0.46540695428848267,0.4146048426628113
/content/dataset/train/neon/p_31723109.jpg,neon,train,0.06811325252056122,0.2776707708835602,0.4728493094444275,0.5042594075202942,0.2101431041955948
/content/dataset/train/neon/p_1707213.jpg,neon,train,0.09847670793533325,0.26144957542419434,0.7726857662200928,0.452146977186203,0.15275988727808
/content/dataset/train/neon/p_11684324.jpg,neon,train,0.2518436312675476,0.34518733620643616,0.504234254360199,0.5343623757362366,0.5831277184188366
/content/dataset/train/neon/u_455pJOOewA8.jpg,neon,train,0.47779354453086853,0.07839540392160416,0.5995581746101379,0.5232850313186646,0.33519353717565536
/content/dataset/train/neon/p_3287203.jpg,neon,train,0.29873839020729065,0.3050689399242401,0.8338502645492554,0.275282084941864,0.22319304756820202
/content/dataset/train/neon/u_Gmlm0WcWE3w.jpg,neon,train,0.34343019127845764,0.41815367341041565,0.32040268182754517,0.5488734245300293,0.4699525609612465
/content/dataset/train/neon/u_50J-5CeK9rI.jpg,neon,train,0.33865493535995483,0.5506516695022583,0.5269891023635864,0.5877615213394165,0.2692557405680418
/content/dataset/train/neon/u_c77dIthd_Tk.jpg,neon,train,0.04746362566947937,0.23239538073539734,0.2562136650085449,0.49866193532943726,0.12686493806540966
/content/dataset/train/neon/p_12811425.jpg,neon,train,0.08150307834148407,0.2726881802082062,0.33807361125946045,0.4978124797344208,0.07949776714667678
/content/dataset/train/neon/p_36834953.jpg,neon,train,0.05456438660621643,0.161269873380661,0.5805546641349792,0.4845541715621948,0.20075419917702675
/content/dataset/train/neon/p_3652822.jpg,neon,train,0.4890110194683075,0.6302480697631836,0.540919840335846,0.6813342571258545,0.3834602702409029
/content/dataset/train/neon/p_14530804.jpg,neon,train,0.21198558807373047,0.2744249105453491,0.7173894047737122,0.6293293833732605,0.11752677150070667
/content/dataset/train/neon/p_27582545.jpg,neon,train,0.023250335827469826,0.1423465460538864,0.8845019936561584,0.5024562478065491,0.1498833205550909
/content/dataset/train/neon/p_11689101.jpg,neon,train,0.11449762433767319,0.25354132056236267,0.837133526802063,0.5872577428817749,0.19441841170191765
/content/dataset/train/neon/p_18545039.jpg,neon,train,0.15052126348018646,0.3993262052536011,0.9075366258621216,0.6402454972267151,0.33377724699676037
/content/dataset/train/neon/p_6589521.jpg,neon,train,0.21496035158634186,0.4042305052280426,0.7884582877159119,0.5440476536750793,0.27965874411165714
/content/dataset/train/neon/p_3048873.jpg,neon,train,0.09081308543682098,0.2990935146808624,0.5941289067268372,0.5517868399620056,0.09796419413760304
/content/dataset/train/neon/u_qJFYEdgi7lg.jpg,neon,train,0.4234808385372162,0.3746016025543213,0.7054027915000916,0.278911828994751,0.19072238355875015
/content/dataset/train/neon/p_18867525.jpg,neon,train,0.3461218774318695,0.4815573990345001,0.7539588212966919,0.6463922262191772,0.44612031430006027
/content/dataset/train/neon/p_5845256.jpg,neon,train,0.16845370829105377,0.39422908425331116,0.6811784505844116,0.47081881761550903,0.26356954127550125
/content/dataset/train/neon/p_29662419.jpg,neon,train,0.4341289699077606,0.4528913199901581,0.5307338833808899,0.37945541739463806,0.6154103390872478
/content/dataset/train/neon/p_6001334.jpg,neon,train,0.07728046923875809,0.260834276676178,0.7564486861228943,0.47176218032836914,0.18066939897835255
/content/dataset/train/neon/p_1821411.jpg,neon,train,0.1143936738371849,0.16297991573810577,0.733272135257721,0.41728848218917847,0.07662707474082708
/content/dataset/train/neon/p_28122495.jpg,neon,train,0.1739216446876526,0.3590596318244934,0.5816061496734619,0.4434606432914734,0.4767980985343456
/content/dataset/train/neon/p_3010775.jpg,neon,train,0.3294626772403717,0.2561008036136627,0.6625587940216064,0.5985770225524902,0.14403524342924356
/content/dataset/train/neon/p_10557978.jpg,neon,train,0.06684921681880951,0.3140595853328705,0.42363226413726807,0.5419468879699707,0.1807815209031105
/content/dataset/train/neon/p_2995188.jpg,neon,train,0.12004398554563522,0.3085036873817444,0.8780998587608337,0.45775309205055237,0.21398833021521568
/content/dataset/train/neon/u_n-9a7LwJves.jpg,neon,train,0.18183457851409912,0.4276707172393799,0.453508585691452,0.5178934335708618,0.17376198433339596
/content/dataset/train/neon/p_30418340.jpg,neon,train,0.13090600073337555,0.22036269307136536,0.5901107788085938,0.47942277789115906,0.3825157508254051
/content/dataset/train/neon/p_31419150.jpg,neon,train,0.26666346192359924,0.4155721366405487,0.6254925727844238,0.43165814876556396,0.48722894862294197
/content/dataset/train/neon/p_15010917.jpg,neon,train,0.2756975591182709,0.2627059817314148,0.506905734539032,0.6169788241386414,0.14448598958551884
/content/dataset/train/neon/p_4842563.jpg,neon,train,0.1513771265745163,0.32556241750717163,0.7844184637069702,0.5297700762748718,0.22815327160060406
/content/dataset/train/neon/u_5mmMhS3PgeI.jpg,neon,train,0.6754844188690186,0.28207921981811523,0.3559443950653076,0.3761749565601349,0.03570513799786568
/content/dataset/train/neon/p_1623140.jpg,neon,train,0.18515555560588837,0.39588049054145813,0.3248157203197479,0.5389107465744019,0.2714661881327629
/content/dataset/train/neon/p_4336971.jpg,neon,train,0.15639851987361908,0.31537047028541565,0.835218071937561,0.43144944310188293,0.18728291615843773
/content/dataset/train/neon/p_8107947.jpg,neon,train,0.23632341623306274,0.5132998824119568,0.6293479800224304,0.5333652496337891,0.16982628032565117
/content/dataset/train/neon/u_4Pfvylzh1po.jpg,neon,train,0.058715566992759705,0.222135528922081,0.7369725704193115,0.552889347076416,0.23184006102383137
/content/dataset/train/neon/p_26732101.jpg,neon,train,0.03711419552564621,0.12632106244564056,0.4625663459300995,0.5076714754104614,0.10719353333115578
/content/dataset/train/neon/p_33611116.jpg,neon,train,0.3739800453186035,0.5758960247039795,0.4250715970993042,0.4476204812526703,0.3722230903804302
/content/dataset/train/neon/p_31730291.jpg,neon,train,0.01580118201673031,0.12847012281417847,0.15200175344944,0.5049785375595093,0.0944001879543066
/content/dataset/train/neon/p_3532924.jpg,neon,train,0.23930087685585022,0.45820578932762146,0.5135303139686584,0.5395666360855103,0.4789671488106251
/content/dataset/train/neon/p_10910595.jpg,neon,train,0.08006709814071655,0.15851354598999023,0.9103434085845947,0.46404600143432617,0.09608809370547533
/content/dataset/train/neon/p_29373765.jpg,neon,train,0.11319798976182938,0.2781601548194885,0.7686167359352112,0.5119693279266357,0.177348917350173
/content/dataset/train/neon/u_AVtrrd71jlQ.jpg,neon,train,0.3303958773612976,0.5285863280296326,0.5043423175811768,0.5150734782218933,0.4551134444773197
/content/dataset/train/neon/p_8108305.jpg,neon,train,0.2791435718536377,0.6154888868331909,0.47407540678977966,0.4764229655265808,0.3150613512843847
/content/dataset/train/neon/p_6940252.jpg,neon,train,0.15623857080936432,0.40787801146507263,0.8404335975646973,0.42091041803359985,0.2792065776884556
/content/dataset/train/neon/u_fJ9Wr94TFug.jpg,neon,train,0.22781549394130707,0.31346502900123596,0.625206708908081,0.5595331788063049,0.44122815132141113
/content/dataset/train/neon/p_8107946.jpg,neon,train,0.15547099709510803,0.396183043718338,0.5516977310180664,0.5055211782455444,0.20877728704363108
/content/dataset/train/neon/u_knv7GL9JhBA.jpg,neon,train,0.3319336771965027,0.37450289726257324,0.8001735210418701,0.666468620300293,0.5595296248793602
/content/dataset/train/neon/p_29764256.jpg,neon,train,0.3119719624519348,0.18324242532253265,0.6773750185966492,0.4183398485183716,0.08747483836486936
/content/dataset/train/neon/u_D3_t94SNUzs.jpg,neon,train,0.1075316071510315,0.2096719592809677,0.597227156162262,0.3696306347846985,0.049578092293813825
/content/dataset/train/neon/p_31413138.jpg,neon,train,0.16498106718063354,0.4626843333244324,0.5956798791885376,0.5200105309486389,0.41140010580420494
/content/dataset/train/neon/u_Mb6fj1NvKQY.jpg,neon,train,0.25620603561401367,0.5226134657859802,0.6846917867660522,0.38291600346565247,0.436590313911438
/content/dataset/train/neon/u_Wm9ZsG-8I6I.jpg,neon,train,0.23568139970302582,0.31935369968414307,0.7977073192596436,0.40372174978256226,0.11094650253653526
/content/dataset/train/neon/u_oQNJOYa4Uus.jpg,neon,train,0.1609521508216858,0.27911078929901123,0.5667446851730347,0.4711129069328308,0.2628207951784134
/content/dataset/train/neon/p_4814930.jpg,neon,train,0.04055401682853699,0.09206895530223846,0.7930903434753418,0.4410749077796936,0.06526508601382375
/content/dataset/train/neon/p_18161125.jpg,neon,train,0.35741645097732544,0.563962996006012,0.7942589521408081,0.2711418569087982,0.40660539641976357
/content/dataset/train/neon/p_2405590.jpg,neon,train,0.3339598774909973,0.4581666588783264,0.4667918086051941,0.5536322593688965,0.47420697286725044
/content/dataset/train/neon/u_B8uFVOyJzU8.jpg,neon,train,0.2653624415397644,0.5365305542945862,0.7375788688659668,0.3941834568977356,0.4150160029530525
/content/dataset/train/neon/u_hdH5qdTySjk.jpg,neon,train,0.1994844228029251,0.29638564586639404,0.2842833399772644,0.4730308949947357,0.1018263678997755
/content/dataset/train/neon/p_20513984.jpg,neon,train,0.10924406349658966,0.19892296195030212,0.5449700355529785,0.4560164213180542,0.1046827295795083
/content/dataset/train/neon/p_10194139.jpg,neon,train,0.34848693013191223,0.32872554659843445,0.5975450277328491,0.35172516107559204,0.13252245262265205
/content/dataset/train/neon/p_11305506.jpg,neon,train,0.13078245520591736,0.23888449370861053,0.2769288122653961,0.4814939498901367,0.16693455167114735
/content/dataset/train/neon/u_8rxerlL_6a0.jpg,neon,train,0.32052963972091675,0.5544116497039795,0.5210098624229431,0.5351300239562988,0.42822721414268017
/content/dataset/train/neon/u_g7ygUngldco.jpg,neon,train,0.14894911646842957,0.30741918087005615,0.7533711194992065,0.4487948417663574,0.35400426015257835
/content/dataset/train/neon/p_8108083.jpg,neon,train,0.23182272911071777,0.46919965744018555,0.5629034042358398,0.4242488443851471,0.24831724353134632
/content/dataset/train/neon/u_r6JgU6oeZBg.jpg,neon,train,0.6233766078948975,0.42992404103279114,0.32172346115112305,0.526314914226532,0.060145347379148006
/content/dataset/train/neon/u_WNLzDp4elWs.jpg,neon,train,0.3438948690891266,0.5170428156852722,0.14695702493190765,0.5198012590408325,0.13702303636819124
/content/dataset/train/neon/u_XFj18m8EVQQ.jpg,neon,train,0.2872370183467865,0.4640888273715973,0.3510371148586273,0.5368381142616272,0.5604379624128342
/content/dataset/train/neon/p_33867853.jpg,neon,train,0.18502536416053772,0.5191528797149658,0.45330139994621277,0.5652066469192505,0.42589133605360985
/content/dataset/train/neon/p_8108676.jpg,neon,train,0.2550398111343384,0.5805609226226807,0.6790536642074585,0.6182810068130493,0.3432563692331314
/content/dataset/train/neon/p_7317333.jpg,neon,train,0.24534980952739716,0.4165612757205963,0.49137887358665466,0.5121369957923889,0.6063036248087883
/content/dataset/train/neon/p_15830654.jpg,neon,train,0.1596631109714508,0.1958540678024292,0.10902322828769684,0.5085856318473816,0.1362555893138051
/content/dataset/train/neon/u_QX7l49TAEyI.jpg,neon,train,0.5780193209648132,0.2797258794307709,0.23475657403469086,0.5533068180084229,0.20000777207314968
/content/dataset/train/neon/p_1083809.jpg,neon,train,0.24292318522930145,0.3326859176158905,0.4394893944263458,0.4690568745136261,0.2638935763388872
/content/dataset/train/neon/u_O3ogFSV-Ix0.jpg,neon,train,0.0887029618024826,0.3322054445743561,0.8738253712654114,0.48227885365486145,0.11789515614509583
/content/dataset/train/neon/p_34960424.jpg,neon,train,0.08935236185789108,0.3474746644496918,0.34981751441955566,0.6010643243789673,0.17731424886733294
/content/dataset/train/neon/u_PG0wHwXhn8o.jpg,neon,train,0.1602877378463745,0.12541961669921875,0.9081320762634277,0.5297328233718872,0.11953459121286869
/content/dataset/train/neon/p_14388639.jpg,neon,train,0.19761523604393005,0.4031120538711548,0.7903491258621216,0.42726191878318787,0.2384877484291792
/content/dataset/train/neon/u_hCeXL5Caab0.jpg,neon,train,0.10027191787958145,0.14439897239208221,0.26781803369522095,0.4777210056781769,0.16389268450438976
/content/dataset/train/neon/p_16395184.jpg,neon,train,0.058988772332668304,0.1760493665933609,0.4851504862308502,0.5208824276924133,0.07610823027789593
/content/dataset/train/neon/u_xBgP9WSNI0g.jpg,neon,train,0.21835671365261078,0.22531038522720337,0.7429297566413879,0.33619099855422974,0.23503928445279598
/content/dataset/train/neon/u_p2D_pHnSqm0.jpg,neon,train,0.41794636845588684,0.2726540267467499,0.47150832414627075,0.5582720041275024,0.3693707752972841
/content/dataset/train/neon/p_9263509.jpg,neon,train,0.25818899273872375,0.5510534048080444,0.5776193737983704,0.4167838990688324,0.33852181397378445
/content/dataset/train/neon/u_9AJt6uE0F_o.jpg,neon,train,0.44387325644493103,0.26579007506370544,0.6595444083213806,0.2908335328102112,0.20592154935002327
/content/dataset/train/neon/u_T-pI_x-iMJI.jpg,neon,train,0.39769071340560913,0.2613738477230072,0.7197933793067932,0.4935852885246277,0.20677024498581886
/content/dataset/train/neon/p_7689076.jpg,neon,train,0.3822120428085327,0.416212797164917,0.5178225636482239,0.5942855477333069,0.2992467302829027
/content/dataset/train/neon/p_30674515.jpg,neon,train,0.056372497230768204,0.3238774538040161,0.20194551348686218,0.5032824873924255,0.20842787809669971
/content/dataset/train/neon/p_32933476.jpg,neon,train,0.522070050239563,0.5435343980789185,0.5508763790130615,0.43282732367515564,0.33438329584896564
/content/dataset/train/neon/p_704765.jpg,neon,train,0.2618306875228882,0.34702011942863464,0.4769604802131653,0.4276330769062042,0.17562533728778362
/content/dataset/train/neon/u_W_6b8pWBUKY.jpg,neon,train,0.3575747311115265,0.4255838096141815,0.4436855614185333,0.5387784242630005,0.7157371565699577
/content/dataset/train/neon/p_34226968.jpg,neon,train,0.07433581352233887,0.25309181213378906,0.6955747008323669,0.5486438870429993,0.18535691313445568
/content/dataset/train/neon/p_15166489.jpg,neon,train,0.24523192644119263,0.7229579091072083,0.0,0.5,0.9532677754759789
/content/dataset/train/neon/p_12637789.jpg,neon,train,0.3912736475467682,0.4227806627750397,0.5774097442626953,0.38847672939300537,0.32462626695632935
/content/dataset/train/neon/p_28965749.jpg,neon,train,0.2646807134151459,0.5354806780815125,0.4443024694919586,0.5296674370765686,0.3161587193608284
/content/dataset/train/neon/u_OiUUW6hSwI8.jpg,neon,train,0.10356875509023666,0.3775080740451813,0.28423216938972473,0.5302456617355347,0.2638752479106188
/content/dataset/train/neon/u_buo5lufsRj8.jpg,neon,train,0.2890755534172058,0.17360901832580566,0.9865028858184814,0.42907899618148804,0.06898088613525033
/content/dataset/train/neon/u_4cYeqEbSTUY.jpg,neon,train,0.31010425090789795,0.31032633781433105,0.4703039526939392,0.44058018922805786,0.14643217902630568
/content/dataset/train/neon/p_8108586.jpg,neon,train,0.15190453827381134,0.2058747261762619,0.7508388161659241,0.5870885252952576,0.10188177693635225
/content/dataset/train/neon/u_F6OvLiwAxn4.jpg,neon,train,0.08092421293258667,0.29468756914138794,0.4447302520275116,0.48010286688804626,0.17106966581195593
/content/dataset/train/neon/u_0Al3V45PgVk.jpg,neon,train,0.11118850111961365,0.1282300502061844,0.9842650890350342,0.39255547523498535,0.031714733922854066
/content/dataset/train/neon/u_HgiU4c7dUNA.jpg,neon,train,0.210596963763237,0.3499373495578766,0.6243160963058472,0.5084218978881836,0.3541484475135803
/content/dataset/train/neon/p_8108402.jpg,neon,train,0.1846042424440384,0.4028790295124054,0.6970217227935791,0.5922829508781433,0.17315573059022427
/content/dataset/train/neon/p_17380067.jpg,neon,train,0.09614235907793045,0.1995450258255005,0.7022549510002136,0.5165317058563232,0.11657747440040112
/content/dataset/train/neon/p_6940099.jpg,neon,train,0.421231746673584,0.577053964138031,0.5752275586128235,0.44721105694770813,0.5353172123432159
/content/dataset/train/neon/p_24390603.jpg,neon,train,0.16754308342933655,0.38039690256118774,0.9411718249320984,0.47822922468185425,0.20961651112884283
/content/dataset/train/neon/p_11213237.jpg,neon,train,0.26108697056770325,0.38113871216773987,0.5506495237350464,0.5935770869255066,0.31046029180288315
/content/dataset/train/vintage/p_7658614.jpg,vintage,train,0.35115596652030945,0.44592392444610596,0.5829953551292419,0.5293018221855164,0.12839557603001595
/content/dataset/train/vintage/u_WaVkaHGbWIc.jpg,vintage,train,0.46939897537231445,0.5656413435935974,0.39900732040405273,0.44114625453948975,0.29289592057466507
/content/dataset/train/vintage/p_6410895.jpg,vintage,train,0.33928921818733215,0.41433292627334595,0.0,0.5,0.1479098480194807
/content/dataset/train/vintage/p_10938345.jpg,vintage,train,0.6659996509552002,0.7372785806655884,0.21864713728427887,0.5455611944198608,0.21302511915564537
/content/dataset/train/vintage/p_10390837.jpg,vintage,train,0.7644639015197754,0.542065441608429,0.06524164229631424,0.5023984313011169,0.20158040337264538
/content/dataset/train/vintage/p_4201333.jpg,vintage,train,0.6513970494270325,0.7043648362159729,0.13977845013141632,0.49475255608558655,0.2470486145466566
/content/dataset/train/vintage/p_5874034.jpg,vintage,train,0.6609743237495422,0.7526949048042297,0.18013596534729004,0.5363650321960449,0.037910822429694235
/content/dataset/train/vintage/p_10220752.jpg,vintage,train,0.3645019233226776,0.37254202365875244,0.3808962404727936,0.5743008852005005,0.15499471919611096
/content/dataset/train/vintage/u_7Jv7fHnGHm0.jpg,vintage,train,0.2947237491607666,0.6461101770401001,0.0,0.5,0.10978813748806715
/content/dataset/train/vintage/u_5qIKCGyF_7I.jpg,vintage,train,0.5569919943809509,0.5492291450500488,0.0,0.5,0.11499588843435049
/content/dataset/train/vintage/u_yCOA_jzvmmo.jpg,vintage,train,0.1135418489575386,0.1825106143951416,0.777295708656311,0.5385836362838745,0.16645897179841995
/content/dataset/train/vintage/u_cft6a5sii3o.jpg,vintage,train,0.2820264399051666,0.4352673888206482,0.0,0.5,0.44326476752758026
/content/dataset/train/vintage/p_28180443.jpg,vintage,train,0.5277243852615356,0.4668790102005005,0.17510384321212769,0.4667796790599823,0.15735295601189137
/content/dataset/train/vintage/u_gka6QonVgZk.jpg,vintage,train,0.4435451030731201,0.37412914633750916,0.3648579716682434,0.60414719581604,0.6453974358737469
/content/dataset/train/vintage/i92R8elDEF0.jpg,vintage,train,0.4689733684062958,0.2897334694862366,0.4749380648136139,0.5581997036933899,0.2220155205577612
/content/dataset/train/vintage/jeJS1In3EvE.jpg,vintage,train,0.5157931447029114,0.519494891166687,0.0,0.5,0.6894120201468468
/content/dataset/train/vintage/p_8974258.jpg,vintage,train,0.6939145922660828,0.7129986882209778,0.16809360682964325,0.528528094291687,0.16587176360189915
/content/dataset/train/vintage/u_2bBKjhQFx1M.jpg,vintage,train,0.21550174057483673,0.33795011043548584,0.0,0.5,0.1591264782473445
/content/dataset/train/vintage/p_36621183.jpg,vintage,train,0.4435596168041229,0.5654925107955933,0.39226841926574707,0.5722696781158447,0.21468285471200943
/content/dataset/train/vintage/p_11622759.jpg,vintage,train,0.7455337047576904,0.5908873081207275,0.16578076779842377,0.5211039781570435,0.26928868144750595
/content/dataset/train/vintage/p_3067112.jpg,vintage,train,0.251670241355896,0.33328524231910706,0.42469340562820435,0.5233971476554871,0.1863547507673502
/content/dataset/train/vintage/u_1hPJ2UZoYro.jpg,vintage,train,0.37156787514686584,0.5725732445716858,0.0,0.5,0.40864406153559685
/content/dataset/train/vintage/u_9XqTtwwjPPs.jpg,vintage,train,0.32738345861434937,0.5113944411277771,0.0,0.5,0.24582501500844955
/content/dataset/train/vintage/u_25bkdMjYW-k.jpg,vintage,train,0.6675089001655579,0.4485129714012146,0.13077504932880402,0.5329443216323853,0.37095213308930397
/content/dataset/train/vintage/p_11254136.jpg,vintage,train,0.47730380296707153,0.3612653613090515,0.807365357875824,0.7665022611618042,0.19585704430937767
/content/dataset/train/vintage/u_ZaVu4HUdqYo.jpg,vintage,train,0.5372720956802368,0.37516412138938904,0.2699199318885803,0.5323287844657898,0.6062448211014271
/content/dataset/train/vintage/p_32960805.jpg,vintage,train,0.35380735993385315,0.5190727710723877,0.31566834449768066,0.5461173057556152,0.22098823450505733
/content/dataset/train/vintage/KbGteT4Oh3k.jpg,vintage,train,0.30063268542289734,0.27892908453941345,0.17957419157028198,0.5263251662254333,0.4095938056707382
/content/dataset/train/vintage/p_27082186.jpg,vintage,train,0.5955378413200378,0.5399393439292908,0.07848769426345825,0.5198888778686523,0.15990220941603184
/content/dataset/train/vintage/p_3234896.jpg,vintage,train,0.36749958992004395,0.4324275851249695,0.4789634644985199,0.5973789095878601,0.3478687256574631
/content/dataset/train/vintage/p_32117272.jpg,vintage,train,0.6179443597793579,0.35229602456092834,0.2941213846206665,0.47491738200187683,0.14654009602963924
/content/dataset/train/vintage/Lhv3ZrzwHY0.jpg,vintage,train,0.6126374006271362,0.41147372126579285,0.31635454297065735,0.5914123058319092,0.38814129307866096
/content/dataset/train/vintage/p_8203429.jpg,vintage,train,0.30551818013191223,0.4698125123977661,0.0,0.5,0.4345296882092953
/content/dataset/train/vintage/u_lPwNOUHo-UA.jpg,vintage,train,0.6053131818771362,0.7828971147537231,0.0,0.5,0.16532895155251026
/content/dataset/train/vintage/QGUnj9R-Sh8.jpg,vintage,train,0.5542576909065247,0.3863442540168762,0.0,0.5,0.45535363256931305
/content/dataset/train/vintage/u_RNVMICYW1Vs.jpg,vintage,train,0.04437122866511345,0.23930618166923523,0.15076296031475067,0.5031448602676392,0.059681739658117294
/content/dataset/train/vintage/p_17919103.jpg,vintage,train,0.5464569926261902,0.392389178276062,0.5515099167823792,0.6650757789611816,0.484448978677392
/content/dataset/train/vintage/u_NTEqKmml6Y4.jpg,vintage,train,0.4204328954219818,0.5117666721343994,0.0,0.5,0.3850202076137066
/content/dataset/train/vintage/u_GBd-S4kpgBw.jpg,vintage,train,0.31558528542518616,0.5091673731803894,0.5778356790542603,0.5493813753128052,0.2948198188096285
/content/dataset/train/vintage/u_FK1hGkwdEgs.jpg,vintage,train,0.3410058617591858,0.6080895066261292,0.0,0.5,0.6038239784538746
/content/dataset/train/vintage/u_bwG9tPz-IR4.jpg,vintage,train,0.5343817472457886,0.8194141983985901,0.0,0.5,0.3147931583225727
/content/dataset/train/vintage/u_agNuN-wUi0k.jpg,vintage,train,0.7048095464706421,0.4914312958717346,0.1311473846435547,0.5304474234580994,0.3414335008710623
/content/dataset/train/vintage/u_l0mEaRwOq2o.jpg,vintage,train,0.4167981743812561,0.5219895839691162,0.5094819664955139,0.4686686396598816,0.15563515946269035
/content/dataset/train/vintage/p_10194709.jpg,vintage,train,0.05246119946241379,0.1980665922164917,0.8640449047088623,0.46980541944503784,0.08738966193050146
/content/dataset/train/vintage/u_ZDfwDtaC1VI.jpg,vintage,train,0.715547502040863,0.5388693809509277,0.0,0.5,0.16071857418864965
/content/dataset/train/vintage/u_zHrjQZRV0-0.jpg,vintage,train,0.8048209547996521,0.44617122411727905,0.0,0.5,0.20484449341893196
/content/dataset/train/vintage/p_11783077.jpg,vintage,train,0.5269203782081604,0.5758339166641235,0.23736023902893066,0.47928276658058167,0.3284123446792364
/content/dataset/train/vintage/p_8229873.jpg,vintage,train,0.6535618901252747,0.5229501128196716,0.10409774631261826,0.5079883337020874,0.31635587103664875
/content/dataset/train/vintage/p_2867980.jpg,vintage,train,0.3359719514846802,0.5286797285079956,0.26215481758117676,0.5200273394584656,0.3001921810209751
/content/dataset/train/vintage/p_5560564.jpg,vintage,train,0.2327226847410202,0.2958652377128601,0.17127840220928192,0.5201724171638489,0.129613745957613
/content/dataset/train/vintage/p_10840432.jpg,vintage,train,0.5110485553741455,0.47416672110557556,0.24754880368709564,0.5154985189437866,0.5459803901612759
/content/dataset/train/vintage/Ssy4FcX_AgQ.jpg,vintage,train,0.6540542840957642,0.4348258674144745,0.3378792107105255,0.5395887494087219,0.20327601581811905
/content/dataset/train/vintage/6NGQWeA1RNs.jpg,vintage,train,0.04488552734255791,0.21160781383514404,0.9119985103607178,0.5241673588752747,0.11602722108364105
/content/dataset/train/vintage/u_s7N1fiCwyTU.jpg,vintage,train,0.6166901588439941,0.9349959492683411,0.14379283785820007,0.49670255184173584,0.11215316131711006
/content/dataset/train/vintage/u_rfsaeNy0tpA.jpg,vintage,train,0.2541770040988922,0.3937613070011139,0.0,0.5,0.45401861891150475
/content/dataset/train/vintage/p_32800261.jpg,vintage,train,0.48621708154678345,0.25816041231155396,0.2550806701183319,0.551880419254303,0.14305399730801582
/content/dataset/train/vintage/p_29876946.jpg,vintage,train,0.1778227686882019,0.4452170431613922,0.5081515312194824,0.532374382019043,0.2548535354435444
/content/dataset/train/vintage/p_1677803.jpg,vintage,train,0.5024798512458801,0.38423529267311096,0.11734357476234436,0.5138271450996399,0.19065474160015583
/content/dataset/train/vintage/u_u5U05KMSdTU.jpg,vintage,train,0.4812619388103485,0.5785975456237793,0.1583046019077301,0.4972231090068817,0.6454719230532646
/content/dataset/train/vintage/u_3fXFfAgN6Cs.jpg,vintage,train,0.23744647204875946,0.26412519812583923,0.3187808692455292,0.5292371511459351,0.10576182045042515
/content/dataset/train/vintage/p_9319783.jpg,vintage,train,0.22857460379600525,0.30678698420524597,0.35634881258010864,0.549116849899292,0.3396471217274666
/content/dataset/train/vintage/u_jLFXbDMuetY.jpg,vintage,train,0.2761768102645874,0.5170674324035645,0.0,0.5,0.2813579421490431
/content/dataset/train/vintage/nTJ5b53v9aU.jpg,vintage,train,0.5161097049713135,0.4329881966114044,0.0,0.5,0.45806093141436577
/content/dataset/train/vintage/p_16400148.jpg,vintage,train,0.4378848075866699,0.5592523217201233,0.30933597683906555,0.5701029300689697,0.3239140659570694
/content/dataset/train/vintage/u_yfrduMuMyvY.jpg,vintage,train,0.7508667707443237,0.5037680864334106,0.15657846629619598,0.4751739501953125,0.10486955754458904
/content/dataset/train/vintage/inCZ75mrEk4.jpg,vintage,train,0.697883665561676,0.45583897829055786,0.0,0.5,0.3866405785083771
/content/dataset/train/vintage/p_5849010.jpg,vintage,train,0.8349331617355347,0.24356475472450256,0.04575074836611748,0.516728401184082,0.06870727520436049
/content/dataset/train/vintage/u_zXddUfyhk5g.jpg,vintage,train,0.17365844547748566,0.23904307186603546,0.0,0.5,0.15532911755144596
/content/dataset/train/vintage/u_yO8qK3Ebo0k.jpg,vintage,train,0.22422614693641663,0.5553504824638367,0.30138587951660156,0.5221214890480042,0.2768618520349264
/content/dataset/train/vintage/p_21311067.jpg,vintage,train,0.5726898908615112,0.4388578236103058,0.18337514996528625,0.4995489716529846,0.10560909286141396
/content/dataset/train/vintage/u__Qx3pE7VD4w.jpg,vintage,train,0.6695716977119446,0.3958289921283722,0.11464989185333252,0.5318322777748108,0.388141144067049
/content/dataset/train/vintage/p_19248405.jpg,vintage,train,0.22859860956668854,0.421749472618103,0.630180299282074,0.5556761622428894,0.29271078296005726
/content/dataset/train/vintage/p_2508735.jpg,vintage,train,0.7577700614929199,0.35397177934646606,0.13266049325466156,0.5354741811752319,0.1955494750291109
/content/dataset/train/vintage/ggwBW-dFdU8.jpg,vintage,train,0.288965106010437,0.635933518409729,0.0,0.5,0.1944933831691742
/content/dataset/train/vintage/p_8229867.jpg,vintage,train,0.6255074143409729,0.5679723024368286,0.16500282287597656,0.4956388771533966,0.21794321946799755
/content/dataset/train/vintage/u_KfVkkjJ2P3c.jpg,vintage,train,0.4340346157550812,0.3707539141178131,0.4324432611465454,0.6067758798599243,0.28762446716427803
/content/dataset/train/vintage/p_20591586.jpg,vintage,train,0.520575761795044,0.403494268655777,0.5016344785690308,0.5527775287628174,0.28763484209775925
/content/dataset/train/vintage/u_sXUQpNSWj38.jpg,vintage,train,0.7973689436912537,0.3092026114463806,0.031306035816669464,0.4900764524936676,0.08503136690706015
/content/dataset/train/vintage/p_5874169.jpg,vintage,train,0.19119644165039062,0.3465611934661865,0.5528282523155212,0.5681561827659607,0.3227513376623392
/content/dataset/train/vintage/Pzdc3EaXUZU.jpg,vintage,train,0.5809137225151062,0.49007275700569153,0.0,0.5,0.2250505704432726
/content/dataset/train/vintage/p_31325256.jpg,vintage,train,0.2557506561279297,0.6814684271812439,0.5823346376419067,0.48423901200294495,0.1689187716692686
/content/dataset/train/vintage/u_oNCvZT1Bqx4.jpg,vintage,train,0.547130286693573,0.7558643817901611,0.1044764295220375,0.4985598623752594,0.16583644319325686
/content/dataset/train/vintage/p_5848885.jpg,vintage,train,0.49297112226486206,0.3873842656612396,0.4786534309387207,0.638496458530426,0.48074180260300636
/content/dataset/train/vintage/p_30786033.jpg,vintage,train,0.566495418548584,0.4309444725513458,0.2687528133392334,0.5578533411026001,0.3006625734269619
/content/dataset/train/vintage/p_5164330.jpg,vintage,train,0.6273065209388733,0.693970263004303,0.22161781787872314,0.4755658209323883,0.23330960422754288
/content/dataset/train/vintage/p_9983056.jpg,vintage,train,0.2909679412841797,0.2076982706785202,0.7335715889930725,0.6781525015830994,0.13382275123149157
/content/dataset/train/vintage/p_5560563.jpg,vintage,train,0.37711143493652344,0.3511631190776825,0.5386813282966614,0.6254380941390991,0.3129790723323822
/content/dataset/train/vintage/u_WJCWbEwHGOM.jpg,vintage,train,0.2562048137187958,0.23713625967502594,0.11055354028940201,0.5130097270011902,0.09031363297253847
/content/dataset/train/vintage/p_31130937.jpg,vintage,train,0.5280144810676575,0.37752652168273926,0.6311826705932617,0.47941771149635315,0.19642661325633526
/content/dataset/train/vintage/u_yM-vxtUUoq4.jpg,vintage,train,0.33247676491737366,0.6313980221748352,0.0,0.5,0.21407376043498516
/content/dataset/train/vintage/sI3hnJSa8_c.jpg,vintage,train,0.7162566184997559,0.5042378306388855,0.0,0.5,0.30038720928132534
/content/dataset/train/vintage/p_1416846.jpg,vintage,train,0.48995599150657654,0.4349663555622101,0.2757323086261749,0.5082149505615234,0.42127320542931557
/content/dataset/train/vintage/u_lGLYmyAS2iY.jpg,vintage,train,0.42329126596450806,0.5963995456695557,0.2995064854621887,0.498270720243454,0.1919824443757534
/content/dataset/train/vintage/oTf1QzEVg7Y.jpg,vintage,train,0.5185840725898743,0.5350989103317261,0.0,0.5,0.2308384608477354
/content/dataset/train/vintage/u_AGH_LXTM3Q0.jpg,vintage,train,0.4347781836986542,0.5141128897666931,0.4521150290966034,0.5746051073074341,0.4335876926779747
/content/dataset/train/vintage/u_BUCmFwzdGK0.jpg,vintage,train,0.6335636377334595,0.40866419672966003,0.0,0.5,0.10394685436040163
/content/dataset/train/vintage/u_3dbfJr4Plk0.jpg,vintage,train,0.25372692942619324,0.3300221264362335,0.022200463339686394,0.4991717040538788,0.2394767850637436
/content/dataset/train/vintage/p_21311066.jpg,vintage,train,0.43591704964637756,0.4936697483062744,0.2673865556716919,0.5428466796875,0.23489961866289377
/content/dataset/train/vintage/u_rAvMLaxQv2M.jpg,vintage,train,0.7345547676086426,0.5443987250328064,0.17888811230659485,0.471466600894928,0.09701398201286793
/content/dataset/train/vintage/1hPJ2UZoYro.jpg,vintage,train,0.37156909704208374,0.5725744962692261,0.0,0.5,0.40865229442715645
/content/dataset/train/vintage/p_35970476.jpg,vintage,train,0.3782363533973694,0.46030062437057495,0.3472636342048645,0.5471845269203186,0.16634664963930845
/content/dataset/train/vintage/p_7305436.jpg,vintage,train,0.4417681097984314,0.41926267743110657,0.2968015968799591,0.49374082684516907,0.20849624648690224
/content/dataset/train/vintage/p_9066556.jpg,vintage,train,0.28779780864715576,0.3080233037471771,0.3375857472419739,0.5503257513046265,0.35864817909896374
/content/dataset/train/vintage/u_xXvB9mwaQQA.jpg,vintage,train,0.24784113466739655,0.24607321619987488,0.7970287799835205,0.2926170825958252,0.10803466197103262
/content/dataset/train/vintage/u_SfXfyD51p9M.jpg,vintage,train,0.6467311382293701,0.44933995604515076,0.2983226776123047,0.5183951258659363,0.2025694027543068
/content/dataset/train/vintage/u_CPzhwRY_uew.jpg,vintage,train,0.6935026049613953,0.5398494005203247,0.10185079276561737,0.5046737790107727,0.21275725215673447
/content/dataset/train/vintage/u_I-AvwjEprJM.jpg,vintage,train,0.7812799215316772,0.39829516410827637,0.03259700536727905,0.48907211422920227,0.11050375178456306
/content/dataset/train/vintage/p_31674184.jpg,vintage,train,0.4034213125705719,0.3214928209781647,0.3934711217880249,0.5671382546424866,0.4073864780366421
/content/dataset/train/vintage/u_WI3JpJuQOPA.jpg,vintage,train,0.44627851247787476,0.44294294714927673,0.0,0.5,0.38266856223344803
/content/dataset/train/vintage/p_16154738.jpg,vintage,train,0.5227434635162354,0.4947468638420105,0.3353179693222046,0.4890412390232086,0.2418837510049343
/content/dataset/train/vintage/p_16619332.jpg,vintage,train,0.4961094260215759,0.4263523817062378,0.1894085556268692,0.5415763854980469,0.24865606799721718
/content/dataset/train/vintage/u_OZEYoAkoiJY.jpg,vintage,train,0.5860435366630554,0.35912007093429565,0.23088856041431427,0.5375522375106812,0.10113243479281664
/content/dataset/train/vintage/u_sqp9sMNTe10.jpg,vintage,train,0.33569326996803284,0.3207288086414337,0.47115010023117065,0.5912551283836365,0.2932531200349331
/content/dataset/train/vintage/p_6766505.jpg,vintage,train,0.7059270739555359,0.2536199688911438,0.12449143081903458,0.49046891927719116,0.1355094602331519
/content/dataset/train/vintage/p_36229140.jpg,vintage,train,0.4544402062892914,0.43448492884635925,0.24941127002239227,0.5569314956665039,0.4499141685664654
/content/dataset/train/vintage/p_3456436.jpg,vintage,train,0.3190120458602905,0.6021628379821777,0.5549410581588745,0.5744999051094055,0.2655858173966408
/content/dataset/train/vintage/p_17951027.jpg,vintage,train,0.43817028403282166,0.5126898288726807,0.0,0.5,0.31976500526070595
/content/dataset/train/vintage/u_Br8MwV1pf2g.jpg,vintage,train,0.6161832809448242,0.6055129170417786,0.0,0.5,0.25613492354750633
/content/dataset/train/vintage/p_33049060.jpg,vintage,train,0.4407484531402588,0.5752572417259216,0.1770007610321045,0.4856241047382355,0.303513016551733
/content/dataset/train/vintage/u__7ZpFyp1sVw.jpg,vintage,train,0.6426703333854675,0.7152504920959473,0.0976046621799469,0.4976281523704529,0.21197371184825897
/content/dataset/train/vintage/u_7i6bRyU1f9U.jpg,vintage,train,0.2901225686073303,0.3994003236293793,0.08769728243350983,0.5092762112617493,0.2435843925923109
/content/dataset/train/vintage/ptTVrzQPNZU.jpg,vintage,train,0.5463535785675049,0.5426880717277527,0.5004976391792297,0.6093900799751282,0.3753426857292652
/content/dataset/train/vintage/p_8922221.jpg,vintage,train,0.2802654802799225,0.09058632701635361,0.22314639389514923,0.4987225830554962,0.040761514101177454
/content/dataset/train/vintage/p_11986518.jpg,vintage,train,0.24030309915542603,0.39746996760368347,0.6697244644165039,0.5780524611473083,0.14958478976041079
/content/dataset/train/vintage/u_YUeEhHSTBF4.jpg,vintage,train,0.5597855448722839,0.4296475052833557,0.0,0.5,0.4797142371535301
/content/dataset/train/vintage/p_6967343.jpg,vintage,train,0.40816113352775574,0.6071214079856873,0.5708157420158386,0.5037070512771606,0.303995618596673
/content/dataset/train/vintage/j0aNOeFJ3Nc.jpg,vintage,train,0.7249593138694763,0.42132431268692017,0.0,0.5,0.271016638725996
/content/dataset/train/vintage/u_XbxQbS1NMKE.jpg,vintage,train,0.1466311365365982,0.28853529691696167,0.43517154455184937,0.5315315127372742,0.10544120334088802
/content/dataset/train/vintage/p_28398204.jpg,vintage,train,0.28369322419166565,0.4005492329597473,0.3501926064491272,0.4541179835796356,0.18945320509374142
/content/dataset/train/vintage/poi9TAhynVU.jpg,vintage,train,0.7202620506286621,0.2560427784919739,0.0,0.5,0.19292050041258335
/content/dataset/train/vintage/u_Hx2LzoAPMmU.jpg,vintage,train,0.7427700757980347,0.418618768453598,0.03652995452284813,0.5050398111343384,0.22690475918352604
/content/dataset/train/vintage/u_hdRAzzNqJu8.jpg,vintage,train,0.5471577048301697,0.5246775150299072,0.15015412867069244,0.4872855544090271,0.4706990532577038
/content/dataset/train/vintage/p_17077863.jpg,vintage,train,0.624904215335846,0.6260374188423157,0.2053169310092926,0.48958298563957214,0.3617100603878498
/content/dataset/train/vintage/nZozFi9Kapw.jpg,vintage,train,0.5237675309181213,0.40532565116882324,0.0,0.5,0.41075628250837326
/content/dataset/train/vintage/p_9578768.jpg,vintage,train,0.5639837384223938,0.2723501920700073,0.09318876266479492,0.526435136795044,0.16030243132263422
/content/dataset/train/vintage/p_2499321.jpg,vintage,train,0.5128898024559021,0.4410076141357422,0.5446509718894958,0.6426205039024353,0.27913921512663364
/content/dataset/train/vintage/u_ldKyLGLI4Ok.jpg,vintage,train,0.6886098980903625,0.5477666258811951,0.0,0.5,0.24976056069135666
/content/dataset/train/vintage/p_5952234.jpg,vintage,train,0.5369544625282288,0.2774893045425415,0.29196158051490784,0.5935906171798706,0.1682421751320362
/content/dataset/train/vintage/u_WHC_7ee6p6g.jpg,vintage,train,0.571112871170044,0.5839868187904358,0.0,0.5,0.30477141961455345
/content/dataset/train/vintage/p_28449546.jpg,vintage,train,0.30175650119781494,0.22987844049930573,0.6173503398895264,0.6150631904602051,0.14720583334565163
/content/dataset/train/vintage/p_9500580.jpg,vintage,train,0.24542605876922607,0.4664171040058136,0.26194480061531067,0.5017801523208618,0.33662911504507065
/content/dataset/train/vintage/u_5jP5eWOvSXM.jpg,vintage,train,0.4920477569103241,0.44105035066604614,0.006492778193205595,0.4993007779121399,0.3471720963716507
/content/dataset/train/vintage/p_4356461.jpg,vintage,train,0.3141716420650482,0.374227911233902,0.34546875953674316,0.5561795234680176,0.31350497156381607
/content/dataset/train/vintage/p_18325138.jpg,vintage,train,0.11446783691644669,0.27176281809806824,0.9572052359580994,0.6218212842941284,0.0930006941780448
/content/dataset/train/vintage/p_13366988.jpg,vintage,train,0.5776811838150024,0.40799084305763245,0.1472354680299759,0.5253517627716064,0.16951847821474075
/content/dataset/train/vintage/p_10248486.jpg,vintage,train,0.5551660656929016,0.3328322172164917,0.6354523301124573,0.5050573945045471,0.2484535053372383
/content/dataset/train/vintage/p_17785289.jpg,vintage,train,0.6891649961471558,0.45866790413856506,0.21551848948001862,0.47356390953063965,0.17130796797573566
/content/dataset/train/vintage/p_36831783.jpg,vintage,train,0.6359960436820984,0.4552178680896759,0.03222882002592087,0.5024779438972473,0.19041236955672503
/content/dataset/train/vintage/p_12761139.jpg,vintage,train,0.668626070022583,0.5018182992935181,0.1856842041015625,0.5254210233688354,0.04149773274548352
/content/dataset/train/vintage/u_QAdT9vXfO8w.jpg,vintage,train,0.5540928244590759,0.48165297508239746,0.0,0.5,0.23199801333248615
/content/dataset/train/vintage/u_JTj_ein28zo.jpg,vintage,train,0.14484143257141113,0.14906767010688782,0.003396076150238514,0.5000534653663635,0.14121904503554106
/content/dataset/train/vintage/u_UULKz7JTRWY.jpg,vintage,train,0.7360864877700806,0.5495089888572693,0.1703813076019287,0.4792781472206116,0.07747900206595659
/content/dataset/train/vintage/rxzRrD1TU2M.jpg,vintage,train,0.41226351261138916,0.5116940140724182,0.0,0.5,0.20779713056981564
/content/dataset/train/vintage/p_15994862.jpg,vintage,train,0.45116326212882996,0.5308453440666199,0.1238996759057045,0.5077727437019348,0.5156750790774822
/content/dataset/train/vintage/u_LyU1BVDAGNs.jpg,vintage,train,0.5478948950767517,0.39308688044548035,0.0,0.5,0.5583485774695873
/content/dataset/train/vintage/xlFfaVmbhLU.jpg,vintage,train,0.4037941098213196,0.40008726716041565,0.0,0.5,0.2905644290149212
/content/dataset/train/vintage/p_34785041.jpg,vintage,train,0.6051285862922668,0.8909286260604858,0.3310360312461853,0.5227925777435303,0.030979037401266396
/content/dataset/train/vintage/u_TMuOWTkN3OY.jpg,vintage,train,0.3064343333244324,0.3568357527256012,0.0,0.5,0.4231458529829979
/content/dataset/train/vintage/u_HcsMhAFYDng.jpg,vintage,train,0.538866400718689,0.3413850665092468,0.1265193074941635,0.5298787951469421,0.17206802032887936
/content/dataset/train/vintage/p_11939812.jpg,vintage,train,0.27977579832077026,0.3411860167980194,0.4192025065422058,0.552352786064148,0.19087177701294422
/content/dataset/train/vintage/p_1416847.jpg,vintage,train,0.47811952233314514,0.4511276185512543,0.3096596300601959,0.5270944833755493,0.5546435713768005
/content/dataset/train/vintage/u_3iCdJdTHu4o.jpg,vintage,train,0.4969935119152069,0.7573374509811401,0.0,0.5,0.1721362303942442
/content/dataset/train/vintage/p_27054254.jpg,vintage,train,0.5238808393478394,0.4735981225967407,0.26500850915908813,0.4906911551952362,0.23330921307206154
/content/dataset/train/vintage/p_17739064.jpg,vintage,train,0.5850524306297302,0.5811994075775146,0.22810505330562592,0.5465632677078247,0.16662941314280033
/content/dataset/train/vintage/n3rL3-qij4c.jpg,vintage,train,0.5908840894699097,0.42733120918273926,0.0,0.5,0.1782530965283513
/content/dataset/train/vintage/1fSjT49E0YQ.jpg,vintage,train,0.563712477684021,0.2692730724811554,0.1943727731704712,0.5346283316612244,0.2497528214007616
/content/dataset/train/vintage/u_ouxZaq57ONQ.jpg,vintage,train,0.5071040391921997,0.423334538936615,0.5162975788116455,0.5683632493019104,0.24521387182176113
/content/dataset/train/vintage/p_36732.jpg,vintage,train,0.2491423785686493,0.4817758798599243,0.36976468563079834,0.5515510439872742,0.44734345749020576
/content/dataset/train/vintage/p_34405831.jpg,vintage,train,0.5639302134513855,0.4642353355884552,0.283850759267807,0.560167133808136,0.4957227408885956
/content/dataset/train/vintage/u_Y29n3BPUlf0.jpg,vintage,train,0.06747731566429138,0.2792631685733795,0.0,0.5,0.19529062323272228
/content/dataset/train/vintage/p_7394445.jpg,vintage,train,0.3130896985530853,0.5433182716369629,0.3684616982936859,0.5874737501144409,0.23250972852110863
/content/dataset/train/vintage/u_dgikK2hsmEI.jpg,vintage,train,0.5793285965919495,0.40967535972595215,0.4615601897239685,0.6651978492736816,0.2168908342719078
/content/dataset/train/vintage/p_1596882.jpg,vintage,train,0.5858333110809326,0.2787432074546814,0.1711999475955963,0.5492488145828247,0.2721655275672674
/content/dataset/train/vintage/p_8722978.jpg,vintage,train,0.29939335584640503,0.32839536666870117,0.1746923327445984,0.4942913055419922,0.4619493708014488
/content/dataset/train/vintage/p_18599090.jpg,vintage,train,0.6760887503623962,0.5122351050376892,0.0,0.5,0.11252409312874079
/content/dataset/train/vintage/u_qPB6QNs1PzI.jpg,vintage,train,0.19682496786117554,0.5258278250694275,0.3469701409339905,0.49367910623550415,0.2126632910221815
/content/dataset/train/vintage/u_HbJyDURFHi8.jpg,vintage,train,0.34260493516921997,0.3685116171836853,0.023691320791840553,0.5003510117530823,0.24238656274974346
/content/dataset/train/vintage/WI3JpJuQOPA.jpg,vintage,train,0.44628041982650757,0.4429439902305603,0.0,0.5,0.38265641778707504
/content/dataset/train/vintage/u_MMTKm5hsa9Y.jpg,vintage,train,0.5635015368461609,0.7178528904914856,0.0,0.5,0.18982693552970886
/content/dataset/train/vintage/bMpvDf63Nr0.jpg,vintage,train,0.6117402911186218,0.44722461700439453,0.2953537404537201,0.5689022541046143,0.1989961974322796
/content/dataset/train/vintage/u_aoQ1XyKcgw0.jpg,vintage,train,0.6972140073776245,0.44925567507743835,0.17562399804592133,0.5456537008285522,0.21944774314761162
/content/dataset/train/vintage/u_4RvONC8MDSw.jpg,vintage,train,0.41381746530532837,0.4856870472431183,0.0,0.5,0.3088286519050598
/content/dataset/train/vintage/u__HAZod2kpcM.jpg,vintage,train,0.7301876544952393,0.521490216255188,0.0,0.5,0.07547990651801229
/content/dataset/train/vintage/p_33245210.jpg,vintage,train,0.55709308385849,0.502809464931488,0.1777593046426773,0.4812149405479431,0.2847559191286564
/content/dataset/train/vintage/u_ECTtqWQsvds.jpg,vintage,train,0.657548725605011,0.4423399865627289,0.0,0.5,0.30537708662450314
/content/dataset/train/vintage/u_0sWvpe_QkIc.jpg,vintage,train,0.7246819138526917,0.3230678141117096,0.0,0.5,0.2180144004523754
/content/dataset/train/vintage/p_15994865.jpg,vintage,train,0.5648452043533325,0.5506111979484558,0.1034192144870758,0.4996221959590912,0.4181862995028496
/content/dataset/train/vintage/u_m3J7oMndoi8.jpg,vintage,train,0.39896512031555176,0.36913302540779114,0.014270718209445477,0.5001443028450012,0.2277901954948902
/content/dataset/train/vintage/p_18599094.jpg,vintage,train,0.2920253276824951,0.4821980595588684,0.0,0.5,0.2078783791512251
/content/dataset/train/vintage/p_17283398.jpg,vintage,train,0.5188425779342651,0.6182146072387695,0.2912740111351013,0.5858073830604553,0.1169363409280777
/content/dataset/train/vintage/p_9924649.jpg,vintage,train,0.844062328338623,0.3748420476913452,0.0,0.5,0.19201373681426048
/content/dataset/train/vintage/u_XyUYI-5Dxtw.jpg,vintage,train,0.3116195797920227,0.5020747184753418,0.0,0.5,0.5310521833598614
/content/dataset/train/vintage/p_14756622.jpg,vintage,train,0.4657188355922699,0.623033881187439,0.3033270835876465,0.5607697367668152,0.4171242192387581
/content/dataset/train/vintage/u_U11G7zXMjew.jpg,vintage,train,0.40755578875541687,0.4119053781032562,0.0,0.5,0.4661102406680584
/content/dataset/train/vintage/p_4088566.jpg,vintage,train,0.5449815988540649,0.7287077307701111,0.13565072417259216,0.5031882524490356,0.6671184860169888
/content/dataset/train/vintage/p_18761213.jpg,vintage,train,0.40899863839149475,0.5979208946228027,0.2717355191707611,0.530450701713562,0.24564409628510475
/content/dataset/train/vintage/p_7420362.jpg,vintage,train,0.16579017043113708,0.40612754225730896,0.0,0.5,0.1881995052099228
/content/dataset/train/vintage/YIC_lb62Iq0.jpg,vintage,train,0.5676580667495728,0.5251060724258423,0.0,0.5,0.4114491492509842
/content/dataset/train/vintage/p_31964002.jpg,vintage,train,0.4304920434951782,0.5364874005317688,0.34211504459381104,0.4650548994541168,0.31505477614700794
/content/dataset/train/vintage/u_wgMxO5t7deQ.jpg,vintage,train,0.08465418219566345,0.30682989954948425,0.0,0.5,0.12952394783496857
/content/dataset/train/vintage/u_pFi3kFAX8Lc.jpg,vintage,train,0.537943959236145,0.5926316380500793,0.0,0.5,0.0959819508716464
/content/dataset/train/vintage/u_DfVslGsGakk.jpg,vintage,train,0.23767533898353577,0.3314156234264374,0.248688206076622,0.5037354230880737,0.15596081037074327
/content/dataset/train/vintage/K7W2mfgn570.jpg,vintage,train,0.13331323862075806,0.276164174079895,0.7481938600540161,0.5318308472633362,0.10829729959368706
/content/dataset/train/vintage/u_sEY1ffAmBlo.jpg,vintage,train,0.7693374156951904,0.43906718492507935,0.35752496123313904,0.6451936364173889,0.20721785258501768
/content/dataset/train/vintage/u_9O0TVOHJxfk.jpg,vintage,train,0.7924647331237793,0.5392710566520691,0.046451304107904434,0.5023602247238159,0.23431316949427128
/content/dataset/train/vintage/u_oZhQdAszvHM.jpg,vintage,train,0.4919995665550232,0.5163986086845398,0.0,0.5,0.45731864869594574
/content/dataset/train/vintage/p_7598081.jpg,vintage,train,0.42014798521995544,0.18885958194732666,0.6533324718475342,0.6803386211395264,0.17881141044199467
/content/dataset/train/vintage/p_6112.jpg,vintage,train,0.36251017451286316,0.383961021900177,0.21279951930046082,0.5384408235549927,0.46086376532912254
/content/dataset/train/vintage/u_OcnQUe9thjU.jpg,vintage,train,0.42004674673080444,0.5914859771728516,0.22431644797325134,0.5057406425476074,0.21468904800713062
/content/dataset/train/vintage/p_14911741.jpg,vintage,train,0.6957257390022278,0.288127064704895,0.09937336295843124,0.5033596158027649,0.15609154477715492
/content/dataset/train/vintage/GEHppYmGlow.jpg,vintage,train,0.7131636738777161,0.28626444935798645,0.2501790523529053,0.5654311180114746,0.20487786270678043
/content/dataset/train/vintage/u_3UH01WTiBRE.jpg,vintage,train,0.1961096227169037,0.24302387237548828,0.0,0.5,0.0693983887322247
/content/dataset/train/vintage/p_5213495.jpg,vintage,train,0.6499118208885193,0.4695930480957031,0.18926338851451874,0.501038134098053,0.2819731365889311
/content/dataset/train/vintage/p_7704908.jpg,vintage,train,0.5709185004234314,0.6267884373664856,0.25358903408050537,0.4541933536529541,0.18755532801151276
/content/dataset/train/vintage/u_wa86rRAl-ko.jpg,vintage,train,0.5282734036445618,0.42212003469467163,0.0,0.5,0.5349331349134445
/content/dataset/train/vintage/Qq8fWrvWIdM.jpg,vintage,train,0.8273335099220276,0.351937860250473,0.047847095876932144,0.5103733539581299,0.23501984775066376
/content/dataset/train/vintage/u_CpBN6ggwnCw.jpg,vintage,train,0.5496146082878113,0.5169855952262878,0.3855085074901581,0.4366885721683502,0.3079208265990019
/content/dataset/train/vintage/u_9tNMUJkOOsw.jpg,vintage,train,0.6214227676391602,0.6272640824317932,0.1429094523191452,0.48594313859939575,0.18322394229471684
/content/dataset/train/vintage/u_2Foo9g5eFpE.jpg,vintage,train,0.39765000343322754,0.5542392730712891,0.25523537397384644,0.47714442014694214,0.6469546630978584
/content/dataset/train/vintage/p_4075128.jpg,vintage,train,0.5313675403594971,0.4653879702091217,0.0,0.5,0.2138818148523569
/content/dataset/train/vintage/u_AjTkJYQlhZY.jpg,vintage,train,0.3477816581726074,0.4362127184867859,0.5033629536628723,0.41748785972595215,0.2330896258354187
/content/dataset/train/vintage/u_gz6gkSkSaxs.jpg,vintage,train,0.22217780351638794,0.44706305861473083,0.3049556016921997,0.5039479732513428,0.42989999055862427
/content/dataset/train/vintage/p_16599972.jpg,vintage,train,0.6516027450561523,0.588375449180603,0.13618002831935883,0.5192316174507141,0.255381241440773
/content/dataset/train/vintage/u_6T69HZjHUt0.jpg,vintage,train,0.19142752885818481,0.269949346780777,0.0,0.5,0.14424043707549572
/content/dataset/train/vintage/p_10849230.jpg,vintage,train,0.38380300998687744,0.6863726377487183,0.0,0.5,0.30508778989315033
/content/dataset/train/vintage/u_cVsTiHDWFx4.jpg,vintage,train,0.6020903587341309,0.34310752153396606,0.30391964316368103,0.6035752296447754,0.6439905986189842
/content/dataset/train/vintage/6cr_BnBH17k.jpg,vintage,train,0.7222516536712646,0.3808787167072296,0.0,0.5,0.2604865562170744
/content/dataset/train/vintage/5TisVBpKoXQ.jpg,vintage,train,0.3669229745864868,0.46972769498825073,0.0,0.5,0.2500510402023792
/content/dataset/train/vintage/u_MHn7ttOA1-0.jpg,vintage,train,0.626183271408081,0.4410504698753357,0.19132040441036224,0.5515679121017456,0.3954526223242283
/content/dataset/train/vintage/u_a890vXiSvqU.jpg,vintage,train,0.7254559397697449,0.6407912373542786,0.21050110459327698,0.5301892161369324,0.20183422602713108
/content/dataset/train/vintage/p_10802119.jpg,vintage,train,0.17097510397434235,0.2453595995903015,0.5324914455413818,0.5423585176467896,0.19234981387853622
/content/dataset/train/vintage/p_4099190.jpg,vintage,train,0.5454468131065369,0.4428112506866455,0.16220301389694214,0.5328909754753113,0.29739541932940483
/content/dataset/train/vintage/u_5F2FD5VXF_U.jpg,vintage,train,0.5230259895324707,0.4569939076900482,0.0,0.5,0.26342738419771194
/content/dataset/train/vintage/p_34005213.jpg,vintage,train,0.44310927391052246,0.362114280462265,0.6566221117973328,0.33814799785614014,0.20292875356972218
/content/dataset/train/vintage/u_xyN-roTEcv0.jpg,vintage,train,0.5361426472663879,0.529482364654541,0.25626394152641296,0.5428866147994995,0.29992454685270786
/content/dataset/train/vintage/u_2C2pu5XmdPQ.jpg,vintage,train,0.5649673938751221,0.43284153938293457,0.11532167345285416,0.5088287591934204,0.14449491631239653
/content/dataset/train/vintage/p_11622760.jpg,vintage,train,0.7259048819541931,0.5502984523773193,0.1837967038154602,0.5267986059188843,0.3076634742319584
/content/dataset/train/vintage/p_19151360.jpg,vintage,train,0.5708686709403992,0.5575364828109741,0.44028449058532715,0.6405481100082397,0.15851850155740976
/content/dataset/train/vintage/p_27054255.jpg,vintage,train,0.4059786796569824,0.4829922318458557,0.38626229763031006,0.5184634327888489,0.6033635698258877
/content/dataset/train/vintage/p_33173643.jpg,vintage,train,0.35372260212898254,0.5101958513259888,0.249985009431839,0.5022099614143372,0.24262773804366589
/content/dataset/train/vintage/u_aHG_B9avL-g.jpg,vintage,train,0.5898962020874023,0.477886438369751,0.2915230393409729,0.548180103302002,0.14187069609761238
/content/dataset/train/vintage/u_mFWqtrvle0g.jpg,vintage,train,0.46665868163108826,0.6208752989768982,0.0,0.5,0.15322749502956867
/content/dataset/train/vintage/u_loPuBQsluXk.jpg,vintage,train,0.3879797160625458,0.35317572951316833,0.49273553490638733,0.38192319869995117,0.1933866087347269
/content/dataset/train/vintage/u_BXha849ufI8.jpg,vintage,train,0.6510468125343323,0.664620578289032,0.17535145580768585,0.4685012698173523,0.2424519695341587
/content/dataset/train/vintage/6VzGpdgIbBo.jpg,vintage,train,0.3327019214630127,0.5169118642807007,0.43736040592193604,0.5905812978744507,0.24292860180139542
/content/dataset/train/vintage/AYMAemGr7eU.jpg,vintage,train,0.4327871799468994,0.4221594035625458,0.0,0.5,0.4400848411023617
/content/dataset/train/vintage/u_B2cbtKXhMjk.jpg,vintage,train,0.520853579044342,0.3789430856704712,0.0,0.5,0.29158661141991615
/content/dataset/train/vintage/gDedsaGlYTE.jpg,vintage,train,0.748217761516571,0.39697444438934326,0.25628477334976196,0.5839555263519287,0.1539705926552415
/content/dataset/train/vintage/u_kKd3yz2ZScA.jpg,vintage,train,0.6408370733261108,0.3343101143836975,0.0,0.5,0.2411365881562233
/content/dataset/train/vintage/u_NLhyleHVB-U.jpg,vintage,train,0.5430527925491333,0.33890217542648315,0.6785865426063538,0.567001461982727,0.28779023326933384
/content/dataset/train/vintage/p_9260838.jpg,vintage,train,0.6300488710403442,0.4732572138309479,0.2558273673057556,0.5728529095649719,0.29300264082849026
/content/dataset/train/vintage/u_itbxlwl6mr4.jpg,vintage,train,0.7993614673614502,0.3084079623222351,0.029251307249069214,0.4888657033443451,0.14497751835733652
/content/dataset/train/vintage/p_15264729.jpg,vintage,train,0.5069594383239746,0.43574944138526917,0.19939030706882477,0.5439945459365845,0.31798601150512695
/content/dataset/train/vintage/p_18599095.jpg,vintage,train,0.932678759098053,0.2718600928783417,0.0,0.5,0.0689603271894157
/content/dataset/train/vintage/u_4j9ojjmsY38.jpg,vintage,train,0.639385998249054,0.5491108298301697,0.12939591705799103,0.4840755760669708,0.14328626450151205
/content/dataset/train/vintage/p_8920166.jpg,vintage,train,0.39345648884773254,0.14167490601539612,0.26127177476882935,0.5144250988960266,0.05116325803101063
/content/dataset/train/vintage/p_19501766.jpg,vintage,train,0.5132706165313721,0.4871097505092621,0.30011650919914246,0.5290788412094116,0.16505091916769743
/content/dataset/train/vintage/RT1lAa_FKxM.jpg,vintage,train,0.5621607899665833,0.5660614967346191,0.35282835364341736,0.6415555477142334,0.12574453372508287
/content/dataset/train/vintage/u_BOzojILTPVQ.jpg,vintage,train,0.6857768297195435,0.22994279861450195,0.2712831497192383,0.5097418427467346,0.2835109271109104
/content/dataset/train/vintage/u_0d7is4rDYIA.jpg,vintage,train,0.23926575481891632,0.4825810492038727,0.11281564086675644,0.5243087410926819,0.22765638306736946
/content/dataset/train/vintage/u_YxzbPCKQ2B8.jpg,vintage,train,0.5351290106773376,0.6642273664474487,0.7309531569480896,0.729287326335907,0.638263151049614
/content/dataset/train/vintage/u_rmqMrGmM_oo.jpg,vintage,train,0.30923134088516235,0.32965290546417236,0.680513858795166,0.386495977640152,0.19334210082888603
/content/dataset/train/vintage/u_coKCev2hoTM.jpg,vintage,train,0.16839122772216797,0.3449417054653168,0.5996769666671753,0.50825434923172,0.3347040433436632
/content/dataset/train/vintage/u_pVIJerOtkRE.jpg,vintage,train,0.5990381240844727,0.5933822989463806,0.0,0.5,0.2293303795158863
/content/dataset/train/vintage/u_Pbx2jDMLTyQ.jpg,vintage,train,0.7499796152114868,0.5068851709365845,0.07030448317527771,0.49815627932548523,0.1529524428769946
/content/dataset/train/vintage/p_3953354.jpg,vintage,train,0.5074610114097595,0.4701720178127289,0.25745952129364014,0.5510435104370117,0.2570405602455139
/content/dataset/train/vintage/VXR06QyGP4M.jpg,vintage,train,0.48483583331108093,0.534023642539978,0.0,0.5,0.25904281064867973
/content/dataset/train/vintage/u_z5D3k1XQvHU.jpg,vintage,train,0.4537305235862732,0.5684539079666138,0.0,0.5,0.47614963725209236
/content/dataset/train/vintage/u_Y4rY3_BM5Io.jpg,vintage,train,0.08913733065128326,0.2328663021326065,0.2861936092376709,0.4886816740036011,0.21603903733193874
/content/dataset/train/vintage/p_10345229.jpg,vintage,train,0.33416709303855896,0.4555913209915161,0.5325385928153992,0.4513973891735077,0.45758189633488655
/content/dataset/train/vintage/u_rxzRrD1TU2M.jpg,vintage,train,0.4122636020183563,0.5116910338401794,0.0,0.5,0.20779949612915516
/content/dataset/train/vintage/p_27624376.jpg,vintage,train,0.4036332070827484,0.6758469939231873,0.0,0.5,0.35740114748477936
/content/dataset/train/vintage/p_9367115.jpg,vintage,train,0.19969914853572845,0.33202704787254333,0.32487496733665466,0.5229218006134033,0.3557879664003849
/content/dataset/train/vintage/u_MY8YU-mMyQM.jpg,vintage,train,0.31888481974601746,0.4464942514896393,0.0,0.5,0.6285120360553265
/content/dataset/train/vintage/p_30665730.jpg,vintage,train,0.49823659658432007,0.36147016286849976,0.34869638085365295,0.4068834185600281,0.2779638860374689
/content/dataset/train/vintage/u_tfOWraz1IDs.jpg,vintage,train,0.4010505974292755,0.5092909932136536,0.0,0.5,0.720515251159668
/content/dataset/train/vintage/u_TLpQ88wV3ro.jpg,vintage,train,0.2335357815027237,0.3248338997364044,0.06712450087070465,0.5006715059280396,0.17457679845392704
/content/dataset/train/vintage/FjEzTTc-m7k.jpg,vintage,train,0.7408347129821777,0.46369388699531555,0.0,0.5,0.2609775774180889
/content/dataset/train/vintage/u_pfJRfIR74kE.jpg,vintage,train,0.38524317741394043,0.47755205631256104,0.41388922929763794,0.5649877786636353,0.26239470578730106
/content/dataset/train/vintage/u_cSLMqLL9FbA.jpg,vintage,train,0.4362136423587799,0.41492047905921936,0.44607675075531006,0.42101192474365234,0.27163606137037277
/content/dataset/train/vintage/p_5708405.jpg,vintage,train,0.1418461948633194,0.2667888104915619,0.15067559480667114,0.5136744976043701,0.18323272932320833
/content/dataset/train/vintage/p_17679928.jpg,vintage,train,0.4525357782840729,0.4528183043003082,0.29429489374160767,0.5755378007888794,0.2942578960210085
/content/dataset/train/vintage/u_VCAde73P0V4.jpg,vintage,train,0.6079983115196228,0.3724904954433441,0.31600600481033325,0.5262143015861511,0.3650129958987236
/content/dataset/train/vintage/u_Oqq35W5DvIs.jpg,vintage,train,0.3262549340724945,0.5920395851135254,0.0,0.5,0.1996650267392397
/content/dataset/train/vintage/p_10248497.jpg,vintage,train,0.48369675874710083,0.32187363505363464,0.3788868188858032,0.47664740681648254,0.22849061526358128
/content/dataset/train/vintage/u_LCSIMQoW3MY.jpg,vintage,train,0.4009263217449188,0.32133227586746216,0.2560638189315796,0.5433565378189087,0.8053221553564072
/content/dataset/train/vintage/p_31415467.jpg,vintage,train,0.2486625462770462,0.3765137791633606,1.7958123862626962e-05,0.5000020265579224,0.32905575819313526
/content/dataset/train/vintage/p_2983401.jpg,vintage,train,0.3514966368675232,0.46307411789894104,0.5194147229194641,0.5926642417907715,0.2907496504485607
/content/dataset/train/vintage/p_19792310.jpg,vintage,train,0.4824928641319275,0.6570355296134949,0.5866325497627258,0.6430290937423706,0.06941651925444603
/content/dataset/train/vintage/p_16400147.jpg,vintage,train,0.4759218692779541,0.5469151735305786,0.2839629650115967,0.5640003085136414,0.3842049464583397
/content/dataset/train/vintage/u_YN6KZagiL4E.jpg,vintage,train,0.5383415222167969,0.575147807598114,0.0,0.5,0.25515162386000156
/content/dataset/train/vintage/a4RckAhL9Pw.jpg,vintage,train,0.4493071436882019,0.46983861923217773,0.0,0.5,0.4881843738257885
/content/dataset/train/vintage/p_36892305.jpg,vintage,train,0.6759001016616821,0.538891613483429,0.18763607740402222,0.5120514035224915,0.22087384946644306
/content/dataset/train/vintage/p_9560091.jpg,vintage,train,0.38843268156051636,0.7002434730529785,0.286125510931015,0.4991809129714966,0.1813548058271408
/content/dataset/train/vintage/KAmu3bxFryE.jpg,vintage,train,0.3664042055606842,0.38478079438209534,0.0,0.5,0.25533847510814667
/content/dataset/train/vintage/p_13782609.jpg,vintage,train,0.784999668598175,0.48427605628967285,0.07140856236219406,0.48461368680000305,0.14841290190815926
/content/dataset/train/vintage/PGXBg4tX0HM.jpg,vintage,train,0.3935030698776245,0.5539106130599976,0.0,0.5,0.6071707233786583
/content/dataset/train/vintage/p_31730164.jpg,vintage,train,0.5426499843597412,0.4438944458961487,0.21209028363227844,0.5005051493644714,0.21088367328047752
/content/dataset/train/vintage/p_2923633.jpg,vintage,train,0.26539677381515503,0.5064968466758728,0.22626425325870514,0.5405870676040649,0.21201851777732372
/content/dataset/train/vintage/u_Me4tvE_Mc0o.jpg,vintage,train,0.468124657869339,0.7354580163955688,0.0,0.5,0.19228576682507992
/content/dataset/train/vintage/u_nTa21CcqH54.jpg,vintage,train,0.6896415948867798,0.24325275421142578,0.3675529956817627,0.5455288290977478,0.34533390775322914
/content/dataset/train/vintage/p_15851477.jpg,vintage,train,0.38273048400878906,0.4717951714992523,0.2583124339580536,0.4885220527648926,0.27145574800670147
/content/dataset/train/vintage/p_9066553.jpg,vintage,train,0.30117371678352356,0.2892876863479614,0.32855653762817383,0.5517498850822449,0.28102665208280087
/content/dataset/train/vintage/p_18067473.jpg,vintage,train,0.5837204456329346,0.5478400588035583,0.32315656542778015,0.4961867034435272,0.173391941934824
/content/dataset/train/vintage/p_3228724.jpg,vintage,train,0.6905215382575989,0.4421520233154297,0.22312600910663605,0.5338777303695679,0.17523265909403563
/content/dataset/train/vintage/u_azpq0AR6vqk.jpg,vintage,train,0.573980987071991,0.5707392692565918,0.27954599261283875,0.5491985082626343,0.4187881574034691
/content/dataset/train/vintage/p_3820134.jpg,vintage,train,0.21903304755687714,0.5643702745437622,0.3018191158771515,0.5128480792045593,0.26544428430497646
/content/dataset/train/vintage/p_17233347.jpg,vintage,train,0.18151405453681946,0.20385977625846863,0.2212805449962616,0.4922184944152832,0.19690719433128834
/content/dataset/train/vintage/u_fcHpsSzufp8.jpg,vintage,train,0.29204174876213074,0.35227110981941223,0.0,0.5,0.2815640438348055
/content/dataset/train/vintage/3aj3BHwlYoE.jpg,vintage,train,0.3881146311759949,0.5453886985778809,0.0,0.5,0.33946944400668144
/content/dataset/train/vintage/p_10185580.jpg,vintage,train,0.5946652293205261,0.2129041850566864,0.39487847685813904,0.5329538583755493,0.1572088385000825
/content/dataset/train/vintage/u_gF7cZyGE_4g.jpg,vintage,train,0.6093007326126099,0.42991986870765686,0.43098071217536926,0.5312487483024597,0.2976601663976908
/content/dataset/train/vintage/u_z0FUVnylgrU.jpg,vintage,train,0.763489842414856,0.5597010254859924,0.0,0.5,0.3327092155814171
/content/dataset/train/vintage/sIJdMC0pAO0.jpg,vintage,train,0.5620049238204956,0.402438223361969,0.0,0.5,0.45198408886790276
/content/dataset/train/vintage/2SUOHF8pnpM.jpg,vintage,train,0.5459485650062561,0.4136956036090851,0.0,0.5,0.4419882595539093
/content/dataset/train/vintage/p_6988922.jpg,vintage,train,0.1160731315612793,0.18560709059238434,0.4065300226211548,0.4961046874523163,0.1476249797269702
/content/dataset/train/vintage/p_18599089.jpg,vintage,train,0.20958486199378967,0.3910333514213562,0.0,0.5,0.2872424107044935
/content/dataset/train/vintage/u_HfNnTwI5td4.jpg,vintage,train,0.24442696571350098,0.4641090929508209,0.7047404050827026,0.5187475085258484,0.4215569607913494
/content/dataset/train/vintage/p_15994866.jpg,vintage,train,0.493899941444397,0.5734599232673645,0.15216034650802612,0.5054321885108948,0.4074510373175144
/content/dataset/train/vintage/p_30665715.jpg,vintage,train,0.5772398114204407,0.41307586431503296,0.2481820285320282,0.43727779388427734,0.2272739540785551
/content/dataset/train/vintage/u_iauNBPA5uRY.jpg,vintage,train,0.3303549587726593,0.40093985199928284,0.2472459375858307,0.5334548354148865,0.28677552938461304
/content/dataset/train/vintage/p_1416848.jpg,vintage,train,0.554894208908081,0.44126132130622864,0.26591432094573975,0.5143010020256042,0.4753614403307438
/content/dataset/train/vintage/p_6190326.jpg,vintage,train,0.6208969950675964,0.5884947180747986,0.1979777067899704,0.5275970101356506,0.3265610709786415
/content/dataset/train/vintage/u_1nizzZ-SFw4.jpg,vintage,train,0.06634709239006042,0.2893151044845581,0.02704046294093132,0.5031651854515076,0.051345627289265394
/content/dataset/train/vintage/u_Lheo7JQ99PY.jpg,vintage,train,0.42243435978889465,0.11363432556390762,0.7945920825004578,0.5445029735565186,0.13531464152038097
/content/dataset/train/vintage/u_MJO4z7z-uQY.jpg,vintage,train,0.7901827096939087,0.34055182337760925,0.2608467638492584,0.5873263478279114,0.11457878164947033
/content/dataset/train/vintage/p_7474986.jpg,vintage,train,0.5690730214118958,0.6230638027191162,0.17267334461212158,0.5015239715576172,0.24082649499177933
/content/dataset/train/vintage/p_5164420.jpg,vintage,train,0.7095516920089722,0.5829994082450867,0.07090992480516434,0.5068008303642273,0.3602999076247215
/content/dataset/train/vintage/u_a84UiLhCTv4.jpg,vintage,train,0.4271654784679413,0.6470458507537842,0.2086326628923416,0.49545708298683167,0.4050697945058346
/content/dataset/train/vintage/u_Y5irmOWyL-w.jpg,vintage,train,0.2254859209060669,0.42808809876441956,0.21535122394561768,0.4719938337802887,0.1774488016963005
/content/dataset/train/vintage/u_HAz74gHGcE0.jpg,vintage,train,0.3878328800201416,0.6462148427963257,6.084330379962921e-05,0.4999992847442627,0.23373281583189964
/content/dataset/train/vintage/u_H2Z5o9fQhdk.jpg,vintage,train,0.2207261323928833,0.5037534236907959,0.47092708945274353,0.5310099720954895,0.27960561215877533
/content/dataset/train/vintage/p_12535703.jpg,vintage,train,0.6268401145935059,0.5223534107208252,0.23311679065227509,0.44863390922546387,0.1682514976710081
/content/dataset/train/vintage/u_-e4CXgtxN6Y.jpg,vintage,train,0.482305109500885,0.5428661704063416,0.4012664556503296,0.46353423595428467,0.30638886615633965
/content/dataset/train/vintage/u_RJeYWlmksGI.jpg,vintage,train,0.19575977325439453,0.26548048853874207,0.7474141120910645,0.43707889318466187,0.23445161990821362
/content/dataset/train/vintage/u_hR-h8LNaCug.jpg,vintage,train,0.5379008650779724,0.4940938651561737,0.3695671558380127,0.5285611748695374,0.1820855773985386
/content/dataset/train/vintage/p_9316739.jpg,vintage,train,0.5150049328804016,0.37823811173439026,0.3177558481693268,0.5895520448684692,0.4073416255414486
/content/dataset/train/vintage/5MU1GEMsGGQ.jpg,vintage,train,0.49338963627815247,0.4807267487049103,0.0,0.5,0.22320447489619255
/content/dataset/train/vintage/p_2441996.jpg,vintage,train,0.6383422613143921,0.6073461174964905,0.15100347995758057,0.520305335521698,0.21629877388477325
/content/dataset/train/vintage/p_31415463.jpg,vintage,train,0.2502272427082062,0.3587132692337036,0.0009525612695142627,0.5000534653663635,0.4085605777800083
/content/dataset/train/vintage/p_12511010.jpg,vintage,train,0.6147457957267761,0.42876172065734863,0.27249428629875183,0.5617078542709351,0.19068940542638302
/content/dataset/train/vintage/p_5638336.jpg,vintage,train,0.3041224479675293,0.4252071976661682,0.6467570662498474,0.6185729503631592,0.29357227496802807
/content/dataset/train/vintage/u_7wBi04rAVcs.jpg,vintage,train,0.2995733618736267,0.39583534002304077,0.13094016909599304,0.5023373961448669,0.40480732917785645
/content/dataset/train/vintage/u_cv0aFYTA1MA.jpg,vintage,train,0.4782799780368805,0.6933062672615051,0.3046323359012604,0.5527384281158447,0.1363726146519184
/content/dataset/train/vintage/u_WkL3D_QF8hs.jpg,vintage,train,0.469382643699646,0.5501291155815125,0.24190008640289307,0.5486949682235718,0.23181835189461708
/content/dataset/train/vintage/p_9589962.jpg,vintage,train,0.2845984995365143,0.3394539952278137,0.7062883377075195,0.6816258430480957,0.1423822995275259
/content/dataset/train/vintage/p_17903735.jpg,vintage,train,0.42270785570144653,0.5127368569374084,0.3725363314151764,0.5181258320808411,0.21274936385452747
/content/dataset/train/vintage/u__uBi-MLr_58.jpg,vintage,train,0.4911300539970398,0.4340042471885681,0.3554256856441498,0.5710533261299133,0.23921002633869648
/content/dataset/train/vintage/u_ukKNM_h9Fms.jpg,vintage,train,0.5688509941101074,0.5527890920639038,0.0,0.5,0.4069824889302254
/content/dataset/train/vintage/p_2295399.jpg,vintage,train,0.4464607536792755,0.5652698278427124,0.3591943383216858,0.5160045027732849,0.3754551336169243
/content/dataset/train/vintage/p_11914578.jpg,vintage,train,0.34448301792144775,0.432399719953537,0.17786236107349396,0.5129432678222656,0.2107303962111473
/content/dataset/train/vintage/p_11254138.jpg,vintage,train,0.6849011182785034,0.4822232127189636,0.40993446111679077,0.6084728240966797,0.20036293659359217
/content/dataset/train/vintage/p_2815693.jpg,vintage,train,0.36318662762641907,0.5537335276603699,0.4145447611808777,0.5103473663330078,0.2656118292361498
/content/dataset/train/vintage/p_13757379.jpg,vintage,train,0.6521140336990356,0.5174970626831055,0.5173608660697937,0.6589720845222473,0.31724633648991585
/content/dataset/train/vintage/p_24973326.jpg,vintage,train,0.3712133765220642,0.5985398292541504,0.49156877398490906,0.543886661529541,0.3107944317162037
/content/dataset/train/vintage/sVuEyYjHmTg.jpg,vintage,train,0.6097917556762695,0.666071891784668,0.33203452825546265,0.598351776599884,0.2573825605213642
/content/dataset/train/vintage/p_9131296.jpg,vintage,train,0.4528909921646118,0.3250153958797455,0.31415119767189026,0.5452232956886292,0.33731983974575996
/content/dataset/train/vintage/u_bwG_5mJUtT4.jpg,vintage,train,0.6110454797744751,0.7440579533576965,0.13961821794509888,0.484830379486084,0.2528081648051739
/content/dataset/train/vintage/u_D0gQ1-rFZDg.jpg,vintage,train,0.5602593421936035,0.5586727261543274,0.0,0.5,0.29333178885281086
/content/dataset/train/vintage/u_rdeo8fsxVgM.jpg,vintage,train,0.7235074639320374,0.193719282746315,0.13036096096038818,0.45236340165138245,0.21053187549114227
/content/dataset/train/vintage/_tgRq9XJAGs.jpg,vintage,train,0.3381556272506714,0.42091280221939087,0.0,0.5,0.4625464230775833
/content/dataset/train/vintage/p_11622761.jpg,vintage,train,0.7701669931411743,0.5443061590194702,0.1767868548631668,0.5269341468811035,0.25445240549743176
/content/dataset/train/vintage/u_ZKc02NNEu2g.jpg,vintage,train,0.2311398833990097,0.46744734048843384,0.0,0.5,0.3436797484755516
/content/dataset/train/vintage/p_33626071.jpg,vintage,train,0.42340371012687683,0.633819580078125,0.2825266718864441,0.5075286030769348,0.49988944083452225
/content/dataset/train/vintage/p_8920170.jpg,vintage,train,0.44012942910194397,0.12190788239240646,0.19326674938201904,0.5112693309783936,0.051641815807670355
/content/dataset/train/vintage/u_Gj4abqLK-QE.jpg,vintage,train,0.6325693726539612,0.6283994913101196,0.0,0.5,0.1010114885866642
/content/dataset/train/vintage/p_30822798.jpg,vintage,train,0.503356397151947,0.6092869639396667,0.20268164575099945,0.5276148319244385,0.4969092272222042
/content/dataset/train/vintage/u_jVARgPNBy28.jpg,vintage,train,0.6321017146110535,0.5314880609512329,0.2994639575481415,0.5441471338272095,0.435307864099741
/content/dataset/train/vintage/p_9107394.jpg,vintage,train,0.38166481256484985,0.2652136981487274,0.3260568678379059,0.5667699575424194,0.2360465656965971
/content/dataset/train/vintage/p_17375568.jpg,vintage,train,0.6297078728675842,0.6115604639053345,0.3334377110004425,0.5771850347518921,0.1918015070259571
/content/dataset/train/vintage/u_O6sFbgZFxb4.jpg,vintage,train,0.8490746021270752,0.06187276169657707,0.026844779029488564,0.49365124106407166,0.02681122627109289
/content/dataset/train/vintage/p_10614514.jpg,vintage,train,0.41175514459609985,0.6206154227256775,0.0,0.5,0.2548960782587528
/content/dataset/train/vintage/p_13470780.jpg,vintage,train,0.3686884939670563,0.5181552767753601,0.3531770408153534,0.511040449142456,0.2506103552877903
/content/dataset/train/vintage/p_9157497.jpg,vintage,train,0.24342335760593414,0.44139716029167175,0.10651795566082001,0.5100250244140625,0.39919445291161537
/content/dataset/train/vintage/u_LyvJfGJXwIs.jpg,vintage,train,0.6270337700843811,0.49656912684440613,0.4240685999393463,0.6541033983230591,0.1806567795574665
/content/dataset/train/vintage/p_17084307.jpg,vintage,train,0.20721030235290527,0.48443037271499634,0.9383864998817444,0.6470349431037903,0.15783659648150206
/content/dataset/train/vintage/u_LPPZkctVz_I.jpg,vintage,train,0.4448806345462799,0.4015154242515564,0.439045250415802,0.6187576055526733,0.466008260846138
/content/dataset/train/vintage/u_a-ZzIv5vu68.jpg,vintage,train,0.6195825338363647,0.5085700154304504,0.0,0.5,0.4415980353951454
/content/dataset/train/vintage/p_4337155.jpg,vintage,train,0.37636107206344604,0.49041473865509033,0.23860536515712738,0.534796416759491,0.2921672724187374
/content/dataset/train/vintage/p_32300785.jpg,vintage,train,0.5146403312683105,0.6436118483543396,0.1765376627445221,0.49537721276283264,0.3276791889220476
/content/dataset/train/vintage/p_19281208.jpg,vintage,train,0.19905517995357513,0.521107017993927,0.7254307270050049,0.5443384647369385,0.18690334167331457
/content/dataset/train/vintage/u_x_awMQrIsXM.jpg,vintage,train,0.08928947150707245,0.1656055897474289,0.5516241192817688,0.5251713395118713,0.08732512127608061
/content/dataset/train/vintage/p_9983088.jpg,vintage,train,0.5658518075942993,0.1618570238351822,0.32298290729522705,0.47554153203964233,0.1741892285645008
/content/dataset/train/vintage/p_19153723.jpg,vintage,train,0.32480406761169434,0.3761444687843323,0.5247817635536194,0.6367020606994629,0.08924672845751047
/content/dataset/train/vintage/u_oyg0iu_9Iiw.jpg,vintage,train,0.6905274391174316,0.3102928698062897,0.2027057558298111,0.4912351667881012,0.1798819936811924
/content/dataset/train/vintage/yrvpCyudEkY.jpg,vintage,train,0.5823787450790405,0.34154337644577026,0.0,0.5,0.4958835057914257
/content/dataset/train/vintage/u_WUI-1rNoOlA.jpg,vintage,train,0.6800627708435059,0.25969433784484863,0.7629430890083313,0.8681662082672119,0.14325140975415707
/content/dataset/train/vintage/u_mfCuh581ong.jpg,vintage,train,0.45645296573638916,0.41159534454345703,0.2281274050474167,0.5437084436416626,0.5455606617033482
/content/dataset/train/vintage/p_16851158.jpg,vintage,train,0.3083571791648865,0.3642677962779999,0.19323796033859253,0.5113816857337952,0.09891068562865257
/content/dataset/train/vintage/p_21274274.jpg,vintage,train,0.5293696522712708,0.48895877599716187,0.022344544529914856,0.4967612028121948,0.3674991149455309
/content/dataset/train/vintage/u_5YwyhDgBiJg.jpg,vintage,train,0.511031985282898,0.352424681186676,0.7441622614860535,0.6700804233551025,0.14537376817315817
/content/dataset/train/vintage/p_11461511.jpg,vintage,train,0.4405852258205414,0.4846475422382355,0.26352357864379883,0.5691338777542114,0.35238509997725487
/content/dataset/train/vintage/p_6006891.jpg,vintage,train,0.31936877965927124,0.3460857570171356,0.38239341974258423,0.5768153667449951,0.15166415367275476
/content/dataset/train/vintage/p_29978752.jpg,vintage,train,0.47116029262542725,0.5955302715301514,0.0,0.5,0.24827010929584503
/content/dataset/train/vintage/p_6967410.jpg,vintage,train,0.5635167360305786,0.4787083864212036,0.44854429364204407,0.6283053159713745,0.2158907987177372
/content/dataset/train/vintage/p_20045872.jpg,vintage,train,0.21709568798542023,0.3126797080039978,0.32961681485176086,0.4804565906524658,0.16957652755081654
/content/dataset/train/vintage/ZdFBRvW2lRs.jpg,vintage,train,0.45525917410850525,0.7135111689567566,0.2052251398563385,0.5398311614990234,0.27671300806105137
/content/dataset/train/vintage/ehOBwEkY8n0.jpg,vintage,train,0.5030270218849182,0.5141686797142029,0.0,0.5,0.27500323951244354
/content/dataset/train/vintage/p_17115601.jpg,vintage,train,0.2965759336948395,0.2898849844932556,0.25209224224090576,0.5369560122489929,0.1917088497430086
/content/dataset/train/vintage/p_4088565.jpg,vintage,train,0.683893620967865,0.6451280117034912,0.20980718731880188,0.5256094932556152,0.4622611589729786
/content/dataset/train/vintage/u_aVcw2hmGKAs.jpg,vintage,train,0.3958124816417694,0.6404649019241333,0.0,0.5,0.30987159349024296
/content/dataset/train/vintage/u_7EE7-0gdHk4.jpg,vintage,train,0.42483851313591003,0.511765718460083,0.3634277582168579,0.4899478554725647,0.31798227690160275
/content/dataset/train/vintage/p_19499659.jpg,vintage,train,0.44640862941741943,0.3864760994911194,0.23926660418510437,0.49803417921066284,0.14640454668551683
/content/dataset/train/vintage/p_32995824.jpg,vintage,train,0.16322751343250275,0.23803716897964478,0.4780765771865845,0.49829041957855225,0.09238298516720533
/content/dataset/train/vintage/u_BcquyEazcnU.jpg,vintage,train,0.1805439591407776,0.1910630613565445,0.0,0.5,0.1646631769835949
/content/dataset/train/vintage/u_FAiX_FVxZ2U.jpg,vintage,train,0.5490423440933228,0.7755308151245117,0.0,0.5,0.1162555068731308
/content/dataset/train/vintage/u_ocKAVxFPzl0.jpg,vintage,train,0.6014266610145569,0.5022464990615845,0.14691570401191711,0.49169808626174927,0.14057585038244724
/content/dataset/train/vintage/p_6606291.jpg,vintage,train,0.7039215564727783,0.4322454333305359,0.09707603603601456,0.494234174489975,0.1272807316854596
/content/dataset/train/vintage/p_17785091.jpg,vintage,train,0.5394365191459656,0.8189855813980103,0.4452145993709564,0.5417643785476685,0.03597228787839413
/content/dataset/train/vintage/u_HStcwdzXyz8.jpg,vintage,train,0.7352277040481567,0.5400398373603821,0.1784486323595047,0.4751127064228058,0.08715965319424868
/content/dataset/train/vintage/YN8e6Jna_kg.jpg,vintage,train,0.8123900890350342,0.2920231223106384,0.0,0.5,0.14012276660650969
/content/dataset/train/vintage/p_31327527.jpg,vintage,train,0.44065600633621216,0.5279219150543213,0.2868209183216095,0.46664851903915405,0.21821638569235802
/content/dataset/train/vintage/u_8yX2nItvibQ.jpg,vintage,train,0.21611936390399933,0.44002971053123474,0.07301004230976105,0.5028860569000244,0.21312969736754894
/content/dataset/train/vintage/o1tx26Dl4Ug.jpg,vintage,train,0.5241631865501404,0.39521482586860657,0.1590014547109604,0.5178396105766296,0.2696996182203293
/content/dataset/train/vintage/u_wC4Rs352Sbo.jpg,vintage,train,0.645626425743103,0.33972424268722534,0.3474295139312744,0.5754262208938599,0.36152880638837814
/content/dataset/train/vintage/p_9748723.jpg,vintage,train,0.4391661584377289,0.6931424140930176,0.28653648495674133,0.5491630434989929,0.43511763215065
/content/dataset/train/vintage/p_35915823.jpg,vintage,train,0.44476383924484253,0.5386635661125183,0.28323519229888916,0.5194109678268433,0.41564587503671646
/content/dataset/train/vintage/u_NgjoLwVqb70.jpg,vintage,train,0.5338448882102966,0.49652352929115295,0.16533836722373962,0.5290879011154175,0.23954925127327442
/content/dataset/train/vintage/p_9799073.jpg,vintage,train,0.3707523047924042,0.5252360701560974,0.1045183539390564,0.5048617720603943,0.24471642449498177
/content/dataset/train/vintage/u_K7W2mfgn570.jpg,vintage,train,0.13331229984760284,0.2761635482311249,0.7481982111930847,0.5318307280540466,0.10828784666955471
/content/dataset/train/vintage/u_T4GD_jruK2w.jpg,vintage,train,0.6915774345397949,0.237956702709198,0.23572008311748505,0.5518549680709839,0.1142587373033166
/content/dataset/train/vintage/p_16455715.jpg,vintage,train,0.3335348963737488,0.19437779486179352,0.1651887744665146,0.49241358041763306,0.12095446232706308
/content/dataset/train/vintage/u_pkz7JqJ9z7c.jpg,vintage,train,0.5677391886711121,0.47066015005111694,0.0,0.5,0.35289524123072624
/content/dataset/train/vintage/NTEqKmml6Y4.jpg,vintage,train,0.42043206095695496,0.5117660164833069,0.0,0.5,0.3850245289504528
/content/dataset/train/vintage/dRgcpOlPb9o.jpg,vintage,train,0.6312126517295837,0.5756351351737976,0.0,0.5,0.1831232476979494
/content/dataset/train/vintage/u_wjpmH2NUSm4.jpg,vintage,train,0.5448804497718811,0.75241619348526,0.0,0.5,0.1577275013551116
/content/dataset/train/vintage/p_11026543.jpg,vintage,train,0.8180065751075745,0.5098283290863037,0.07279752939939499,0.5132858753204346,0.1932902541011572
/content/dataset/train/vintage/p_15994867.jpg,vintage,train,0.4701681435108185,0.5602879524230957,0.17397573590278625,0.5071406364440918,0.42437614873051643
/content/dataset/train/vintage/u_s2_yWe8C21Y.jpg,vintage,train,0.3570936620235443,0.3444710969924927,0.0,0.5,0.48948442563414574
/content/dataset/train/vintage/p_27956723.jpg,vintage,train,0.3476741909980774,0.3157443404197693,0.4591371715068817,0.5834836959838867,0.27862902730703354
/content/dataset/train/vintage/p_7597723.jpg,vintage,train,0.1460821032524109,0.1745937019586563,0.561345100402832,0.5502502918243408,0.5395850911736488
/content/dataset/train/vintage/u_RMVvULkLTl0.jpg,vintage,train,0.40150073170661926,0.5078491568565369,0.0,0.5,0.30115265399217606
/content/dataset/train/vintage/p_34864774.jpg,vintage,train,0.6067050099372864,0.8117837905883789,0.4003117084503174,0.5575029253959656,0.03061059454921633
/content/dataset/train/vintage/p_15304506.jpg,vintage,train,0.3526628315448761,0.4066556692123413,0.6643756031990051,0.669029712677002,0.4009297117590904
/content/dataset/train/vintage/u_e-Om8lPxRU8.jpg,vintage,train,0.36579573154449463,0.4735237956047058,0.0,0.5,0.7293861359357834
/content/dataset/train/vintage/p_14139966.jpg,vintage,train,0.43755456805229187,0.5353405475616455,0.04392525926232338,0.5024832487106323,0.16430402640253305
/content/dataset/train/vintage/u_6O0-n8SiSMc.jpg,vintage,train,0.6418074369430542,0.646043062210083,0.0,0.5,0.5537394620478153
/content/dataset/train/vintage/p_20849353.jpg,vintage,train,0.35620203614234924,0.5027204751968384,0.0,0.5,0.20806209184229374
/content/dataset/train/vintage/UfR1ddwuu9w.jpg,vintage,train,0.639014482498169,0.5636765360832214,0.2649694085121155,0.5705156326293945,0.2528385631740093
/content/dataset/train/vintage/p_21879815.jpg,vintage,train,0.3556763827800751,0.4412313401699066,0.2729029655456543,0.5149276256561279,0.579544622451067
/content/dataset/train/vintage/V-n2pHuEY9o.jpg,vintage,train,0.2001614272594452,0.42026564478874207,0.5400199294090271,0.5416468381881714,0.24360737763345242
/content/dataset/train/vintage/u_OT36b5ClgCY.jpg,vintage,train,0.511721134185791,0.392203152179718,0.29672348499298096,0.5535736083984375,0.3372977487742901
/content/dataset/train/vintage/u_Wzx9D8GZjjg.jpg,vintage,train,0.6153836250305176,0.6617568731307983,0.2898953855037689,0.5677130818367004,0.16906298696994781
/content/dataset/train/vintage/p_15361188.jpg,vintage,train,0.23173782229423523,0.34463027119636536,0.6141977906227112,0.5860496759414673,0.11570323724299669
/content/dataset/train/vintage/p_9969615.jpg,vintage,train,0.4533838927745819,0.6410778760910034,0.09263264387845993,0.5145257115364075,0.3175817243754864
/content/dataset/train/vintage/p_2465056.jpg,vintage,train,0.21342119574546814,0.5141462683677673,0.7255434989929199,0.4584392309188843,0.23983280174434185
/content/dataset/train/vintage/p_27385446.jpg,vintage,train,0.43829113245010376,0.5994479656219482,0.1725182831287384,0.5177101492881775,0.366720799356699
/content/dataset/train/vintage/O7IYirTHPTE.jpg,vintage,train,0.5438175797462463,0.5206435322761536,0.0,0.5,0.3979298658668995
/content/dataset/train/vintage/u_Xh5iXTCSMZA.jpg,vintage,train,0.16802214086055756,0.3662124574184418,0.7712809443473816,0.46389687061309814,0.1887013390660286
/content/dataset/train/vintage/u_WmSSotMdavs.jpg,vintage,train,0.6286313533782959,0.4392094314098358,0.18245576322078705,0.4764888882637024,0.23034562356770039
/content/dataset/val/airy/p_28245647.jpg,airy,val,0.8067729473114014,0.07032212615013123,0.18425427377223969,0.4476473033428192,0.05450914613902569
/content/dataset/val/airy/p_16547477.jpg,airy,val,0.6055709719657898,0.3617381453514099,0.20817235112190247,0.5476390719413757,0.3064245078712702
/content/dataset/val/airy/p_36298483.jpg,airy,val,0.5358487963676453,0.1637350469827652,0.41776013374328613,0.6306177973747253,0.062310914508998394
/content/dataset/val/airy/u_-qoAMlyJm7w.jpg,airy,val,0.6108173727989197,0.3693810999393463,0.13549146056175232,0.4814797341823578,0.38174374029040337
/content/dataset/val/airy/p_34662729.jpg,airy,val,0.5864529013633728,0.6087322235107422,0.24363651871681213,0.5600129961967468,0.08696477627381682
/content/dataset/val/airy/p_12056596.jpg,airy,val,0.6194176077842712,0.18570269644260406,0.11181814968585968,0.5125620365142822,0.15701114665716887
/content/dataset/val/airy/p_5038488.jpg,airy,val,0.8342859148979187,0.3091243803501129,0.07164265960454941,0.5259723663330078,0.12870121281594038
/content/dataset/val/airy/p_13650224.jpg,airy,val,0.8560603260993958,0.2787000238895416,0.06833396106958389,0.5220551490783691,0.08024259004741907
/content/dataset/val/airy/u_QcSMPnQ4I4g.jpg,airy,val,0.6679357290267944,0.33028873801231384,0.3572792112827301,0.380178838968277,0.03966522868722677
/content/dataset/val/airy/p_20465981.jpg,airy,val,0.7100585103034973,0.37891989946365356,0.2105311155319214,0.5145505666732788,0.47509361058473587
/content/dataset/val/airy/p_17830888.jpg,airy,val,0.635510265827179,0.28625842928886414,0.2618306279182434,0.49397704005241394,0.06691063055768609
/content/dataset/val/airy/u_FY7NJNO8Yis.jpg,airy,val,0.7470431327819824,0.22518159449100494,0.08490180969238281,0.5282444357872009,0.10855199303478003
/content/dataset/val/airy/XSzkwwnRXhE.jpg,airy,val,0.822265625,0.3305817246437073,0.11434677988290787,0.5393229722976685,0.09315384551882744
/content/dataset/val/airy/p_6453930.jpg,airy,val,0.8058136105537415,0.30776330828666687,0.1044413149356842,0.5348308086395264,0.08149232715368271
/content/dataset/val/airy/p_31991995.jpg,airy,val,0.3807932138442993,0.5358197689056396,0.2231997698545456,0.5323120355606079,0.48503799363970757
/content/dataset/val/airy/p_14569613.jpg,airy,val,0.7639067769050598,0.15833653509616852,0.059861671179533005,0.49526262283325195,0.1412623655050993
/content/dataset/val/airy/u_TIiH48yOLDU.jpg,airy,val,0.591569721698761,0.17305275797843933,0.2041301280260086,0.43858805298805237,0.05466040689498186
/content/dataset/val/airy/p_13870854.jpg,airy,val,0.3714795410633087,0.39148643612861633,0.22845591604709625,0.5238783955574036,0.4408252611756325
/content/dataset/val/airy/u_Ixq8YHQZxWQ.jpg,airy,val,0.16637887060642242,0.3052120804786682,0.6134904623031616,0.4765651226043701,0.19691722467541695
/content/dataset/val/airy/p_6844386.jpg,airy,val,0.6273158192634583,0.2508881688117981,0.4672938287258148,0.33405768871307373,0.12797036208212376
/content/dataset/val/airy/p_31843303.jpg,airy,val,0.7527457475662231,0.3627067506313324,0.13034376502037048,0.4941945970058441,0.13847044203430414
/content/dataset/val/airy/p_20766404.jpg,airy,val,0.9071583151817322,0.1540004312992096,0.06685055792331696,0.5270463228225708,0.06866027135401964
/content/dataset/val/airy/p_6261465.jpg,airy,val,0.7614979147911072,0.6022750735282898,0.03825775533914566,0.4939996004104614,0.3201096411794424
/content/dataset/val/airy/u_TFvYom4wmeo.jpg,airy,val,0.7231895923614502,0.3224812150001526,0.1869422197341919,0.4767303764820099,0.10922988876700401
/content/dataset/val/airy/u_-h1pUiraWq0.jpg,airy,val,0.41407355666160583,0.3566283881664276,0.33423134684562683,0.515581488609314,0.33486563712358475
/content/dataset/val/airy/p_17466062.jpg,airy,val,0.7084795236587524,0.23936928808689117,0.1293986290693283,0.5314238667488098,0.36950962617993355
/content/dataset/val/airy/p_32897043.jpg,airy,val,0.2526855766773224,0.6330440640449524,0.0,0.5,0.21150892600417137
/content/dataset/val/airy/p_7261668.jpg,airy,val,0.683080792427063,0.2805810868740082,0.25501930713653564,0.4013928771018982,0.1392195513471961
/content/dataset/val/airy/p_733100.jpg,airy,val,0.687122106552124,0.44891995191574097,0.505561351776123,0.6953218579292297,0.19088786095380783
/content/dataset/val/airy/p_1858215.jpg,airy,val,0.7777646780014038,0.3513139486312866,0.1522086262702942,0.5234880447387695,0.2248756494373083
/content/dataset/val/airy/p_29266750.jpg,airy,val,0.6160150170326233,0.3414037823677063,0.22234956920146942,0.5117773413658142,0.3066414035856724
/content/dataset/val/airy/p_28945786.jpg,airy,val,0.39883193373680115,0.3379364013671875,0.32802441716194153,0.44148436188697815,0.3103205468505621
/content/dataset/val/airy/u_Ay_HG60pHHw.jpg,airy,val,0.43036648631095886,0.4686868488788605,0.5199870467185974,0.40808728337287903,0.09176385356113315
/content/dataset/val/airy/p_12487887.jpg,airy,val,0.9131991863250732,0.08585985749959946,0.027981244027614594,0.5122985243797302,0.05126695381477475
/content/dataset/val/airy/p_37235955.jpg,airy,val,0.602817952632904,0.32739779353141785,0.25718945264816284,0.5062722563743591,0.12183184269815683
/content/dataset/val/airy/p_7037487.jpg,airy,val,0.8529062867164612,0.11522482335567474,0.03808724135160446,0.5122716426849365,0.09552736300975084
/content/dataset/val/airy/p_12167942.jpg,airy,val,0.560948371887207,0.39719530940055847,0.4541586935520172,0.45521825551986694,0.12437312863767147
/content/dataset/val/airy/p_31582469.jpg,airy,val,0.5575212240219116,0.5002008080482483,0.26918458938598633,0.5500872135162354,0.23905121721327305
/content/dataset/val/airy/p_37125266.jpg,airy,val,0.8281972408294678,0.1341755986213684,0.09828004240989685,0.4584176242351532,0.050833713030442595
/content/dataset/val/airy/W2fLPtgEqNs.jpg,airy,val,0.699090838432312,0.3425693213939667,0.1250564455986023,0.46535688638687134,0.16047201119363308
/content/dataset/val/airy/p_12627892.jpg,airy,val,0.6751391887664795,0.29569917917251587,0.09728565067052841,0.5214357972145081,0.14022976160049438
/content/dataset/val/airy/p_16007414.jpg,airy,val,0.3758279085159302,0.5087426900863647,0.20690307021141052,0.5066844820976257,0.2125361654907465
/content/dataset/val/airy/p_17888998.jpg,airy,val,0.5051825642585754,0.8254812359809875,0.3719407618045807,0.5485019683837891,0.10495578870177269
/content/dataset/val/airy/u_gKBpYTXH_Qk.jpg,airy,val,0.45459553599357605,0.5296639204025269,0.27649909257888794,0.5437265634536743,0.17988665960729122
/content/dataset/val/airy/p_20892637.jpg,airy,val,0.714117169380188,0.499694287776947,0.0,0.5,0.18535247072577477
/content/dataset/val/airy/p_32474128.jpg,airy,val,0.5560935139656067,0.3897252678871155,0.22886121273040771,0.5530034303665161,0.22453994490206242
/content/dataset/val/airy/u__bF1iwLQNpw.jpg,airy,val,0.7897928357124329,0.29326096177101135,0.07606613636016846,0.4876660108566284,0.1431810250505805
/content/dataset/val/airy/u_XQ5OrOPpu5I.jpg,airy,val,0.45323461294174194,0.31357815861701965,0.36758774518966675,0.5786113142967224,0.2316734381020069
/content/dataset/val/airy/p_15205321.jpg,airy,val,0.6698974967002869,0.36873286962509155,0.19327229261398315,0.5550461411476135,0.1165585732087493
/content/dataset/val/airy/1S5R0A6MOk8.jpg,airy,val,0.9365692734718323,0.05041613057255745,0.00042648977250792086,0.5001267194747925,0.014162726001814008
/content/dataset/val/airy/u_syqJ6MjgJ_k.jpg,airy,val,0.2902163565158844,0.3499670922756195,0.4941422939300537,0.5571184754371643,0.049403763841837645
/content/dataset/val/airy/J_4YCLnjy58.jpg,airy,val,0.4998176097869873,0.4471341669559479,0.20260481536388397,0.5376734137535095,0.8225270360708237
/content/dataset/val/airy/u_L-BOzaOUYyY.jpg,airy,val,0.7682421803474426,0.32984331250190735,0.16037355363368988,0.551713228225708,0.1693342812359333
/content/dataset/val/airy/u_xC56h4TiNTs.jpg,airy,val,0.8972426652908325,0.5107876658439636,0.04315350577235222,0.4980655610561371,0.08787608705461025
/content/dataset/val/airy/p_16136284.jpg,airy,val,0.5464640855789185,0.6164141893386841,0.1457759290933609,0.5182064175605774,0.6493977643549442
/content/dataset/val/airy/p_8957799.jpg,airy,val,0.25485309958457947,0.31335702538490295,0.17928831279277802,0.5103651285171509,0.14578614849597216
/content/dataset/val/airy/p_6541876.jpg,airy,val,0.5730102062225342,0.35235336422920227,0.33260777592658997,0.5957376956939697,0.06614424288272858
/content/dataset/val/airy/p_11159383.jpg,airy,val,0.8470906019210815,0.20281603932380676,0.1259845644235611,0.5179951786994934,0.054444659035652876
/content/dataset/val/airy/p_37078705.jpg,airy,val,0.7392469048500061,0.26129403710365295,0.1601499319076538,0.5122852921485901,0.2659696340560913
/content/dataset/val/airy/p_36182995.jpg,airy,val,0.7661042213439941,0.2672332227230072,0.19155412912368774,0.5569185018539429,0.16619882080703974
/content/dataset/val/airy/6ZJ0zKEo1so.jpg,airy,val,0.5872518420219421,0.5669752359390259,0.18078239262104034,0.5160390734672546,0.4588756524026394
/content/dataset/val/airy/dbdlopHFwxs.jpg,airy,val,0.8897243142127991,0.21123218536376953,0.14144285023212433,0.5218572616577148,0.09766499977558851
/content/dataset/val/airy/p_13632872.jpg,airy,val,0.8618731498718262,0.36392271518707275,0.07592719793319702,0.4998237192630768,0.19518958404660225
/content/dataset/val/airy/p_32117276.jpg,airy,val,0.7701423764228821,0.3718096613883972,0.08746379613876343,0.5144152641296387,0.1549642439931631
/content/dataset/val/airy/p_29973434.jpg,airy,val,0.7036107182502747,0.38154417276382446,0.14095671474933624,0.5458590388298035,0.2559327334165573
/content/dataset/val/airy/p_37113810.jpg,airy,val,0.2705770432949066,0.4032534062862396,0.26318973302841187,0.5150846838951111,0.0726053910329938
/content/dataset/val/airy/p_8058662.jpg,airy,val,0.7414705753326416,0.17503100633621216,0.0,0.5,0.09160401532426476
/content/dataset/val/airy/p_17671103.jpg,airy,val,0.4898456335067749,0.6022964119911194,0.39568036794662476,0.5913423895835876,0.8931469917297363
/content/dataset/val/airy/MN6DNccwTbo.jpg,airy,val,0.8558251261711121,0.27615097165107727,0.21341802179813385,0.5334300994873047,0.09257340338081121
/content/dataset/val/airy/u_mZikD7itrOI.jpg,airy,val,0.7865937948226929,0.4222308099269867,0.12164081633090973,0.5233880877494812,0.19336936064064503
/content/dataset/val/airy/p_33237810.jpg,airy,val,0.8803842663764954,0.17169755697250366,0.03488730639219284,0.5013810992240906,0.1853828877210617
/content/dataset/val/airy/QTvTFgawff4.jpg,airy,val,0.8599321246147156,0.33182936906814575,0.0,0.5,0.26792035438120365
/content/dataset/val/airy/u_OAbzm8pBR_U.jpg,airy,val,0.5360099673271179,0.23477979004383087,0.497594952583313,0.34079721570014954,0.12502548284828663
/content/dataset/val/airy/p_7584582.jpg,airy,val,0.8138363361358643,0.2771260440349579,0.06343919038772583,0.5230709314346313,0.20784021355211735
/content/dataset/val/airy/p_7594503.jpg,airy,val,0.6493639945983887,0.40172260999679565,0.03522660583257675,0.49304619431495667,0.27363949455320835
/content/dataset/val/airy/mY4fKS1fjXo.jpg,airy,val,0.8586193919181824,0.3368692398071289,0.0,0.5,0.14366536866873503
/content/dataset/val/airy/u_SQS2ggDKzEY.jpg,airy,val,0.6353738903999329,0.2317599654197693,0.12317273020744324,0.5024291276931763,0.03216803655959666
/content/dataset/val/airy/u_g_aGfV3boao.jpg,airy,val,0.8265639543533325,0.2946234941482544,0.08818960934877396,0.4665554463863373,0.11620035860687494
/content/dataset/val/airy/u_xlvxvjxT3c4.jpg,airy,val,0.9156708717346191,0.18773114681243896,0.07606719434261322,0.5283223390579224,0.1724963029846549
/content/dataset/val/airy/p_14238467.jpg,airy,val,0.8396135568618774,0.17401756346225739,0.23413658142089844,0.47809886932373047,0.09098599664866924
/content/dataset/val/airy/p_7288863.jpg,airy,val,0.7056880593299866,0.16726644337177277,0.07090265303850174,0.49079644680023193,0.06532379891723394
/content/dataset/val/airy/p_6434479.jpg,airy,val,0.5460774898529053,0.30650100111961365,0.27868375182151794,0.43987736105918884,0.15915642958134413
/content/dataset/val/airy/u_oy0u8kUtpX0.jpg,airy,val,0.4634823203086853,0.5814175009727478,0.16794535517692566,0.5285260677337646,0.36684224382042885
/content/dataset/val/airy/u_ezl_eOQlb04.jpg,airy,val,0.6898015737533569,0.42593878507614136,0.18328890204429626,0.4706394672393799,0.3280315641313791
/content/dataset/val/airy/p_29389307.jpg,airy,val,0.5217402577400208,0.19809190928936005,0.4972614347934723,0.3164692521095276,0.11908262968063354
/content/dataset/val/airy/u_1a9b2kU5y5A.jpg,airy,val,0.6129466891288757,0.3110520839691162,0.2033735066652298,0.5609556436538696,0.3697572182863951
/content/dataset/val/airy/u_xeO-RczUixs.jpg,airy,val,0.3348790407180786,0.7393246293067932,0.0,0.5,0.08987294044345617
/content/dataset/val/airy/p_8358602.jpg,airy,val,0.5489693284034729,0.5959064960479736,0.19266752898693085,0.5273659825325012,0.16869050450623035
/content/dataset/val/airy/u_4LnAkcr1-4Y.jpg,airy,val,0.5190140604972839,0.5648359060287476,0.0,0.5,0.26303173042833805
/content/dataset/val/airy/p_16115182.jpg,airy,val,0.5852738618850708,0.5414534211158752,0.4118390679359436,0.6196204423904419,0.06981645245105028
/content/dataset/val/airy/p_29973429.jpg,airy,val,0.6362337470054626,0.29572591185569763,0.20015400648117065,0.5626062154769897,0.1460736244916916
/content/dataset/val/airy/u_hsklhHoDEeA.jpg,airy,val,0.4109684228897095,0.5091795921325684,0.37553671002388,0.46527594327926636,0.2012190129607916
/content/dataset/val/airy/p_4554016.jpg,airy,val,0.7105122804641724,0.34983691573143005,0.10969890654087067,0.5354050397872925,0.16147248912602663
/content/dataset/val/airy/u_Ye4W7h9UCjU.jpg,airy,val,0.6026596426963806,0.6106027364730835,0.28818637132644653,0.5301384925842285,0.23796755820512772
/content/dataset/val/airy/u_K27Ehe_gFG8.jpg,airy,val,0.7467074394226074,0.30933451652526855,0.11131535470485687,0.4775718152523041,0.15404846984893084
/content/dataset/val/airy/p_15818698.jpg,airy,val,0.48951059579849243,0.5604026913642883,0.17758063971996307,0.5122015476226807,0.2899973001331091
/content/dataset/val/airy/p_34854181.jpg,airy,val,0.6752114295959473,0.2838606834411621,0.1525074988603592,0.5490509867668152,0.19304444082081318
/content/dataset/val/airy/h1uta3hJWcA.jpg,airy,val,0.8025944828987122,0.40063077211380005,0.21272145211696625,0.5793534517288208,0.16095791943371296
/content/dataset/val/airy/p_9316636.jpg,airy,val,0.4077482521533966,0.2836570739746094,0.3116420805454254,0.5694513320922852,0.3557933121919632
/content/dataset/val/airy/p_29973453.jpg,airy,val,0.5665245652198792,0.47892624139785767,0.16798122227191925,0.5398034453392029,0.27596245519816875
/content/dataset/val/airy/Z977nSRTRCk.jpg,airy,val,0.7386513352394104,0.4379834234714508,0.173503115773201,0.5404042601585388,0.22517717443406582
/content/dataset/val/airy/p_1629817.jpg,airy,val,0.4801214635372162,0.294034481048584,0.39357972145080566,0.4830613136291504,0.3106050658971071
/content/dataset/val/airy/p_20598879.jpg,airy,val,0.6468626260757446,0.6182225346565247,0.22131919860839844,0.4823838174343109,0.24678177200257778
/content/dataset/val/airy/p_758500.jpg,airy,val,0.39311495423316956,0.4851560890674591,0.44447949528694153,0.4105640649795532,0.3231138549745083
/content/dataset/val/airy/u_PC-HcOUPsvg.jpg,airy,val,0.7958744764328003,0.19217213988304138,0.04705498740077019,0.5155285000801086,0.10187397245317698
/content/dataset/val/airy/u_ozft3XE-SYw.jpg,airy,val,0.49111953377723694,0.5080463290214539,0.2176118791103363,0.5332441329956055,0.552499033510685
/content/dataset/val/airy/XQ1LQeR4DX4.jpg,airy,val,0.9130920171737671,0.0973411500453949,0.06678535789251328,0.5308049321174622,0.0412085629068315
/content/dataset/val/airy/p_16638535.jpg,airy,val,0.6363851428031921,0.2375519871711731,0.16006474196910858,0.45124441385269165,0.11653994210064411
/content/dataset/val/airy/gZoAPoP89kc.jpg,airy,val,0.6485023498535156,0.43869829177856445,0.2395441085100174,0.5321175456047058,0.16945622861385345
/content/dataset/val/airy/u_0Al3V45PgVk.jpg,airy,val,0.11118850111961365,0.1282300502061844,0.9842650890350342,0.39255547523498535,0.031714733922854066
/content/dataset/val/airy/u_KlSiAkTguOY.jpg,airy,val,0.6201561093330383,0.3795031011104584,0.23322361707687378,0.48670053482055664,0.38002265617251396
/content/dataset/val/airy/p_28906644.jpg,airy,val,0.6319003701210022,0.4973728358745575,0.33440104126930237,0.5760384202003479,0.2651966083794832
/content/dataset/val/dark/u_WkqzgSEV4vg.jpg,dark,val,0.16034343838691711,0.3095964789390564,0.7796609997749329,0.5789820551872253,0.16066391952335835
/content/dataset/val/dark/p_18792376.jpg,dark,val,0.16480141878128052,0.17958372831344604,0.2537131607532501,0.5378696918487549,0.20400932990014553
/content/dataset/val/dark/p_8203358.jpg,dark,val,0.07913871109485626,0.319132536649704,0.5388055443763733,0.5245111584663391,0.19231704995036125
/content/dataset/val/dark/p_10857146.jpg,dark,val,0.1181989386677742,0.5050497055053711,0.8286872506141663,0.5679428577423096,0.07392247905954719
/content/dataset/val/dark/u_kzA49OPmzY4.jpg,dark,val,0.15311956405639648,0.23712068796157837,0.38553863763809204,0.48004287481307983,0.04687169333919883
/content/dataset/val/dark/p_12827728.jpg,dark,val,0.014527853578329086,0.11998103559017181,0.08729448914527893,0.5031943321228027,0.028177783824503422
/content/dataset/val/dark/p_6021563.jpg,dark,val,0.047695402055978775,0.12249650061130524,0.0,0.5,0.015629121335223317
/content/dataset/val/dark/u_Rcd_3ziBgrA.jpg,dark,val,0.21159660816192627,0.2268557995557785,0.06856824457645416,0.5078766345977783,0.12766296975314617
/content/dataset/val/dark/p_35453154.jpg,dark,val,0.2979579567909241,0.49503615498542786,0.21552090346813202,0.49740931391716003,0.23894255049526691
/content/dataset/val/dark/p_36583143.jpg,dark,val,0.04095018655061722,0.12005466222763062,0.4020152986049652,0.4855467677116394,0.03721925662830472
/content/dataset/val/dark/p_27797978.jpg,dark,val,0.08119846880435944,0.2532346248626709,0.7139714956283569,0.5419100522994995,0.028488502139225602
/content/dataset/val/dark/u_zXvyROh4h1w.jpg,dark,val,0.0694718137383461,0.10195867717266083,0.31306102871894836,0.48699069023132324,0.14401636086404324
/content/dataset/val/dark/u_IdW9q37m40E.jpg,dark,val,0.27888771891593933,0.26929065585136414,0.010121757164597511,0.49968287348747253,0.1293449243530631
/content/dataset/val/dark/u_PuQA1CbQCtM.jpg,dark,val,0.3565138578414917,0.439126580953598,0.623091459274292,0.6441388130187988,0.173658961430192
/content/dataset/val/dark/u_nAOeR7DBd54.jpg,dark,val,0.1138533279299736,0.1603342443704605,0.2001008540391922,0.5039685964584351,0.0918837497010827
/content/dataset/val/dark/u_aotf1u7MtPY.jpg,dark,val,0.022476566955447197,0.07128974795341492,0.4168134033679962,0.5056875944137573,0.0408767128828913
/content/dataset/val/dark/u_aSC03moilWo.jpg,dark,val,0.02584053762257099,0.1950351893901825,0.003103148192167282,0.500426173210144,0.07126738084480166
/content/dataset/val/dark/p_29554717.jpg,dark,val,0.1367597132921219,0.32578182220458984,0.0,0.5,0.19778398796916008
/content/dataset/val/dark/p_6065474.jpg,dark,val,0.10696233063936234,0.21009083092212677,0.4021402597427368,0.4700862467288971,0.10065969079732895
/content/dataset/val/dark/u_7dyabaBBeLM.jpg,dark,val,0.3378868103027344,0.46050527691841125,0.23331612348556519,0.5060014128684998,0.23681385442614555
/content/dataset/val/dark/p_3302487.jpg,dark,val,0.04402092099189758,0.17593318223953247,0.5434044599533081,0.5159308910369873,0.05866868421435356
/content/dataset/val/dark/YexL370B8Hw.jpg,dark,val,0.05132390186190605,0.20072226226329803,0.17142872512340546,0.4999483823776245,0.08348660077899694
/content/dataset/val/dark/u_vNg7UCRsP0E.jpg,dark,val,0.34235429763793945,0.5047177672386169,0.33558881282806396,0.5384550094604492,0.4605266824364662
/content/dataset/val/dark/p_12045190.jpg,dark,val,0.15752121806144714,0.5109403729438782,0.0,0.5,0.21595594473183155
/content/dataset/val/dark/u_Iw480aWLXGo.jpg,dark,val,0.27600252628326416,0.3983246088027954,0.40641534328460693,0.6137625575065613,0.25115915574133396
/content/dataset/val/dark/TbEwVysralo.jpg,dark,val,0.19221262633800507,0.4904082119464874,0.0,0.5,0.14500352554023266
/content/dataset/val/dark/p_6414823.jpg,dark,val,0.17370696365833282,0.4386160373687744,0.20516695082187653,0.5017293095588684,0.23463531397283077
/content/dataset/val/dark/p_7250447.jpg,dark,val,0.15432000160217285,0.26889461278915405,0.000448340957518667,0.5000143647193909,0.1398338796570897
/content/dataset/val/dark/p_22643631.jpg,dark,val,0.05206505209207535,0.1454634666442871,0.0,0.5,0.06864119088277221
/content/dataset/val/dark/p_34512954.jpg,dark,val,0.14703930914402008,0.10277564078569412,0.12704360485076904,0.4893081486225128,0.028369140345603228
/content/dataset/val/dark/u_B6G9C0kxVVc.jpg,dark,val,0.047162044793367386,0.1434727907180786,4.591079232341144e-06,0.4999997615814209,0.044100258965045214
/content/dataset/val/dark/u_8WsfFDuK1l0.jpg,dark,val,0.04355083778500557,0.24359028041362762,0.6550046801567078,0.516470730304718,0.04346672329120338
/content/dataset/val/dark/u_TFhRYmvqxK0.jpg,dark,val,0.4573270380496979,0.6581798195838928,0.5258845686912537,0.6237344145774841,0.12462988030165434
/content/dataset/val/dark/Bsud4YxQj6w.jpg,dark,val,0.1983276605606079,0.5726556777954102,0.22096861898899078,0.5189534425735474,0.31017810106277466
/content/dataset/val/dark/p_19215996.jpg,dark,val,0.05523226782679558,0.16762635111808777,0.39303678274154663,0.5030328035354614,0.04337310791015625
/content/dataset/val/dark/u_QfV3iZgiUwk.jpg,dark,val,0.10078781843185425,0.20400109887123108,0.141696035861969,0.49570712447166443,0.0481423269957304
/content/dataset/val/dark/u_vyE0XUsaA4M.jpg,dark,val,0.07290063798427582,0.21472297608852386,0.6945145130157471,0.507193386554718,0.11774942278862
/content/dataset/val/dark/p_30403762.jpg,dark,val,0.07088456302881241,0.330168217420578,0.042965490370988846,0.5014148354530334,0.08450011257082224
/content/dataset/val/dark/p_7815091.jpg,dark,val,0.12930522859096527,0.2393391877412796,0.035132233053445816,0.5014808177947998,0.16923929564654827
/content/dataset/val/dark/p_37079503.jpg,dark,val,0.25924989581108093,0.7180814743041992,0.0,0.5,0.7824339345097542
/content/dataset/val/dark/u_ABaMFrKOGng.jpg,dark,val,0.05344400927424431,0.13737818598747253,0.6110870838165283,0.47375473380088806,0.08730536792427301
/content/dataset/val/dark/p_35431170.jpg,dark,val,0.02308782935142517,0.16655345261096954,0.0,0.5,0.0842809141613543
/content/dataset/val/dark/u_b_6c8fpzaF8.jpg,dark,val,0.5362403392791748,0.32330232858657837,0.4559347927570343,0.6453178524971008,0.12193836271762848
/content/dataset/val/dark/p_13987331.jpg,dark,val,0.2071465700864792,0.30158430337905884,0.47008490562438965,0.5496491193771362,0.050901779904961586
/content/dataset/val/dark/u_tfq5eYDlxLw.jpg,dark,val,0.23501744866371155,0.28601542115211487,0.05112023651599884,0.5009545087814331,0.12235220987349749
/content/dataset/val/dark/p_35113291.jpg,dark,val,0.5580500960350037,0.8386881947517395,0.0,0.5,0.3542993403971195
/content/dataset/val/dark/u_w15lLfNAR7M.jpg,dark,val,0.06441876292228699,0.3108800947666168,0.3213805556297302,0.49173614382743835,0.07919424679130316
/content/dataset/val/dark/u_wgMxO5t7deQ.jpg,dark,val,0.08465418219566345,0.30682989954948425,0.0,0.5,0.12952394783496857
/content/dataset/val/dark/p_9975906.jpg,dark,val,0.169219508767128,0.3106020390987396,0.3891068696975708,0.517091691493988,0.33274351619184017
/content/dataset/val/dark/u_bzfeMRCfU-k.jpg,dark,val,0.07147578150033951,0.1989699900150299,0.45826074481010437,0.5004923343658447,0.0979569461196661
/content/dataset/val/dark/u_JC0WbqKZnBg.jpg,dark,val,0.1054464727640152,0.1713360995054245,0.03826127573847771,0.5022984147071838,0.05165198352187872
/content/dataset/val/dark/p_8564621.jpg,dark,val,0.04101988300681114,0.24298855662345886,0.8601264953613281,0.4890599250793457,0.033693513832986355
/content/dataset/val/dark/p_4060935.jpg,dark,val,0.0959576666355133,0.1048046126961708,0.05685914307832718,0.5048810243606567,0.08901059161871672
/content/dataset/val/dark/p_3473783.jpg,dark,val,0.16014593839645386,0.2824326455593109,0.0001077954366337508,0.5000040531158447,0.14851524960249662
/content/dataset/val/dark/u_Kxu-7RFPd3w.jpg,dark,val,0.23542487621307373,0.23557285964488983,0.6151356101036072,0.6073969006538391,0.23330170661211014
/content/dataset/val/dark/p_32203041.jpg,dark,val,0.010708071291446686,0.06733731180429459,0.01573074609041214,0.5002323389053345,0.026780557818710804
/content/dataset/val/dark/p_5031652.jpg,dark,val,0.06131148338317871,0.34390872716903687,0.0,0.5,0.09961171075701714
/content/dataset/val/dark/u_VfP_-Rmnhk4.jpg,dark,val,0.034764379262924194,0.24886073172092438,0.0,0.5,0.03922667703591287
/content/dataset/val/dark/p_10500054.jpg,dark,val,0.06537850201129913,0.25435736775398254,0.0,0.5,0.11316786054521799
/content/dataset/val/dark/p_9298349.jpg,dark,val,0.28057777881622314,0.5623732805252075,0.0,0.5,0.12468872591853142
/content/dataset/val/dark/u_X6aCxHdg_Yg.jpg,dark,val,0.6976850032806396,0.5516778230667114,0.0035641409922391176,0.5002418756484985,0.206439895555377
/content/dataset/val/dark/p_35829067.jpg,dark,val,0.0666714534163475,0.25436219573020935,0.2088421732187271,0.5061396360397339,0.06823120871558785
/content/dataset/val/dark/u_hNtgf3ICjug.jpg,dark,val,0.24861367046833038,0.3869780898094177,0.0,0.5,0.290626073256135
/content/dataset/val/dark/p_5718961.jpg,dark,val,0.17895753681659698,0.5341251492500305,0.5086662769317627,0.6004021167755127,0.09580174461007118
/content/dataset/val/dark/u_qlH-AS8QlrA.jpg,dark,val,0.5569284558296204,0.593593180179596,0.0,0.5,0.6085681077092886
/content/dataset/val/dark/1SWtRh9GVDk.jpg,dark,val,0.14691786468029022,0.158794105052948,0.46159249544143677,0.5271574854850769,0.05660836584866047
/content/dataset/val/dark/u_AeQkYQ9fICg.jpg,dark,val,0.49678531289100647,0.4632428288459778,0.24056503176689148,0.47107958793640137,0.5062038823962212
/content/dataset/val/dark/p_19172177.jpg,dark,val,0.008402970619499683,0.13219402730464935,0.0,0.5,0.03362090443260968
/content/dataset/val/dark/p_20696066.jpg,dark,val,0.10642894357442856,0.08176462352275848,0.9229453802108765,0.4018597900867462,0.013217302039265633
/content/dataset/val/dark/u_LhhcEOjKHj8.jpg,dark,val,0.2118280529975891,0.5429888963699341,0.40834298729896545,0.4588965177536011,0.26277595199644566
/content/dataset/val/dark/8qKvjoOJR8s.jpg,dark,val,0.13479071855545044,0.2995714843273163,0.6119664907455444,0.5607653856277466,0.14702503103762865
/content/dataset/val/dark/p_3891297.jpg,dark,val,0.04962504282593727,0.17697776854038239,0.22030410170555115,0.5126526951789856,0.07699530338868499
/content/dataset/val/dark/u_VhA_LC4DM7M.jpg,dark,val,0.46019861102104187,0.4387914538383484,0.17596277594566345,0.47767481207847595,0.6128430459648371
/content/dataset/val/dark/p_4504765.jpg,dark,val,0.07744460552930832,0.27102330327033997,0.24548301100730896,0.5016021728515625,0.0960741238668561
/content/dataset/val/dark/u_qE_C8N-PhGw.jpg,dark,val,0.0597241073846817,0.20219674706459045,0.5557101964950562,0.5193188786506653,0.17667082138359547
/content/dataset/val/dark/u_Rahc5DVnwPA.jpg,dark,val,0.4670708179473877,0.6961238384246826,0.20883777737617493,0.5061213374137878,0.13227602932602167
/content/dataset/val/dark/p_14911132.jpg,dark,val,0.0734550878405571,0.21534934639930725,0.0,0.5,0.13065131846815348
/content/dataset/val/dark/u_BGoVUxh1i_s.jpg,dark,val,0.41346490383148193,0.428963840007782,0.0,0.5,0.1510752411559224
/content/dataset/val/dark/p_20649522.jpg,dark,val,0.08103960752487183,0.3252488672733307,0.0,0.5,0.08881350280717015
/content/dataset/val/dark/p_36390527.jpg,dark,val,0.07497037202119827,0.09521796554327011,0.7855710983276367,0.5689001679420471,0.024039432173594832
/content/dataset/val/dark/p_16143357.jpg,dark,val,0.11016274243593216,0.10975141078233719,0.0,0.5,0.051900416146963835
/content/dataset/val/dark/u_FJXtJcS6iHA.jpg,dark,val,0.09208006411790848,0.27063456177711487,0.4444916844367981,0.5350027680397034,0.08797916118055582
/content/dataset/val/dark/u_td7MaUY0UaU.jpg,dark,val,0.01045004278421402,0.12726405262947083,0.07659841328859329,0.5032919645309448,0.033174261916428804
/content/dataset/val/dark/u_iG5IRP0TDtU.jpg,dark,val,0.05066394433379173,0.35483357310295105,0.0,0.5,0.17787468153983355
/content/dataset/val/dark/p_17726772.jpg,dark,val,0.028069354593753815,0.176444411277771,0.2107911854982376,0.5104076266288757,0.03863854915834963
/content/dataset/val/dark/u_C4miExvHQfc.jpg,dark,val,0.22194088995456696,0.24500273168087006,0.048790957778692245,0.5008862018585205,0.17385307233780622
/content/dataset/val/dark/u_KjiBpLuUm2U.jpg,dark,val,0.36733075976371765,0.6821750402450562,0.0,0.5,0.3838100843131542
/content/dataset/val/dark/u_2hy47Cfh_VE.jpg,dark,val,0.08770477771759033,0.2909197211265564,0.0,0.5,0.11135827749967575
/content/dataset/val/dark/p_15756417.jpg,dark,val,0.0822879821062088,0.09878203272819519,0.18558286130428314,0.5104392766952515,0.04141232813708484
/content/dataset/val/dark/u_RQXbElUwn4Q.jpg,dark,val,0.24330629408359528,0.25050902366638184,0.03153306618332863,0.5005044341087341,0.17482105642557144
/content/dataset/val/dark/p_2314755.jpg,dark,val,0.03892763704061508,0.1312045305967331,0.3545403778553009,0.4998905062675476,0.05562989739701152
/content/dataset/val/dark/u_fEeZIgM8iMk.jpg,dark,val,0.26297488808631897,0.33491751551628113,0.6772788763046265,0.6382073163986206,0.2921110298484564
/content/dataset/val/dark/u_z69hG052-kU.jpg,dark,val,0.13590925931930542,0.4156405031681061,0.2087162435054779,0.48229095339775085,0.3336095064878464
/content/dataset/val/dark/u_-cZMqSnTyn4.jpg,dark,val,0.6006821393966675,0.448917955160141,0.3642149269580841,0.4057881236076355,0.23997451178729534
/content/dataset/val/dark/p_36539100.jpg,dark,val,0.02225540578365326,0.06711076945066452,0.6833423972129822,0.5102542638778687,0.0179561524419114
/content/dataset/val/dark/p_632302.jpg,dark,val,0.02412675879895687,0.11190439760684967,0.062290750443935394,0.4982587695121765,0.024641124182380736
/content/dataset/val/dark/u_tY9uFNCyZvA.jpg,dark,val,0.5420052409172058,0.5458377599716187,0.0,0.5,0.11105760000646114
/content/dataset/val/dark/u_GwCNXUjJVqk.jpg,dark,val,0.1618947833776474,0.3132598102092743,0.0,0.5,0.22777984850108624
/content/dataset/val/dark/p_7402212.jpg,dark,val,0.14334096014499664,0.4853243827819824,0.9552708268165588,0.6016638875007629,0.10203223675489426
/content/dataset/val/dark/p_14308295.jpg,dark,val,0.043902646750211716,0.19874508678913116,0.0,0.5,0.06528503028675914
/content/dataset/val/dark/p_6143616.jpg,dark,val,0.06824015080928802,0.1847226917743683,0.3061065077781677,0.5147720575332642,0.07005502237007022
/content/dataset/val/dark/p_20842296.jpg,dark,val,0.10256259143352509,0.26419150829315186,0.0,0.5,0.18183221109211445
/content/dataset/val/dark/p_735031.jpg,dark,val,0.010526616126298904,0.16215300559997559,0.0683586373925209,0.501302182674408,0.032317532459273934
/content/dataset/val/dark/u_n-9a7LwJves.jpg,dark,val,0.18183457851409912,0.4276707172393799,0.453508585691452,0.5178934335708618,0.17376198433339596
/content/dataset/val/dark/p_9155210.jpg,dark,val,0.012489491142332554,0.08432343602180481,0.33145564794540405,0.5051804184913635,0.03316017333418131
/content/dataset/val/dark/p_2953863.jpg,dark,val,0.18229109048843384,0.12615221738815308,0.25828149914741516,0.4748784303665161,0.02479114686138928
/content/dataset/val/dark/u_-POYp9DENPA.jpg,dark,val,0.14362533390522003,0.13044558465480804,0.22366942465305328,0.499946266412735,0.07881918689236045
/content/dataset/val/dark/p_33396501.jpg,dark,val,0.1506052166223526,0.13392096757888794,0.18704991042613983,0.513404369354248,0.11206003371626139
/content/dataset/val/dark/u_ncQuynZtkDE.jpg,dark,val,0.4192540645599365,0.4449840784072876,0.2710086405277252,0.44863274693489075,0.12535291723906994
/content/dataset/val/dark/50lEBwKZOrM.jpg,dark,val,0.18358872830867767,0.3067106306552887,0.6049375534057617,0.4171915650367737,0.10562832467257977
/content/dataset/val/dark/u_vIjNRIU1UAo.jpg,dark,val,0.06888265162706375,0.1630542129278183,0.24083437025547028,0.49959635734558105,0.16211033798754215
/content/dataset/val/dark/p_6145062.jpg,dark,val,0.11949870735406876,0.24629385769367218,0.00608435645699501,0.4998132586479187,0.1685322169214487
/content/dataset/val/dark/p_4066947.jpg,dark,val,0.09064584225416183,0.28694286942481995,0.3192213475704193,0.5379507541656494,0.1094793388620019
/content/dataset/val/dark/p_13231692.jpg,dark,val,0.3527660071849823,0.7832855582237244,0.0,0.5,0.19487022422254086
/content/dataset/val/dark/p_34135847.jpg,dark,val,0.29987695813179016,0.5476627349853516,0.4639427065849304,0.5760612487792969,0.4621523432433605
/content/dataset/val/dark/p_13727320.jpg,dark,val,0.020112184807658195,0.13231247663497925,0.0,0.5,0.07951712002977729
/content/dataset/val/dramatic/u_HI7if-rkAh8.jpg,dramatic,val,0.46407684683799744,0.34759485721588135,0.2916857898235321,0.44064009189605713,0.06871787365525961
/content/dataset/val/dramatic/p_33175916.jpg,dramatic,val,0.19360414147377014,0.13741911947727203,0.36302176117897034,0.5480937361717224,0.02794210915453732
/content/dataset/val/dramatic/p_4201333.jpg,dramatic,val,0.6513970494270325,0.7043648362159729,0.13977845013141632,0.49475255608558655,0.2470486145466566
/content/dataset/val/dramatic/u_VjSh6i7r3aQ.jpg,dramatic,val,0.33041927218437195,0.23800289630889893,0.2436194121837616,0.5411227941513062,0.2049445826560259
/content/dataset/val/dramatic/u_7Jv7fHnGHm0.jpg,dramatic,val,0.2947239875793457,0.6461097598075867,0.0,0.5,0.10978971607983112
/content/dataset/val/dramatic/p_37167778.jpg,dramatic,val,0.07773452252149582,0.33453360199928284,0.37465620040893555,0.4898853003978729,0.0828335783444345
/content/dataset/val/dramatic/p_30635999.jpg,dramatic,val,0.18701373040676117,0.4143582880496979,0.6852644085884094,0.6094359755516052,0.10849472600966692
/content/dataset/val/dramatic/hg0H3HlgtsU.jpg,dramatic,val,0.49308449029922485,0.48795655369758606,0.2419300079345703,0.5132520794868469,0.1633723545819521
/content/dataset/val/dramatic/u_ykv365WGzxU.jpg,dramatic,val,0.1435130089521408,0.1462438702583313,0.1277194619178772,0.49116334319114685,0.11216831859201193
/content/dataset/val/dramatic/u_mEwdPveuwTA.jpg,dramatic,val,0.11557133495807648,0.1753053367137909,0.13015271723270416,0.5138750672340393,0.06471720291301608
/content/dataset/val/dramatic/u_KcEW940QJA4.jpg,dramatic,val,0.41682395339012146,0.44962137937545776,0.6169875264167786,0.6300430297851562,0.35976049490273
/content/dataset/val/dramatic/p_1148202.jpg,dramatic,val,0.44825291633605957,0.626420259475708,0.3493708372116089,0.5279906988143921,0.39838265627622604
/content/dataset/val/dramatic/u_F4Al3OurlJA.jpg,dramatic,val,0.33365896344184875,0.543534517288208,0.3697144389152527,0.4712161421775818,0.25862017180770636
/content/dataset/val/dramatic/u_RrILz53Ppe0.jpg,dramatic,val,0.517798900604248,0.5563421845436096,0.29273122549057007,0.47714197635650635,0.42066989466547966
/content/dataset/val/dramatic/p_35232624.jpg,dramatic,val,0.14355750381946564,0.29499194025993347,0.573569118976593,0.5124611258506775,0.08820951916277409
/content/dataset/val/dramatic/u_-2uwItf15Bg.jpg,dramatic,val,0.27014967799186707,0.3756806552410126,0.04901020973920822,0.5056275129318237,0.1880729105323553
/content/dataset/val/dramatic/u_Yur7X5VBwmw.jpg,dramatic,val,0.27583086490631104,0.3782818615436554,0.4339123070240021,0.5041450262069702,0.2104546083137393
/content/dataset/val/dramatic/p_31224319.jpg,dramatic,val,0.3210625946521759,0.40085506439208984,0.6003696322441101,0.46578481793403625,0.2283202763646841
/content/dataset/val/dramatic/u_dLfkjWyRzB0.jpg,dramatic,val,0.3849447965621948,0.6648106575012207,0.24336466193199158,0.5728927850723267,0.09391710627824068
/content/dataset/val/dramatic/5eG6uLqDZdI.jpg,dramatic,val,0.1316976100206375,0.44517913460731506,0.289602130651474,0.522237241268158,0.24936572648584843
/content/dataset/val/dramatic/p_23384962.jpg,dramatic,val,0.367694616317749,0.5490333437919617,0.3513774871826172,0.6080021858215332,0.13152230065315962
/content/dataset/val/dramatic/u_tmNGnfUC3Mc.jpg,dramatic,val,0.23937325179576874,0.41477301716804504,0.30080321431159973,0.48554086685180664,0.3400129359215498
/content/dataset/val/dramatic/u_cVEWnldpgKg.jpg,dramatic,val,0.3457736074924469,0.3608230650424957,0.3348510265350342,0.4466184377670288,0.3028202522546053
/content/dataset/val/dramatic/p_4411878.jpg,dramatic,val,0.2528758645057678,0.380630224943161,0.24302929639816284,0.5342200398445129,0.16734360717236996
/content/dataset/val/dramatic/p_28348605.jpg,dramatic,val,0.1357906460762024,0.34959372878074646,0.5004730820655823,0.5413060188293457,0.16210966743528843
/content/dataset/val/dramatic/u_8XBydlhWoJE.jpg,dramatic,val,0.39302846789360046,0.34838801622390747,0.8249940872192383,0.25273293256759644,0.15353098511695862
/content/dataset/val/dramatic/u_77mx-jc-gb4.jpg,dramatic,val,0.47173142433166504,0.7087685465812683,0.4484180808067322,0.5931065678596497,0.24546395055949688
/content/dataset/val/dramatic/p_27602109.jpg,dramatic,val,0.45063289999961853,0.6169336438179016,0.0,0.5,0.13044994324445724
/content/dataset/val/dramatic/p_18820002.jpg,dramatic,val,0.41329967975616455,0.38944387435913086,0.18284089863300323,0.4988504648208618,0.22388209588825703
/content/dataset/val/dramatic/p_30109569.jpg,dramatic,val,0.2483513355255127,0.43248647451400757,0.0,0.5,0.23024732246994972
/content/dataset/val/dramatic/t5MFZgn98X0.jpg,dramatic,val,0.14059579372406006,0.22461985051631927,0.973280668258667,0.3922978937625885,0.13696420937776566
/content/dataset/val/dramatic/u_6l8bX7HibGQ.jpg,dramatic,val,0.4975173771381378,0.4379274547100067,0.32377177476882935,0.47137564420700073,0.1530734496191144
/content/dataset/val/dramatic/u_fus8TyxXabA.jpg,dramatic,val,0.3903953731060028,0.7360584139823914,0.0,0.5,0.5268705077469349
/content/dataset/val/dramatic/u_B6G9C0kxVVc.jpg,dramatic,val,0.047162044793367386,0.1434727907180786,4.591079232341144e-06,0.4999997615814209,0.044100258965045214
/content/dataset/val/dramatic/p_31136601.jpg,dramatic,val,0.29673802852630615,0.1867748498916626,0.0,0.5,0.0956102111376822
/content/dataset/val/dramatic/u_yCDTlmEBFg8.jpg,dramatic,val,0.46404990553855896,0.4929932951927185,0.4589889943599701,0.6231350302696228,0.13998990412801504
/content/dataset/val/dramatic/p_19648422.jpg,dramatic,val,0.338288277387619,0.6547428369522095,0.5307756662368774,0.5536021590232849,0.15010996256023645
/content/dataset/val/dramatic/u_JTj_ein28zo.jpg,dramatic,val,0.14484143257141113,0.14906767010688782,0.003396076150238514,0.5000534653663635,0.14121904503554106
/content/dataset/val/dramatic/p_13411794.jpg,dramatic,val,0.3683311641216278,0.4285729229450226,0.4060596823692322,0.44975024461746216,0.3708495758473873
/content/dataset/val/dramatic/p_33924730.jpg,dramatic,val,0.20811252295970917,0.353748083114624,0.43313026428222656,0.5268271565437317,0.11356170754879713
/content/dataset/val/dramatic/ZcVQgecl5ZA.jpg,dramatic,val,0.41235044598579407,0.649250328540802,0.21258969604969025,0.5079233646392822,0.15211131889373064
/content/dataset/val/dramatic/p_8719171.jpg,dramatic,val,0.13070416450500488,0.26371490955352783,0.0,0.5,0.07623789133504033
/content/dataset/val/dramatic/p_5224561.jpg,dramatic,val,0.12726232409477234,0.37388330698013306,0.6148797273635864,0.5117859840393066,0.16294644679874182
/content/dataset/val/dramatic/u_kcyO6qBq0S0.jpg,dramatic,val,0.7448346614837646,0.8467056155204773,0.043695054948329926,0.5046886205673218,0.11661352124065161
/content/dataset/val/dramatic/u_TJVDji1_In4.jpg,dramatic,val,0.18220432102680206,0.4121520519256592,2.6627785700839013e-06,0.5000005960464478,0.14444846659898758
/content/dataset/val/dramatic/u_zbpHHRT3zY0.jpg,dramatic,val,0.4005461633205414,0.6883584260940552,0.0,0.5,0.30159348621964455
/content/dataset/val/dramatic/u_gfWplyn9otI.jpg,dramatic,val,0.46479305624961853,0.420437753200531,0.2759483754634857,0.5486335754394531,0.21731417626142502
/content/dataset/val/dramatic/u_JB30nvwAxUw.jpg,dramatic,val,0.641207218170166,0.41874146461486816,0.29295963048934937,0.41968774795532227,0.1391990901902318
/content/dataset/val/dramatic/p_12998846.jpg,dramatic,val,0.24940194189548492,0.39947018027305603,0.43539729714393616,0.5477778911590576,0.33829789608716965
/content/dataset/val/dramatic/p_8121309.jpg,dramatic,val,0.1301138699054718,0.3584282100200653,0.0,0.5,0.31088825315237045
/content/dataset/val/dramatic/p_30552605.jpg,dramatic,val,0.08567802608013153,0.3953675627708435,0.0,0.5,0.14773753471672535
/content/dataset/val/dramatic/u_zgwjaFbgOXk.jpg,dramatic,val,0.5598475933074951,0.31811583042144775,0.1661602258682251,0.45120614767074585,0.31889929436147213
/content/dataset/val/dramatic/p_1000735.jpg,dramatic,val,0.42570585012435913,0.4604061245918274,0.29797545075416565,0.4583190679550171,0.37531057372689247
/content/dataset/val/dramatic/p_3990562.jpg,dramatic,val,0.2295290231704712,0.45194071531295776,0.5449270606040955,0.5534846186637878,0.4017338342964649
/content/dataset/val/dramatic/u_yGzHN5fGFkY.jpg,dramatic,val,0.5615352988243103,0.5594969987869263,0.0,0.5,0.10671577416360378
/content/dataset/val/dramatic/u_0JRvdbDY74s.jpg,dramatic,val,0.5576208233833313,0.364570677280426,0.2242620438337326,0.5655328035354614,0.08656811434775591
/content/dataset/val/dramatic/p_4028958.jpg,dramatic,val,0.27014708518981934,0.153516486287117,0.24905960261821747,0.4630981981754303,0.0850044609978795
/content/dataset/val/dramatic/u_WpNfKGZDZEw.jpg,dramatic,val,0.09572407603263855,0.47798651456832886,0.0,0.5,0.08122268365696073
/content/dataset/val/dramatic/u_Cfp-kebDHrA.jpg,dramatic,val,0.3511752784252167,0.333997517824173,0.45077434182167053,0.4215862452983856,0.2593205776065588
/content/dataset/val/dramatic/u_x5P9pBatO1Q.jpg,dramatic,val,0.22522686421871185,0.367027223110199,0.19820626080036163,0.48817315697669983,0.08851964958012104
/content/dataset/val/dramatic/p_27132413.jpg,dramatic,val,0.027952400967478752,0.12495919317007065,0.4829660952091217,0.5287973880767822,0.04266628995537758
/content/dataset/val/dramatic/u_glR3zhiHGrQ.jpg,dramatic,val,0.5594913363456726,0.5036922693252563,0.0,0.5,0.22566291503608227
/content/dataset/val/dramatic/u_aIlf-RLA83w.jpg,dramatic,val,0.3911297917366028,0.6172106266021729,0.0,0.5,0.11006330605596304
/content/dataset/val/dramatic/u_kPlR2Og7aKw.jpg,dramatic,val,0.2154674381017685,0.32505694031715393,0.06258495151996613,0.501240611076355,0.11644466314464808
/content/dataset/val/dramatic/u_XGB5VH0k4uw.jpg,dramatic,val,0.23857440054416656,0.38113507628440857,0.18394318222999573,0.4978945553302765,0.20257841795682907
/content/dataset/val/dramatic/p_20747831.jpg,dramatic,val,0.26586949825286865,0.4331457316875458,0.956483006477356,0.7026709318161011,0.0843299156986177
/content/dataset/val/dramatic/u_-YWRmt5wdpY.jpg,dramatic,val,0.11295612156391144,0.27183622121810913,0.0,0.5,0.1008324883878231
/content/dataset/val/dramatic/p_5259141.jpg,dramatic,val,0.22685658931732178,0.43493109941482544,0.22859276831150055,0.4832863211631775,0.17664078623056412
/content/dataset/val/dramatic/u_12TJLRzSUHc.jpg,dramatic,val,0.23925437033176422,0.2432139366865158,0.0,0.5,0.13540804386138916
/content/dataset/val/dramatic/u_Bo7i2_gS8_k.jpg,dramatic,val,0.4480842649936676,0.5741572976112366,0.2636270523071289,0.4755817949771881,0.17480548471212387
/content/dataset/val/dramatic/p_32930797.jpg,dramatic,val,0.32744723558425903,0.4062998592853546,0.41703641414642334,0.5362206697463989,0.06448837229982018
/content/dataset/val/dramatic/u_20CJCyPq4lE.jpg,dramatic,val,0.3011787533760071,0.38079479336738586,0.29493990540504456,0.5534901022911072,0.1598092494532466
/content/dataset/val/dramatic/p_28185521.jpg,dramatic,val,0.5888524055480957,0.31123045086860657,0.22585095465183258,0.5339135527610779,0.330127589404583
/content/dataset/val/dramatic/p_17111875.jpg,dramatic,val,0.41327887773513794,0.47589579224586487,0.33566129207611084,0.48031145334243774,0.2148253098130226
/content/dataset/val/dramatic/Jp7w0Bn9Cz0.jpg,dramatic,val,0.13671904802322388,0.20487196743488312,0.2850021719932556,0.5387460589408875,0.19164382480084896
/content/dataset/val/dramatic/u_t4cbHkeyXz4.jpg,dramatic,val,0.39663392305374146,0.4785602390766144,0.09903126209974289,0.4922299385070801,0.1391730923205614
/content/dataset/val/dramatic/p_27001704.jpg,dramatic,val,0.09752333164215088,0.34374865889549255,0.5770832896232605,0.5130263566970825,0.09862640406936407
/content/dataset/val/dramatic/p_11280282.jpg,dramatic,val,0.29775553941726685,0.3616267144680023,0.1697668731212616,0.5006631016731262,0.16233955044299364
/content/dataset/val/dramatic/u_JS9g7RNJ78w.jpg,dramatic,val,0.6555593013763428,0.16326627135276794,0.1674516201019287,0.44042253494262695,0.0473168829921633
/content/dataset/val/dramatic/u_nEKi2qV_F7Y.jpg,dramatic,val,0.47346606850624084,0.33920392394065857,0.37086424231529236,0.4922766387462616,0.10657698381692171
/content/dataset/val/dramatic/u_RS56YoMaotk.jpg,dramatic,val,0.12047714740037918,0.11399321258068085,0.28078117966651917,0.476576566696167,0.03322338918223977
/content/dataset/val/dramatic/u_lGH9ciIcK7I.jpg,dramatic,val,0.051873885095119476,0.2631341218948364,0.0,0.5,0.06354806711897254
/content/dataset/val/dramatic/p_20783377.jpg,dramatic,val,0.35046327114105225,0.41639330983161926,0.34685200452804565,0.45034095644950867,0.05924553144723177
/content/dataset/val/dramatic/p_30552614.jpg,dramatic,val,0.06916212290525436,0.34291502833366394,0.0,0.5,0.12837461195886135
/content/dataset/val/dramatic/u_Ll87t3vXC9c.jpg,dramatic,val,0.3997591435909271,0.49125945568084717,0.0,0.5,0.3453648928552866
/content/dataset/val/dramatic/o0BuLmM6lvg.jpg,dramatic,val,0.32606399059295654,0.49980244040489197,0.5394073128700256,0.5028992295265198,0.5881956405937672
/content/dataset/val/dramatic/p_17135789.jpg,dramatic,val,0.43785208463668823,0.2900441884994507,0.28449583053588867,0.578331470489502,0.08876831270754337
/content/dataset/val/dramatic/p_2087994.jpg,dramatic,val,0.39340946078300476,0.3639119267463684,0.3061161935329437,0.4468746781349182,0.24678073823451996
/content/dataset/val/dramatic/u_PuO1imzntaE.jpg,dramatic,val,0.5229887366294861,0.4520948827266693,0.0,0.5,0.30324523337185383
/content/dataset/val/dramatic/p_551615.jpg,dramatic,val,0.36834752559661865,0.326726496219635,0.291788786649704,0.5329156517982483,0.3352053090929985
/content/dataset/val/dramatic/p_14593059.jpg,dramatic,val,0.2793251872062683,0.40383514761924744,0.0,0.5,0.23118587210774422
/content/dataset/val/dramatic/u__sODz-ftkmI.jpg,dramatic,val,0.7399510741233826,0.774839460849762,0.015570740215480328,0.500438392162323,0.06728507811203599
/content/dataset/val/dramatic/f3tWX0XNuhU.jpg,dramatic,val,0.7456673383712769,0.5256736278533936,0.08575763553380966,0.5215340256690979,0.35843685269355774
/content/dataset/val/dramatic/p_28464960.jpg,dramatic,val,0.6646435260772705,0.5892049074172974,0.0,0.5,0.1882454240694642
/content/dataset/val/dramatic/u_W88ReBKiYhE.jpg,dramatic,val,0.4624536335468292,0.4744471609592438,0.0,0.5,0.12245598481968045
/content/dataset/val/dramatic/u_Ws06aGvzlek.jpg,dramatic,val,0.5176398754119873,0.49807918071746826,0.4764021933078766,0.5886945724487305,0.03440233296714723
/content/dataset/val/dramatic/u_91vox7PYTTA.jpg,dramatic,val,0.29273632168769836,0.6816394925117493,0.0,0.5,0.22916940972208977
/content/dataset/val/dramatic/u_pfdhCgrQj8Q.jpg,dramatic,val,0.6077930927276611,0.4286118149757385,0.4232654273509979,0.44454121589660645,0.14030054677277803
/content/dataset/val/dramatic/B2P4jhrxaRA.jpg,dramatic,val,0.42086103558540344,0.3505617380142212,0.3022855818271637,0.5717372894287109,0.13354910537600517
/content/dataset/val/dramatic/u_9dmHXDZMLk8.jpg,dramatic,val,0.488199383020401,0.391261488199234,0.3213682472705841,0.5714060068130493,0.1666401419788599
/content/dataset/val/dramatic/p_14709393.jpg,dramatic,val,0.4604145288467407,0.3836289048194885,0.4761827290058136,0.6734486222267151,0.20152714103460312
/content/dataset/val/dramatic/p_27665348.jpg,dramatic,val,0.23641587793827057,0.33831867575645447,0.0,0.5,0.160487019456923
/content/dataset/val/dramatic/u_ZaaiKW77CrI.jpg,dramatic,val,0.33482638001441956,0.4099075496196747,0.21847350895404816,0.46712610125541687,0.0990607007406652
/content/dataset/val/dramatic/u_AWvW_778-94.jpg,dramatic,val,0.3180127441883087,0.2566281855106354,0.0,0.5,0.32197420485317707
/content/dataset/val/dramatic/u_9NylNWT3SyU.jpg,dramatic,val,0.29447513818740845,0.46325188875198364,0.6013290286064148,0.6433146595954895,0.10812766617164016
/content/dataset/val/dramatic/p_37314537.jpg,dramatic,val,0.10940778255462646,0.19583110511302948,0.6846299171447754,0.5803877115249634,0.11283509433269501
/content/dataset/val/dramatic/u_96NUzM6MYLI.jpg,dramatic,val,0.3634639382362366,0.8009809851646423,0.22613048553466797,0.5605877041816711,0.10535807814449072
/content/dataset/val/dramatic/p_12695346.jpg,dramatic,val,0.05271178483963013,0.37546485662460327,0.10848217457532883,0.503102719783783,0.10823855642229319
/content/dataset/val/dramatic/p_17209382.jpg,dramatic,val,0.3278396427631378,0.5109126567840576,0.00011517836537677795,0.5000043511390686,0.49322672188282013
/content/dataset/val/dramatic/u_7cj3qJh7w24.jpg,dramatic,val,0.7656572461128235,0.11357228457927704,0.0282441396266222,0.4929676949977875,0.10074642486870289
/content/dataset/val/dramatic/u_zHg7Cu9hYmc.jpg,dramatic,val,0.11200841516256332,0.12090621143579483,0.26335152983665466,0.49305930733680725,0.08502552984282374
/content/dataset/val/dramatic/p_16132562.jpg,dramatic,val,0.14661969244480133,0.3543488383293152,0.4061230719089508,0.5491005778312683,0.21397357806563377
/content/dataset/val/dramatic/u_Od7gQ69TdT8.jpg,dramatic,val,0.17383329570293427,0.538743257522583,0.7776013612747192,0.5545850992202759,0.07237757090479136
/content/dataset/val/dramatic/p_36734869.jpg,dramatic,val,0.3467848002910614,0.4635842740535736,0.0,0.5,0.5447853356599808
/content/dataset/val/dramatic/u_mDTSs5zpzJA.jpg,dramatic,val,0.1663939207792282,0.5071707963943481,0.4295656681060791,0.5124610066413879,0.20248612388968468
/content/dataset/val/golden_hour/u_kqZtyGc9jIU.jpg,golden_hour,val,0.41075220704078674,0.6409837603569031,0.5813608765602112,0.5459630489349365,0.27487934567034245
/content/dataset/val/golden_hour/p_8664940.jpg,golden_hour,val,0.23426131904125214,0.2843457758426666,0.39705750346183777,0.5303850173950195,0.13224133756011724
/content/dataset/val/golden_hour/p_34076516.jpg,golden_hour,val,0.2970215380191803,0.38764485716819763,0.6457996368408203,0.6277304291725159,0.36067817360162735
/content/dataset/val/golden_hour/p_36959822.jpg,golden_hour,val,0.44841843843460083,0.6034219861030579,0.7255237102508545,0.7184164524078369,0.17204007133841515
/content/dataset/val/golden_hour/u_bUtyhyFLDNo.jpg,golden_hour,val,0.5022468566894531,0.4466208219528198,0.7453931570053101,0.6071430444717407,0.5405664257705212
/content/dataset/val/golden_hour/u_6TsBXe2gxg4.jpg,golden_hour,val,0.5606611967086792,0.42147883772850037,0.34259337186813354,0.615085244178772,0.12492895359173417
/content/dataset/val/golden_hour/p_28906513.jpg,golden_hour,val,0.15163381397724152,0.2019442915916443,0.5311809778213501,0.5666337609291077,0.05438492866232991
/content/dataset/val/golden_hour/u_R74eKrbV1Ug.jpg,golden_hour,val,0.5854514241218567,0.3979095220565796,0.49699273705482483,0.6718056201934814,0.31156917102634907
/content/dataset/val/golden_hour/p_9976730.jpg,golden_hour,val,0.41901397705078125,0.6341575980186462,0.4849427342414856,0.6797513961791992,0.10331044206395745
/content/dataset/val/golden_hour/p_6534449.jpg,golden_hour,val,0.5718882083892822,0.554868757724762,0.48651671409606934,0.6666737198829651,0.11008265893906355
/content/dataset/val/golden_hour/t-XN9OB0vCI.jpg,golden_hour,val,0.37495309114456177,0.4163818061351776,0.3514614403247833,0.5717876553535461,0.1996944984421134
/content/dataset/val/golden_hour/p_28755261.jpg,golden_hour,val,0.15471181273460388,0.27019259333610535,0.49569249153137207,0.45940259099006653,0.036721305223181844
/content/dataset/val/golden_hour/u_VWwMMS1JRww.jpg,golden_hour,val,0.2549130320549011,0.4157748818397522,0.6059638857841492,0.49084094166755676,0.08497430011630058
/content/dataset/val/golden_hour/u_dR9oQQjxvQ8.jpg,golden_hour,val,0.3220849931240082,0.47794508934020996,0.29120126366615295,0.5420432686805725,0.49475083127617836
/content/dataset/val/golden_hour/u_QaBPguxRJBw.jpg,golden_hour,val,0.2543398141860962,0.6079787611961365,0.7739883065223694,0.5855830311775208,0.24139081127941608
/content/dataset/val/golden_hour/p_9404937.jpg,golden_hour,val,0.41109636425971985,0.47745072841644287,0.5952708721160889,0.7167807817459106,0.11991624254733324
/content/dataset/val/golden_hour/p_14920325.jpg,golden_hour,val,0.24509111046791077,0.32167285680770874,0.46670180559158325,0.598832368850708,0.060468101873993874
/content/dataset/val/golden_hour/p_12181369.jpg,golden_hour,val,0.6287782788276672,0.4036161005496979,0.43598735332489014,0.641616940498352,0.37561850622296333
/content/dataset/val/golden_hour/p_33908701.jpg,golden_hour,val,0.7167322039604187,0.4570498764514923,0.19206634163856506,0.47455596923828125,0.444701686501503
/content/dataset/val/golden_hour/p_29654268.jpg,golden_hour,val,0.44928500056266785,0.39402472972869873,0.5895470380783081,0.6801095008850098,0.18632760271430016
/content/dataset/val/golden_hour/u_Dcg3c7Nfwrk.jpg,golden_hour,val,0.35905689001083374,0.4313690960407257,0.2458803802728653,0.5125270485877991,0.12318538036197424
/content/dataset/val/golden_hour/u_PohMUSNkdPU.jpg,golden_hour,val,0.265044629573822,0.27463674545288086,0.46642422676086426,0.5830087065696716,0.2272758912295103
/content/dataset/val/golden_hour/u_uyRQPeVUu_w.jpg,golden_hour,val,0.22968445718288422,0.45506009459495544,0.3208339512348175,0.5624406933784485,0.04697440192103386
/content/dataset/val/golden_hour/p_15851871.jpg,golden_hour,val,0.34531787037849426,0.43823179602622986,0.6605847477912903,0.6626046895980835,0.03693474689498544
/content/dataset/val/golden_hour/u_XMKSsGa1Gn4.jpg,golden_hour,val,0.1575765758752823,0.42330431938171387,0.5371307134628296,0.4930632710456848,0.5006136372685432
/content/dataset/val/golden_hour/p_8163040.jpg,golden_hour,val,0.3748543858528137,0.3660011291503906,0.2924010157585144,0.5548285841941833,0.0789489783346653
/content/dataset/val/golden_hour/p_28427881.jpg,golden_hour,val,0.2582556903362274,0.4759786128997803,0.3529678285121918,0.5725916624069214,0.10099616134539247
/content/dataset/val/golden_hour/p_12778140.jpg,golden_hour,val,0.4672885537147522,0.649133026599884,0.3886854648590088,0.5910360813140869,0.1556561468169093
/content/dataset/val/golden_hour/p_26570315.jpg,golden_hour,val,0.1409807801246643,0.29506367444992065,0.5251709222793579,0.5835234522819519,0.07185365655459464
/content/dataset/val/golden_hour/u_ODIXaW8Z3ew.jpg,golden_hour,val,0.26911357045173645,0.49332180619239807,0.743955671787262,0.7203376293182373,0.1540105789899826
/content/dataset/val/golden_hour/p_12399605.jpg,golden_hour,val,0.3817090690135956,0.7797319293022156,0.1450633406639099,0.5380159020423889,0.06936516147106886
/content/dataset/val/golden_hour/u_OtsXYug1qog.jpg,golden_hour,val,0.2470434606075287,0.5096629858016968,0.14951713383197784,0.5423694849014282,0.07305462611839175
/content/dataset/val/golden_hour/p_9709941.jpg,golden_hour,val,0.2449813336133957,0.4527635872364044,0.8553140759468079,0.691282331943512,0.06542147835716605
/content/dataset/val/golden_hour/u_xrZo7TLPJoo.jpg,golden_hour,val,0.32678914070129395,0.35099726915359497,0.9209139943122864,0.7999390959739685,0.07206619717180729
/content/dataset/val/golden_hour/u_lrz0OjQ1Nno.jpg,golden_hour,val,0.3447827398777008,0.5048286318778992,0.6173258423805237,0.4939953088760376,0.38271689787507057
/content/dataset/val/golden_hour/p_12154840.jpg,golden_hour,val,0.294173002243042,0.3825910985469818,0.856623649597168,0.7043134570121765,0.27669443748891354
/content/dataset/val/golden_hour/p_13633613.jpg,golden_hour,val,0.41445958614349365,0.490885853767395,0.7657523155212402,0.71951824426651,0.05885861115530133
/content/dataset/val/golden_hour/p_13700888.jpg,golden_hour,val,0.43576833605766296,0.7114172577857971,0.7236801981925964,0.6399520635604858,0.08449655259028077
/content/dataset/val/golden_hour/u_VvoCJWafZg4.jpg,golden_hour,val,0.4747483432292938,0.535092294216156,0.36251378059387207,0.5828368067741394,0.1739703444764018
/content/dataset/val/golden_hour/u_J6AlN2TH_S4.jpg,golden_hour,val,0.11416809260845184,0.24367959797382355,0.5804753303527832,0.5622878074645996,0.08006901945918798
/content/dataset/val/golden_hour/p_13312747.jpg,golden_hour,val,0.2200358659029007,0.3582726716995239,0.9833179116249084,0.719041109085083,0.11091397376731038
/content/dataset/val/golden_hour/p_12974339.jpg,golden_hour,val,0.407684862613678,0.493434339761734,0.5139064788818359,0.6599571704864502,0.19269529730081558
/content/dataset/val/golden_hour/u_VcN6Ojf-1Ss.jpg,golden_hour,val,0.28836914896965027,0.374661922454834,0.2241406887769699,0.5409231185913086,0.09630730375647545
/content/dataset/val/golden_hour/u_Ch6hLruleJE.jpg,golden_hour,val,0.43072614073753357,0.5168912410736084,0.6973868608474731,0.693930447101593,0.22910784929990768
/content/dataset/val/golden_hour/p_36759287.jpg,golden_hour,val,0.3874399662017822,0.6295413970947266,0.6926282048225403,0.7160770297050476,0.48333780840039253
/content/dataset/val/golden_hour/p_35376001.jpg,golden_hour,val,0.602409303188324,0.4448925256729126,0.526305079460144,0.7026822566986084,0.2974595921114087
/content/dataset/val/golden_hour/u_KM_vXYhC9iY.jpg,golden_hour,val,0.2012007236480713,0.3718372583389282,0.5599130392074585,0.5791690349578857,0.2614812320098281
/content/dataset/val/golden_hour/p_26775735.jpg,golden_hour,val,0.4611848294734955,0.34338051080703735,0.6721348762512207,0.7199773788452148,0.24619482923299074
/content/dataset/val/golden_hour/u_rGdvyrAeOHE.jpg,golden_hour,val,0.1144641637802124,0.15561845898628235,0.26345255970954895,0.4908633828163147,0.07336931535974145
/content/dataset/val/golden_hour/u_FzusiD4OdoY.jpg,golden_hour,val,0.3524916172027588,0.6485382914543152,0.2395910769701004,0.5050308704376221,0.23896479047834873
/content/dataset/val/golden_hour/u_AVkeaTyE8NU.jpg,golden_hour,val,0.3666623532772064,0.47917088866233826,0.471081405878067,0.5914502739906311,0.08171286899596453
/content/dataset/val/golden_hour/u_ekm8wgCIGX8.jpg,golden_hour,val,0.5713512897491455,0.21698066592216492,0.49187472462654114,0.6787422299385071,0.06976089673116803
/content/dataset/val/golden_hour/p_10670600.jpg,golden_hour,val,0.36734718084335327,0.6034560799598694,0.7624384760856628,0.6798743605613708,0.18359524197876453
/content/dataset/val/golden_hour/p_33886253.jpg,golden_hour,val,0.5128235220909119,0.3911084532737732,0.37549248337745667,0.6208533644676208,0.18402811139822006
/content/dataset/val/golden_hour/p_27789089.jpg,golden_hour,val,0.5075267553329468,0.5176236033439636,0.42056402564048767,0.5898072719573975,0.19463106989860535
/content/dataset/val/golden_hour/u_eLau_KKP-bE.jpg,golden_hour,val,0.4344346821308136,0.6260653734207153,0.16022361814975739,0.5014222264289856,0.1936096604913473
/content/dataset/val/golden_hour/p_9442783.jpg,golden_hour,val,0.43773412704467773,0.6086428165435791,0.3919202983379364,0.5924080014228821,0.1180551154538989
/content/dataset/val/golden_hour/u_Y_ozWLRqPOc.jpg,golden_hour,val,0.27505385875701904,0.474171906709671,0.472720742225647,0.5673638582229614,0.17890660092234612
/content/dataset/val/golden_hour/p_5276299.jpg,golden_hour,val,0.23636475205421448,0.39954888820648193,0.39317840337753296,0.5246772766113281,0.08849309058859944
/content/dataset/val/golden_hour/p_34151777.jpg,golden_hour,val,0.4626278877258301,0.570957601070404,0.5713439583778381,0.6375332474708557,0.28257460333406925
/content/dataset/val/golden_hour/p_16035528.jpg,golden_hour,val,0.3631173074245453,0.5488395690917969,0.7620958685874939,0.6693547368049622,0.2665433846414089
/content/dataset/val/golden_hour/p_10890520.jpg,golden_hour,val,0.3661477565765381,0.5244258642196655,0.3907317817211151,0.5971077680587769,0.09606942068785429
/content/dataset/val/golden_hour/u_yhFhcEBmShg.jpg,golden_hour,val,0.5105632543563843,0.3710481822490692,0.4395008385181427,0.5174493193626404,0.3169708792120218
/content/dataset/val/golden_hour/p_15349048.jpg,golden_hour,val,0.5151546001434326,0.5045390129089355,0.4385361969470978,0.604616105556488,0.0853822729550302
/content/dataset/val/golden_hour/u_ZW4Ti5xso9A.jpg,golden_hour,val,0.6558727622032166,0.334791362285614,0.20950770378112793,0.5655657052993774,0.08592741098254919
/content/dataset/val/golden_hour/p_19613914.jpg,golden_hour,val,0.2283470630645752,0.3923153281211853,0.4683728516101837,0.6068655252456665,0.1485610706731677
/content/dataset/val/golden_hour/u_y0SlcLXRbJA.jpg,golden_hour,val,0.35887041687965393,0.44286757707595825,0.630169153213501,0.6640101075172424,0.20667607430368662
/content/dataset/val/golden_hour/u_yTPKGDVR25o.jpg,golden_hour,val,0.399977445602417,0.5458856225013733,0.6930762529373169,0.618398129940033,0.20799112506210804
/content/dataset/val/golden_hour/p_13347666.jpg,golden_hour,val,0.39799246191978455,0.4038359820842743,0.2958882451057434,0.5752652883529663,0.14175400603562593
/content/dataset/val/golden_hour/p_35781540.jpg,golden_hour,val,0.4992057979106903,0.7029489874839783,0.5918325781822205,0.6559342741966248,0.23417443968355656
/content/dataset/val/golden_hour/p_36984237.jpg,golden_hour,val,0.5964787006378174,0.627666711807251,0.42179301381111145,0.5842908024787903,0.11107634752988815
/content/dataset/val/golden_hour/p_31363682.jpg,golden_hour,val,0.6441660523414612,0.5577022433280945,0.26107409596443176,0.56917804479599,0.15755685046315193
/content/dataset/val/golden_hour/GAGLnlFVkqY.jpg,golden_hour,val,0.20162901282310486,0.3936881422996521,0.8604896068572998,0.636879563331604,0.2684325259178877
/content/dataset/val/golden_hour/p_9666514.jpg,golden_hour,val,0.5037210583686829,0.6276841759681702,0.7723818421363831,0.7974368333816528,0.06406962755136192
/content/dataset/val/golden_hour/u_pgRM_z06iOQ.jpg,golden_hour,val,0.18128447234630585,0.26288461685180664,0.5215601921081543,0.48696011304855347,0.13952851295471191
/content/dataset/val/golden_hour/p_34249039.jpg,golden_hour,val,0.2360418438911438,0.2793533205986023,0.34680044651031494,0.544397234916687,0.08291005389764905
/content/dataset/val/golden_hour/p_7820351.jpg,golden_hour,val,0.42279675602912903,0.5901605486869812,0.8207634091377258,0.7858853340148926,0.19214819185435772
/content/dataset/val/golden_hour/p_34846132.jpg,golden_hour,val,0.39928171038627625,0.22010013461112976,0.806788980960846,0.7944856882095337,0.026563805295154452
/content/dataset/val/golden_hour/u_2itKf9kf4OA.jpg,golden_hour,val,0.1395324170589447,0.44236961007118225,0.6228687763214111,0.5745408535003662,0.5011481419205666
/content/dataset/val/golden_hour/p_13021274.jpg,golden_hour,val,0.3876188099384308,0.6373177170753479,0.5495858192443848,0.6383588910102844,0.1429776195436716
/content/dataset/val/golden_hour/p_8311177.jpg,golden_hour,val,0.3285991847515106,0.37415003776550293,0.6624140739440918,0.6372478008270264,0.12418827507644892
/content/dataset/val/golden_hour/p_36544449.jpg,golden_hour,val,0.44433265924453735,0.4135799705982208,0.7093909382820129,0.760686993598938,0.06792776519432664
/content/dataset/val/golden_hour/p_10466902.jpg,golden_hour,val,0.6498732566833496,0.5098034739494324,0.4134988486766815,0.6169483661651611,0.22172304801642895
/content/dataset/val/golden_hour/p_12473443.jpg,golden_hour,val,0.2169421911239624,0.32507556676864624,0.5036264061927795,0.5709431171417236,0.17878203187137842
/content/dataset/val/golden_hour/p_10356288.jpg,golden_hour,val,0.33744490146636963,0.7668598294258118,0.24872097373008728,0.5195592045783997,0.14068552758544683
/content/dataset/val/golden_hour/u_CYYb6IHdeW8.jpg,golden_hour,val,0.6230765581130981,0.7529296875,0.2095116525888443,0.5208616852760315,0.2459923829883337
/content/dataset/val/golden_hour/p_29055102.jpg,golden_hour,val,0.5935515761375427,0.4270036518573761,0.5768627524375916,0.7032392621040344,0.8936754241585732
/content/dataset/val/golden_hour/p_2389122.jpg,golden_hour,val,0.4507632255554199,0.5289745926856995,0.3878895938396454,0.5887349843978882,0.39295248687267303
/content/dataset/val/golden_hour/u_FZx-80zOftA.jpg,golden_hour,val,0.4269602596759796,0.3337816894054413,0.382718563079834,0.6065203547477722,0.19639417063444853
/content/dataset/val/golden_hour/p_9708032.jpg,golden_hour,val,0.31482163071632385,0.5482713580131531,0.7422372698783875,0.7235465049743652,0.29943009838461876
/content/dataset/val/golden_hour/u_khQoPXCgwUk.jpg,golden_hour,val,0.5275896787643433,0.5643483400344849,0.28180766105651855,0.5191457271575928,0.26032146997749805
/content/dataset/val/golden_hour/p_15420767.jpg,golden_hour,val,0.42347219586372375,0.5047656297683716,0.6482291221618652,0.6787257790565491,0.3599712997674942
/content/dataset/val/golden_hour/u_OY0kRNFdM50.jpg,golden_hour,val,0.44929182529449463,0.35197755694389343,0.34447747468948364,0.5571582317352295,0.211409293115139
/content/dataset/val/golden_hour/u_YV4ETbWQtu8.jpg,golden_hour,val,0.17117555439472198,0.4017544388771057,0.9773236513137817,0.6603595614433289,0.20599034149199724
/content/dataset/val/golden_hour/u_9F7BQYJAcR0.jpg,golden_hour,val,0.1350039392709732,0.4624899923801422,0.2791753113269806,0.5555643439292908,0.21118417382240295
/content/dataset/val/golden_hour/u_Hn0of5qKsNc.jpg,golden_hour,val,0.46694281697273254,0.3683568835258484,0.7191879749298096,0.750361442565918,0.0209435896249488
/content/dataset/val/golden_hour/p_12044007.jpg,golden_hour,val,0.33239489793777466,0.3525939881801605,0.5091257095336914,0.6270127892494202,0.07916003232821822
/content/dataset/val/golden_hour/u_plCj9DZfvI0.jpg,golden_hour,val,0.5272372364997864,0.26080960035324097,0.3143242299556732,0.5890392661094666,0.15277701430022717
/content/dataset/val/golden_hour/u_bHnjST1yU5Q.jpg,golden_hour,val,0.25291305780410767,0.5799028277397156,0.9389472007751465,0.696601152420044,0.07558663142845035
/content/dataset/val/golden_hour/u_4WG4tiXK3uU.jpg,golden_hour,val,0.40048766136169434,0.47831475734710693,0.26572832465171814,0.5345157384872437,0.10225637815892696
/content/dataset/val/golden_hour/u_OlMAWilgnvY.jpg,golden_hour,val,0.48268330097198486,0.6752296090126038,0.2694554924964905,0.5598130226135254,0.08180576376616955
/content/dataset/val/golden_hour/u_9dmHXDZMLk8.jpg,golden_hour,val,0.48819902539253235,0.3912612497806549,0.3213654160499573,0.5714056491851807,0.16663705930113792
/content/dataset/val/golden_hour/p_26863895.jpg,golden_hour,val,0.4999902546405792,0.5575714111328125,0.42616522312164307,0.5988894701004028,0.3392563294619322
/content/dataset/val/golden_hour/p_29422068.jpg,golden_hour,val,0.3816213309764862,0.7023490071296692,0.6242216229438782,0.6083284020423889,0.2523402776569128
/content/dataset/val/golden_hour/raVougTfjTk.jpg,golden_hour,val,0.4832102060317993,0.5423899292945862,0.3863617777824402,0.6142516732215881,0.21807962097227573
/content/dataset/val/golden_hour/p_13413221.jpg,golden_hour,val,0.23205110430717468,0.3445444107055664,0.7058927416801453,0.6841732263565063,0.06019704742357135
/content/dataset/val/golden_hour/u_f5idoAO4F6U.jpg,golden_hour,val,0.29754939675331116,0.5348812341690063,0.6134881973266602,0.6302806735038757,0.0759402452968061
/content/dataset/val/golden_hour/p_9287137.jpg,golden_hour,val,0.3014339208602905,0.4560497999191284,0.30708804726600647,0.5613071322441101,0.09049447486177087
/content/dataset/val/golden_hour/u_8vvnA18V9OE.jpg,golden_hour,val,0.2923309803009033,0.4057271182537079,0.6860213279724121,0.694418728351593,0.05849435459822416
/content/dataset/val/golden_hour/u_4JTXGqE4jP0.jpg,golden_hour,val,0.3749827444553375,0.4681711494922638,0.0,0.5,0.1566955167800188
/content/dataset/val/golden_hour/p_30162970.jpg,golden_hour,val,0.2116207331418991,0.4079330265522003,0.45655620098114014,0.5006622672080994,0.04796736175194383
/content/dataset/val/golden_hour/p_17203485.jpg,golden_hour,val,0.15355141460895538,0.2799292504787445,0.7940880656242371,0.6050071716308594,0.10126152075827122
/content/dataset/val/golden_hour/p_13023091.jpg,golden_hour,val,0.481283038854599,0.6100663542747498,0.3933914303779602,0.6140339970588684,0.14620777685195208
/content/dataset/val/golden_hour/u_uLwrhz07fAc.jpg,golden_hour,val,0.5478953123092651,0.4009785056114197,0.4178287088871002,0.5372060537338257,0.21955820731818676
/content/dataset/val/golden_hour/p_12942313.jpg,golden_hour,val,0.2337782382965088,0.4902983605861664,0.7646107077598572,0.6484767198562622,0.20411392208188772
/content/dataset/val/golden_hour/u_9qvQvopkYRU.jpg,golden_hour,val,0.46552735567092896,0.5844312906265259,0.4634370505809784,0.6076077818870544,0.23503068834543228
/content/dataset/val/golden_hour/u_TPxQidJwApg.jpg,golden_hour,val,0.5419114828109741,0.34020373225212097,0.6399363875389099,0.7296162247657776,0.2401290787383914
/content/dataset/val/golden_hour/u_Q3mCcOZfYRI.jpg,golden_hour,val,0.42116010189056396,0.5093487501144409,0.26892173290252686,0.49041855335235596,0.396718792617321
/content/dataset/val/minimalist/p_33202137.jpg,minimalist,val,0.6878256797790527,0.4452657997608185,0.09477382898330688,0.5080468654632568,0.13905146159231663
/content/dataset/val/minimalist/p_33480797.jpg,minimalist,val,0.5955148935317993,0.40263932943344116,0.09184833616018295,0.5148154497146606,0.2946278406307101
/content/dataset/val/minimalist/u_iFfuC2ERMnM.jpg,minimalist,val,0.5387758612632751,0.5660842657089233,0.5513277053833008,0.6452638506889343,0.07124651921913028
/content/dataset/val/minimalist/p_7873273.jpg,minimalist,val,0.6885413527488708,0.26318493485450745,0.026784269139170647,0.5001319050788879,0.05488755996339023
/content/dataset/val/minimalist/p_4253272.jpg,minimalist,val,0.5482972860336304,0.2529776692390442,0.6459522843360901,0.4621920883655548,0.030992283718660474
/content/dataset/val/minimalist/p_19980206.jpg,minimalist,val,0.6157799363136292,0.4774573743343353,0.0522252582013607,0.5085250735282898,0.2505768369883299
/content/dataset/val/minimalist/u_qbz-0MWVQHA.jpg,minimalist,val,0.5023830533027649,0.3989132046699524,0.3787652552127838,0.3946762979030609,0.09743183851242065
/content/dataset/val/minimalist/u_8HaKRwazMrQ.jpg,minimalist,val,0.029978681355714798,0.13174965977668762,0.028960447758436203,0.5003178715705872,0.109532973729074
/content/dataset/val/minimalist/p_33881251.jpg,minimalist,val,0.5348564982414246,0.3841007947921753,0.24171003699302673,0.4613704979419708,1.0
/content/dataset/val/minimalist/u_cAfAKfYvMPM.jpg,minimalist,val,0.3991803526878357,0.349931001663208,0.0,0.5,0.23718103766441345
/content/dataset/val/minimalist/p_18925028.jpg,minimalist,val,0.7399501204490662,0.1967891901731491,0.043106064200401306,0.5159623026847839,0.037313669454306364
/content/dataset/val/minimalist/p_6434779.jpg,minimalist,val,0.2839171588420868,0.6977545022964478,0.0,0.5,0.1149801816791296
/content/dataset/val/minimalist/u_qgAXZUL7nhA.jpg,minimalist,val,0.2377764880657196,0.33717992901802063,0.4251464903354645,0.4331662058830261,0.06547427270561457
/content/dataset/val/minimalist/u_AAXtnmmfvNA.jpg,minimalist,val,0.2399681806564331,0.4973880648612976,0.0,0.5,0.19917474128305912
/content/dataset/val/minimalist/u_OsI77aMbcJ4.jpg,minimalist,val,0.7074642777442932,0.6886087656021118,0.0,0.5,0.31492860056459904
/content/dataset/val/minimalist/u_IAK0ZiDuIf0.jpg,minimalist,val,0.5854101777076721,0.6098414659500122,0.0,0.5,0.1278533274307847
/content/dataset/val/minimalist/u_0D2E0-fnrQM.jpg,minimalist,val,0.41348937153816223,0.45407477021217346,0.42983484268188477,0.4153492748737335,0.05922727053985
/content/dataset/val/minimalist/p_5281089.jpg,minimalist,val,0.5147628784179688,0.31208235025405884,0.7393711805343628,0.31322747468948364,0.06469067418947816
/content/dataset/val/minimalist/u_AuBur1jnDM4.jpg,minimalist,val,0.8163794875144958,0.0716330036520958,0.10831569880247116,0.45839226245880127,0.026539157261140645
/content/dataset/val/minimalist/p_37173282.jpg,minimalist,val,0.7323068380355835,0.20081093907356262,0.014050551690161228,0.5008893013000488,0.07673919200897217
/content/dataset/val/minimalist/p_24375006.jpg,minimalist,val,0.2320481389760971,0.4558793008327484,0.0,0.5,0.3098786622285843
/content/dataset/val/minimalist/p_11071337.jpg,minimalist,val,0.3215111792087555,0.15405669808387756,0.20264630019664764,0.5324565172195435,0.10717296972870827
/content/dataset/val/minimalist/p_31033518.jpg,minimalist,val,0.4895305633544922,0.3510729670524597,0.2344512790441513,0.4428586959838867,0.04768944112583995
/content/dataset/val/minimalist/tPqwkO-NEQE.jpg,minimalist,val,0.4111286997795105,0.6208550930023193,0.0,0.5,0.10208780644461513
/content/dataset/val/minimalist/p_9859862.jpg,minimalist,val,0.5411505699157715,0.7390763163566589,0.23854434490203857,0.4792892634868622,0.20013703033328056
/content/dataset/val/minimalist/u_WqvU3IDs60A.jpg,minimalist,val,0.21716856956481934,0.37257933616638184,0.05574363097548485,0.510869562625885,0.2522070612758398
/content/dataset/val/minimalist/u_QVkBig25f9A.jpg,minimalist,val,0.24095852673053741,0.5287656784057617,0.0,0.5,0.6541106849908829
/content/dataset/val/minimalist/u_9uKHa6l_MAo.jpg,minimalist,val,0.5927512645721436,0.32135874032974243,0.200193852186203,0.5355846285820007,0.1238584378734231
/content/dataset/val/minimalist/u_ggwBW-dFdU8.jpg,minimalist,val,0.288965106010437,0.635933518409729,0.0,0.5,0.1944933831691742
/content/dataset/val/minimalist/p_5517164.jpg,minimalist,val,0.4906642436981201,0.8340951800346375,0.07136464864015579,0.4961671829223633,1.0
/content/dataset/val/minimalist/p_2438213.jpg,minimalist,val,0.8463777899742126,0.2480563521385193,4.76263630844187e-05,0.4999937117099762,0.12266673380509019
/content/dataset/val/minimalist/p_7078393.jpg,minimalist,val,0.7878994941711426,0.2048228234052658,0.03302675858139992,0.4886534810066223,0.07140787784010172
/content/dataset/val/minimalist/u_YTwKCl1n8BQ.jpg,minimalist,val,0.7420265078544617,0.413248211145401,0.26004737615585327,0.4234691262245178,0.07350561441853642
/content/dataset/val/minimalist/u_T5H3Gah_soA.jpg,minimalist,val,0.3866537809371948,0.4229068458080292,0.17212748527526855,0.521940290927887,0.15500951558351517
/content/dataset/val/minimalist/u_zbA3WPWhn40.jpg,minimalist,val,0.5008671283721924,0.5075523257255554,0.0,0.5,0.2179201878607273
/content/dataset/val/minimalist/u_7m-aAY8fLrE.jpg,minimalist,val,0.7363269329071045,0.2689394950866699,0.05539502575993538,0.49973925948143005,0.11354289017617702
/content/dataset/val/minimalist/p_28593632.jpg,minimalist,val,0.44294607639312744,0.29883983731269836,0.0,0.5,0.17409182153642178
/content/dataset/val/minimalist/p_13690938.jpg,minimalist,val,0.4462745487689972,0.2902367115020752,0.7535703182220459,0.7914901971817017,0.7185006979852915
/content/dataset/val/minimalist/u__PFOozihdGo.jpg,minimalist,val,0.31419044733047485,0.6027085781097412,0.0,0.5,0.07083074422553182
/content/dataset/val/minimalist/u_GR7nAlL_cKI.jpg,minimalist,val,0.540733814239502,0.6278150081634521,0.11355657875537872,0.5117043256759644,0.09687088429927826
/content/dataset/val/minimalist/p_31098751.jpg,minimalist,val,0.5625882148742676,0.2596798241138458,0.7199134826660156,0.6451250314712524,0.023075747303664684
/content/dataset/val/minimalist/p_20549170.jpg,minimalist,val,0.35176020860671997,0.5333518385887146,0.44540902972221375,0.4235334098339081,0.16018340829759836
/content/dataset/val/minimalist/p_7561276.jpg,minimalist,val,0.8337674736976624,0.38532236218452454,0.030368009582161903,0.4997853934764862,0.2078870590776205
/content/dataset/val/minimalist/u_cyTEPTwwbxE.jpg,minimalist,val,0.6150898337364197,0.314693421125412,0.1531444936990738,0.5312254428863525,0.1294074347242713
/content/dataset/val/minimalist/p_20656320.jpg,minimalist,val,0.20574691891670227,0.6404203176498413,0.0,0.5,0.1758747175335884
/content/dataset/val/minimalist/p_7987119.jpg,minimalist,val,0.7316794991493225,0.42318475246429443,0.0,0.5,0.11840975843369961
/content/dataset/val/minimalist/u_qr4zVoMrSo8.jpg,minimalist,val,0.46439364552497864,0.35205894708633423,0.07469568401575089,0.5065577030181885,0.31185283325612545
/content/dataset/val/minimalist/u_GqlosWVi5zo.jpg,minimalist,val,0.44936519861221313,0.4245801270008087,0.2634891867637634,0.5430338382720947,0.40789865888655186
/content/dataset/val/minimalist/u_cU2lda3kbls.jpg,minimalist,val,0.8114131093025208,0.374422550201416,0.06943157315254211,0.5236102938652039,0.15979288145899773
/content/dataset/val/minimalist/u_8YZYuukL_vA.jpg,minimalist,val,0.6964460015296936,0.39991268515586853,0.003129752818495035,0.5001951456069946,0.07064867531880736
/content/dataset/val/minimalist/u_gT3nrGeP6kc.jpg,minimalist,val,0.5105735063552856,0.2617298662662506,0.39472851157188416,0.6191542744636536,0.09936460759490728
/content/dataset/val/minimalist/p_19574360.jpg,minimalist,val,0.4512430429458618,0.480893075466156,0.7658264636993408,0.2958211302757263,0.12847990728914738
/content/dataset/val/minimalist/u_7C5N8yLaeDI.jpg,minimalist,val,0.6859967112541199,0.11586343497037888,0.0706235021352768,0.4838912785053253,0.0591171788983047
/content/dataset/val/minimalist/u_LsYyY94dMeE.jpg,minimalist,val,0.09718473255634308,0.17465068399906158,0.4298911690711975,0.5204784274101257,0.10344845708459616
/content/dataset/val/minimalist/p_27952723.jpg,minimalist,val,0.5849120616912842,0.29909467697143555,0.34386229515075684,0.42349591851234436,0.05490630865097046
/content/dataset/val/minimalist/XnM_Ovt6ysY.jpg,minimalist,val,0.20322082936763763,0.39074069261550903,0.5553928017616272,0.5458303093910217,0.12437911238521338
/content/dataset/val/minimalist/u_y_mN38CKFKM.jpg,minimalist,val,0.5199496746063232,0.30228087306022644,0.0,0.5,0.0939929811283946
/content/dataset/val/minimalist/u_bCj5EsMWjdk.jpg,minimalist,val,0.4904935359954834,0.5724236369132996,0.2604703903198242,0.5664823651313782,0.06573074497282505
/content/dataset/val/minimalist/u_1gKf9OXsUWs.jpg,minimalist,val,0.357257604598999,0.3449171483516693,0.22925058007240295,0.5635022521018982,0.07511664181947708
/content/dataset/val/minimalist/p_29558400.jpg,minimalist,val,0.6226441264152527,0.45919090509414673,0.0,0.5,0.11394232511520386
/content/dataset/val/minimalist/u_6k2OrzVDUwY.jpg,minimalist,val,0.7245633602142334,0.22133766114711761,0.41374462842941284,0.4486696422100067,0.21073811687529087
/content/dataset/val/minimalist/p_16904144.jpg,minimalist,val,0.29617878794670105,0.39055848121643066,0.0,0.5,0.03709992626681924
/content/dataset/val/minimalist/u_GlE8uTFaK4Y.jpg,minimalist,val,0.27087631821632385,0.116633839905262,0.0,0.5,0.043907646322622895
/content/dataset/val/minimalist/u_QJL6omawATI.jpg,minimalist,val,0.48962342739105225,0.5927838683128357,0.34011366963386536,0.4275585412979126,0.18770898692309856
/content/dataset/val/minimalist/p_10795554.jpg,minimalist,val,0.7352673411369324,0.2171655148267746,0.0,0.5,0.06346956128254533
/content/dataset/val/minimalist/p_7193709.jpg,minimalist,val,0.837035059928894,0.2591315507888794,0.03907788172364235,0.5066291689872742,0.15987158752977848
/content/dataset/val/minimalist/p_18843477.jpg,minimalist,val,0.8576337099075317,0.16939368844032288,0.12669093906879425,0.5559924840927124,0.05880802869796753
/content/dataset/val/minimalist/u_UrX8Q2BWt14.jpg,minimalist,val,0.875156581401825,0.23373255133628845,0.02728091925382614,0.4992927610874176,0.09327570907771587
/content/dataset/val/minimalist/p_8533603.jpg,minimalist,val,0.6782775521278381,0.3724442422389984,0.11080004274845123,0.5333859920501709,0.08604412898421288
/content/dataset/val/minimalist/u_5n6fNIMUDPQ.jpg,minimalist,val,0.4134547710418701,0.552904486656189,0.0,0.5,0.08891908451914787
/content/dataset/val/minimalist/u_WbvzpIFN17w.jpg,minimalist,val,0.8192862868309021,0.3624305725097656,0.02691427804529667,0.49510014057159424,0.10204269317910075
/content/dataset/val/minimalist/p_28302680.jpg,minimalist,val,0.6761447191238403,0.34489551186561584,0.09715541452169418,0.4706101417541504,0.08979522623121738
/content/dataset/val/minimalist/p_3396668.jpg,minimalist,val,0.6988919973373413,0.38841408491134644,0.08745613694190979,0.4769398272037506,0.1657843915745616
/content/dataset/val/minimalist/p_35867492.jpg,minimalist,val,0.6148390173912048,0.2490222156047821,0.04295665770769119,0.5057165026664734,0.06517517613247037
/content/dataset/val/minimalist/p_7193648.jpg,minimalist,val,0.8478901982307434,0.17675912380218506,0.022509723901748657,0.5026001930236816,0.06016990635544062
/content/dataset/val/minimalist/p_3198862.jpg,minimalist,val,0.6828500628471375,0.2552793025970459,0.0,0.5,0.06583221489563584
/content/dataset/val/minimalist/u_vVyQKYNq8ZA.jpg,minimalist,val,0.06372541189193726,0.06155288591980934,0.0,0.5,0.022575005423277617
/content/dataset/val/minimalist/p_35777070.jpg,minimalist,val,0.280673623085022,0.45186638832092285,0.0,0.5,0.19303787499666214
/content/dataset/val/minimalist/p_5598272.jpg,minimalist,val,0.7092083692550659,0.3922434449195862,0.13934162259101868,0.546298623085022,0.1588307786732912
/content/dataset/val/minimalist/p_5747908.jpg,minimalist,val,0.6536323428153992,0.32383137941360474,0.13667842745780945,0.5311264991760254,0.16119802370667458
/content/dataset/val/minimalist/p_534153.jpg,minimalist,val,0.2445134073495865,0.32925429940223694,0.8571670055389404,0.5718761086463928,0.0377193046733737
/content/dataset/val/minimalist/p_9558927.jpg,minimalist,val,0.7512773871421814,0.20741459727287292,0.08394569158554077,0.49514779448509216,0.0681261788122356
/content/dataset/val/minimalist/u_iBPduh6rg4w.jpg,minimalist,val,0.257991760969162,0.2400476634502411,0.8389905691146851,0.7159693241119385,0.10142505168914795
/content/dataset/val/minimalist/u_nZ2eGdx_a-Y.jpg,minimalist,val,0.1550453156232834,0.2028314173221588,0.7460459470748901,0.611962616443634,0.11833363678306341
/content/dataset/val/minimalist/p_8319695.jpg,minimalist,val,0.24037232995033264,0.5320053100585938,0.0,0.5,0.04464874975383282
/content/dataset/val/minimalist/u_azAQHPI8avI.jpg,minimalist,val,0.5229682326316833,0.3016158938407898,0.008723818697035313,0.5025465488433838,0.310038928873837
/content/dataset/val/minimalist/u_J56Ca2PMEK8.jpg,minimalist,val,0.5319196581840515,0.46645450592041016,0.2853744328022003,0.4083898365497589,0.07779286243021488
/content/dataset/val/minimalist/cp-2q8IXDmw.jpg,minimalist,val,0.4418988525867462,0.3267234265804291,0.25589409470558167,0.5563446879386902,0.1950450986623764
/content/dataset/val/minimalist/p_16512513.jpg,minimalist,val,0.7282406687736511,0.32567599415779114,0.07115023583173752,0.5142924189567566,0.07102846866473556
/content/dataset/val/minimalist/u_ppyBGaT7v08.jpg,minimalist,val,0.5782538652420044,0.4412105083465576,0.22037653625011444,0.45110341906547546,0.1899359282106161
/content/dataset/val/minimalist/p_35644532.jpg,minimalist,val,0.7395362854003906,0.3079712688922882,0.07192999124526978,0.507838249206543,0.08785101119428873
/content/dataset/val/minimalist/u_ThxQ8a30myU.jpg,minimalist,val,0.6338238716125488,0.1887931525707245,0.12440542131662369,0.5062216520309448,0.04667652538046241
/content/dataset/val/minimalist/u_7mJudmDL3SA.jpg,minimalist,val,0.7001696228981018,0.45989739894866943,0.3526883125305176,0.3741484582424164,0.07899714633822441
/content/dataset/val/minimalist/p_8638012.jpg,minimalist,val,0.569470226764679,0.4444175958633423,0.3463064730167389,0.6118981242179871,0.14543364755809307
/content/dataset/val/minimalist/u_hCeXL5Caab0.jpg,minimalist,val,0.10027191787958145,0.14439897239208221,0.26781803369522095,0.4777210056781769,0.16389268450438976
/content/dataset/val/minimalist/u_qY-Z-pUWy3Q.jpg,minimalist,val,0.8083968162536621,0.2800995111465454,0.0898633524775505,0.47169849276542664,0.061405173037201166
/content/dataset/val/minimalist/p_9859864.jpg,minimalist,val,0.5556211471557617,0.7284378409385681,0.24125060439109802,0.46912941336631775,0.11648371815681458
/content/dataset/val/minimalist/u_3xEDvtGUP70.jpg,minimalist,val,0.7824801802635193,0.15108343958854675,7.780015039315913e-06,0.4999988377094269,0.11752056423574686
/content/dataset/val/minimalist/p_35514398.jpg,minimalist,val,0.3171427845954895,0.802747905254364,0.0,0.5,0.13087976723909378
/content/dataset/val/minimalist/RG4X6zyTMgk.jpg,minimalist,val,0.6714421510696411,0.6462262868881226,0.0,0.5,0.23034308105707169
/content/dataset/val/monochrome/p_10991758.jpg,monochrome,val,0.4784383177757263,0.5648741126060486,0.0,0.5,0.15793632715940475
/content/dataset/val/monochrome/p_36661043.jpg,monochrome,val,0.4082333445549011,0.46543875336647034,0.06148095428943634,0.5087014436721802,0.3554515726864338
/content/dataset/val/monochrome/p_29740299.jpg,monochrome,val,0.19663646817207336,0.6503188610076904,0.0,0.5,0.20872114226222038
/content/dataset/val/monochrome/p_31251671.jpg,monochrome,val,0.15106597542762756,0.550652265548706,0.0,0.5,0.18799851648509502
/content/dataset/val/monochrome/u_7WzAc1WWVyc.jpg,monochrome,val,0.2318614423274994,0.33768215775489807,0.0,0.5,0.19484666176140308
/content/dataset/val/monochrome/u_IdZ-CLsWiXI.jpg,monochrome,val,0.5696025490760803,0.9178106784820557,0.0,0.5,0.1839169580489397
/content/dataset/val/monochrome/p_31842689.jpg,monochrome,val,0.6247860193252563,0.29255640506744385,0.0,0.5,0.18578659743070602
/content/dataset/val/monochrome/p_8230310.jpg,monochrome,val,0.5108457803726196,0.613745927810669,0.0,0.5,0.1455487497150898
/content/dataset/val/monochrome/u_hLahYcKiW8k.jpg,monochrome,val,0.32299649715423584,0.458312064409256,0.004506549797952175,0.500852108001709,0.3109859675168991
/content/dataset/val/monochrome/u_cw1AIhhPLlU.jpg,monochrome,val,0.2826230525970459,0.5881529450416565,0.0,0.5,0.19574870355427265
/content/dataset/val/monochrome/p_33462115.jpg,monochrome,val,0.8070524334907532,0.28127962350845337,0.0,0.5,0.2369227260351181
/content/dataset/val/monochrome/u_V4zBt-gXzCc.jpg,monochrome,val,0.2863394021987915,0.3303690552711487,0.0,0.5,0.31670013442635536
/content/dataset/val/monochrome/u_wEyDWbqrRyA.jpg,monochrome,val,0.12210048735141754,0.23219533264636993,0.0,0.5,0.17367849126458168
/content/dataset/val/monochrome/p_32418419.jpg,monochrome,val,0.41700220108032227,0.5416746139526367,0.0,0.5,0.0425581110175699
/content/dataset/val/monochrome/u_9fZ03i5tovI.jpg,monochrome,val,0.43302395939826965,0.37508267164230347,3.031106416528928e-06,0.5000004768371582,0.4241483099758625
/content/dataset/val/monochrome/u_VGVcIIeyXNQ.jpg,monochrome,val,0.7062682509422302,0.34576183557510376,0.0,0.5,0.14287676196545362
/content/dataset/val/monochrome/p_7999161.jpg,monochrome,val,0.8987784385681152,0.38172468543052673,0.0,0.5,0.5700429528951645
/content/dataset/val/monochrome/p_28923783.jpg,monochrome,val,0.3015559911727905,0.5802347660064697,0.0,0.5,0.478488402441144
/content/dataset/val/monochrome/p_3398706.jpg,monochrome,val,0.8931427597999573,0.23176531493663788,0.0,0.5,0.10558607988059521
/content/dataset/val/monochrome/u_6H44-QVoZTg.jpg,monochrome,val,0.44852685928344727,0.39342501759529114,0.0,0.5,0.5483056232333183
/content/dataset/val/monochrome/u_1Tcm0rbAg4g.jpg,monochrome,val,0.41628217697143555,0.39944490790367126,0.0,0.5,0.2340584434568882
/content/dataset/val/monochrome/p_10960219.jpg,monochrome,val,0.31554660201072693,0.4267752468585968,0.01373350340873003,0.4998314082622528,0.27120204642415047
/content/dataset/val/monochrome/p_33365896.jpg,monochrome,val,0.5811903476715088,0.6572650074958801,0.0,0.5,0.3716418705880642
/content/dataset/val/monochrome/u_lUpoIr9zv_I.jpg,monochrome,val,0.5202103853225708,0.45716938376426697,0.0,0.5,0.1987213734537363
/content/dataset/val/monochrome/u_JjgY4wQYOlE.jpg,monochrome,val,0.5390186309814453,0.5523911118507385,0.0,0.5,0.5945170298218727
/content/dataset/val/monochrome/u_vH0T30hs2eM.jpg,monochrome,val,0.2262064516544342,0.49330568313598633,2.3934464479680173e-05,0.5000014305114746,0.11341033037751913
/content/dataset/val/monochrome/u_jT6YdrhJwNM.jpg,monochrome,val,0.5273377299308777,0.49126893281936646,0.0,0.5,0.3801005892455578
/content/dataset/val/monochrome/u_37diuBsJXaw.jpg,monochrome,val,0.835325300693512,0.5635555982589722,0.0,0.5,0.06277241744101048
/content/dataset/val/monochrome/u_hLnCfPcHsEw.jpg,monochrome,val,0.32615143060684204,0.4190080761909485,0.0,0.5,0.27056132443249226
/content/dataset/val/monochrome/p_36490939.jpg,monochrome,val,0.2579667866230011,0.6138278245925903,0.0,0.5,0.30875484459102154
/content/dataset/val/monochrome/p_13516935.jpg,monochrome,val,0.5346770882606506,0.5214841961860657,0.0,0.5,0.4742117412388325
/content/dataset/val/monochrome/p_30920575.jpg,monochrome,val,0.3898846507072449,0.8443166017532349,0.0,0.5,0.3398741374257952
/content/dataset/val/monochrome/u_1W_lAEi-ppo.jpg,monochrome,val,0.6342725157737732,0.4385674297809601,0.0,0.5,0.21235681138932705
/content/dataset/val/monochrome/p_30037373.jpg,monochrome,val,0.6751610040664673,0.5431783199310303,0.0,0.5,0.4006826877593994
/content/dataset/val/monochrome/p_10370127.jpg,monochrome,val,0.8033846020698547,0.539982259273529,0.0,0.5,0.3676247037947178
/content/dataset/val/monochrome/u_fKyzejoURaE.jpg,monochrome,val,0.3235757648944855,0.44417262077331543,0.0,0.5,0.32928749918937683
/content/dataset/val/monochrome/u_JTj_ein28zo.jpg,monochrome,val,0.14484143257141113,0.14906767010688782,0.003396076150238514,0.5000534653663635,0.14121904503554106
/content/dataset/val/monochrome/u_NgzaXnY9hF0.jpg,monochrome,val,0.466724693775177,0.4579036235809326,0.0,0.5,0.3110393928363919
/content/dataset/val/monochrome/p_32086232.jpg,monochrome,val,0.8278940320014954,0.2528478801250458,0.0,0.5,0.09082994423806667
/content/dataset/val/monochrome/u__9p7--YTtFw.jpg,monochrome,val,0.20645639300346375,0.3994927704334259,0.008821590803563595,0.49951547384262085,0.13445253018289804
/content/dataset/val/monochrome/p_31207851.jpg,monochrome,val,0.5491083264350891,0.3745926320552826,0.0,0.5,0.2782529965043068
/content/dataset/val/monochrome/p_30707680.jpg,monochrome,val,0.49442917108535767,0.6323763728141785,0.0,0.5,0.4109804145991802
/content/dataset/val/monochrome/u__PFOozihdGo.jpg,monochrome,val,0.31419044733047485,0.6027085781097412,0.0,0.5,0.07083074422553182
/content/dataset/val/monochrome/p_31349295.jpg,monochrome,val,0.5539575219154358,0.7377946376800537,0.0,0.5,1.0
/content/dataset/val/monochrome/p_33944144.jpg,monochrome,val,0.38126203417778015,0.20856574177742004,0.0,0.5,0.8160897716879845
/content/dataset/val/monochrome/u_O2H06hrE0I4.jpg,monochrome,val,0.1174425408244133,0.29582977294921875,0.0,0.5,0.15609299298375845
/content/dataset/val/monochrome/u_H8VCSMnhB6g.jpg,monochrome,val,0.6484693288803101,0.46086859703063965,0.0,0.5,0.46249736100435257
/content/dataset/val/monochrome/p_5858474.jpg,monochrome,val,0.20766957104206085,0.450976699590683,0.0,0.5,0.45744702219963074
/content/dataset/val/monochrome/u_3c_df9xoYO0.jpg,monochrome,val,0.3501170873641968,0.4818108379840851,0.0,0.5,0.6323639675974846
/content/dataset/val/monochrome/u_g17wbOY9XaM.jpg,monochrome,val,0.5513960123062134,0.6166776418685913,0.0,0.5,0.1271369494497776
/content/dataset/val/monochrome/p_9298349.jpg,monochrome,val,0.28057777881622314,0.5623732805252075,0.0,0.5,0.12468872591853142
/content/dataset/val/monochrome/u__LCABieIZZg.jpg,monochrome,val,0.4960367977619171,0.43122291564941406,0.0,0.5,0.5841215886175632
/content/dataset/val/monochrome/u_M58AHgDatsA.jpg,monochrome,val,0.8386448621749878,0.5913099050521851,0.0,0.5,0.07974675390869379
/content/dataset/val/monochrome/p_29724705.jpg,monochrome,val,0.29373225569725037,0.3641134798526764,0.0,0.5,0.9193049371242523
/content/dataset/val/monochrome/p_32981385.jpg,monochrome,val,0.4791877269744873,0.342117041349411,0.0,0.5,0.1737083401530981
/content/dataset/val/monochrome/p_17227859.jpg,monochrome,val,0.26774218678474426,0.3891574442386627,0.0,0.5,0.353502482175827
/content/dataset/val/monochrome/u_zqiZV55h78I.jpg,monochrome,val,0.14234453439712524,0.33192795515060425,0.8453750014305115,0.5549604892730713,0.235696816816926
/content/dataset/val/monochrome/u_y_mN38CKFKM.jpg,monochrome,val,0.5199496746063232,0.30228087306022644,0.0,0.5,0.0939929811283946
/content/dataset/val/monochrome/u_aMvmZswCYVk.jpg,monochrome,val,0.5529584884643555,0.6326398849487305,0.0,0.5,0.20993526093661785
/content/dataset/val/monochrome/p_35797356.jpg,monochrome,val,0.5757105946540833,0.7188504338264465,0.0,0.5,0.3862798400223255
/content/dataset/val/monochrome/p_7699983.jpg,monochrome,val,0.14524967968463898,0.36433514952659607,0.0,0.5,0.12967508751899004
/content/dataset/val/monochrome/u_X35m8Bh2uFA.jpg,monochrome,val,0.41107800602912903,0.4834253489971161,0.03875553235411644,0.49578022956848145,0.36276618018746376
/content/dataset/val/monochrome/u_uLdm7poHxXI.jpg,monochrome,val,0.6958762407302856,0.38291582465171814,0.0,0.5,0.07178263971582055
/content/dataset/val/monochrome/p_16527942.jpg,monochrome,val,0.7375162243843079,0.15521122515201569,0.0,0.5,0.04529368015937507
/content/dataset/val/monochrome/u_V6d6az23cOU.jpg,monochrome,val,0.6593106389045715,0.6423125863075256,0.013663689605891705,0.5044147968292236,0.04773899097926915
/content/dataset/val/monochrome/p_30455273.jpg,monochrome,val,0.10871779173612595,0.3609303832054138,0.0,0.5,0.16931588761508465
/content/dataset/val/monochrome/p_9040260.jpg,monochrome,val,0.4069957435131073,0.23784567415714264,0.0,0.5,0.14466398395597935
/content/dataset/val/monochrome/u_osUMQkdfP4M.jpg,monochrome,val,0.5692649483680725,0.601811945438385,0.10792141407728195,0.5143544673919678,0.18437830731272697
/content/dataset/val/monochrome/p_16196759.jpg,monochrome,val,0.43069881200790405,0.5526180863380432,0.0,0.5,0.40144775062799454
/content/dataset/val/monochrome/p_12317964.jpg,monochrome,val,0.5347850322723389,0.45772430300712585,0.0,0.5,1.0
/content/dataset/val/monochrome/u_9ZmoQOBy0WE.jpg,monochrome,val,0.4658878445625305,0.5130030512809753,0.0,0.5,0.4450739361345768
/content/dataset/val/monochrome/u_3weffxf3mdk.jpg,monochrome,val,0.7313440442085266,0.6607630252838135,0.0,0.5,0.1470949361100793
/content/dataset/val/monochrome/p_14566129.jpg,monochrome,val,0.360634982585907,0.4225919842720032,0.034907639026641846,0.4965194761753082,0.35072920843958855
/content/dataset/val/monochrome/p_31284355.jpg,monochrome,val,0.45138561725616455,0.4470897614955902,0.07852953672409058,0.5055581331253052,0.30566347762942314
/content/dataset/val/monochrome/p_31887521.jpg,monochrome,val,0.25850555300712585,0.4796201288700104,0.027624227106571198,0.5024314522743225,0.24958113208413124
/content/dataset/val/monochrome/p_28674418.jpg,monochrome,val,0.2429785430431366,0.4519246518611908,0.0,0.5,0.35476998426020145
/content/dataset/val/monochrome/p_33365825.jpg,monochrome,val,0.6181511878967285,0.40517836809158325,0.0,0.5,0.2735210070386529
/content/dataset/val/monochrome/u_2hy47Cfh_VE.jpg,monochrome,val,0.08770477771759033,0.2909197211265564,0.0,0.5,0.11135827749967575
/content/dataset/val/monochrome/p_10664461.jpg,monochrome,val,0.236684650182724,0.5362228751182556,0.01424339134246111,0.5016413331031799,0.3761718235909939
/content/dataset/val/monochrome/p_33966818.jpg,monochrome,val,0.5846840739250183,0.7243074178695679,0.0,0.5,0.16276645939797163
/content/dataset/val/monochrome/u_27IZpEnhwrE.jpg,monochrome,val,0.6289978623390198,0.6532115340232849,0.12519074976444244,0.48990026116371155,0.41898363269865513
/content/dataset/val/monochrome/u_WK-OZtZaVeY.jpg,monochrome,val,0.16079755127429962,0.4622268080711365,0.0,0.5,0.30874229967594147
/content/dataset/val/monochrome/u_m-PgQ-ayp7M.jpg,monochrome,val,0.3782806098461151,0.5188701748847961,0.0,0.5,0.17670415807515383
/content/dataset/val/monochrome/p_32466563.jpg,monochrome,val,0.5443434119224548,0.6991639137268066,0.042478591203689575,0.5019825100898743,0.3290576674044132
/content/dataset/val/monochrome/u_KtPczuFTaHU.jpg,monochrome,val,0.13657987117767334,0.3581356406211853,0.0,0.5,0.08686338784173131
/content/dataset/val/monochrome/u_HQ2WR_mPWYM.jpg,monochrome,val,0.5028997659683228,0.6549084186553955,0.0,0.5,0.48782946541905403
/content/dataset/val/monochrome/u_QLNfYMu4Ch8.jpg,monochrome,val,0.3554866909980774,0.4479433596134186,0.0,0.5,0.3951609320938587
/content/dataset/val/monochrome/u_Tl5NVpScrjA.jpg,monochrome,val,0.4764813780784607,0.3382507860660553,0.0,0.5,0.3349333070218563
/content/dataset/val/monochrome/u_3Hb4-fINkr0.jpg,monochrome,val,0.7174615859985352,0.2995189428329468,0.03194564953446388,0.5084553360939026,0.0547921541146934
/content/dataset/val/monochrome/p_8088873.jpg,monochrome,val,0.11504322290420532,0.3963650166988373,0.0,0.5,0.1671793172135949
/content/dataset/val/monochrome/u_iC3-zeDiVXM.jpg,monochrome,val,0.25046032667160034,0.5069940090179443,4.7624766011722386e-05,0.4999943673610687,0.4342113249003887
/content/dataset/val/monochrome/u_oD00ZBAZSvg.jpg,monochrome,val,0.37155789136886597,0.3051075339317322,0.00011205353075638413,0.4999869167804718,0.2128328662365675
/content/dataset/val/monochrome/p_28871635.jpg,monochrome,val,0.32159873843193054,0.4113731384277344,0.0,0.5,0.6127073988318443
/content/dataset/val/monochrome/p_31901666.jpg,monochrome,val,0.4171018898487091,0.7122701406478882,0.0,0.5,0.4299582540988922
/content/dataset/val/monochrome/p_5550681.jpg,monochrome,val,0.24639414250850677,0.3326011300086975,0.0,0.5,0.0570269045419991
/content/dataset/val/monochrome/u_0prS5S0Ta_g.jpg,monochrome,val,0.5636407732963562,0.51121586561203,0.0,0.5,0.07475568912923336
/content/dataset/val/monochrome/p_32683840.jpg,monochrome,val,0.75859534740448,0.8332992792129517,0.0,0.5,0.07711559999734163
/content/dataset/val/monochrome/u_c-aR6eCto04.jpg,monochrome,val,0.4579452574253082,0.5761359930038452,0.02085430733859539,0.4943593740463257,0.3904799558222294
/content/dataset/val/monochrome/u_Wq8vwqVFvto.jpg,monochrome,val,0.3404350280761719,0.5404135584831238,0.0,0.5,0.899629145860672
/content/dataset/val/neon/u_jXnuRzq48c4.jpg,neon,val,0.1690777689218521,0.36055129766464233,0.6625430583953857,0.431848406791687,0.2875421103090048
/content/dataset/val/neon/p_6968813.jpg,neon,val,0.4811844229698181,0.2821139991283417,0.5161811113357544,0.4217161536216736,0.3654995933175087
/content/dataset/val/neon/p_19594599.jpg,neon,val,0.30125361680984497,0.4587327539920807,0.7240502238273621,0.6337824463844299,0.17920095473527908
/content/dataset/val/neon/u_n-g5PWDZnro.jpg,neon,val,0.5505119562149048,0.18565824627876282,0.3406238555908203,0.4511153995990753,0.03135277074761689
/content/dataset/val/neon/p_12194164.jpg,neon,val,0.19536608457565308,0.403972864151001,0.6095263957977295,0.4741930365562439,0.31960273161530495
/content/dataset/val/neon/p_34940756.jpg,neon,val,0.09990385919809341,0.2249981015920639,0.4112704396247864,0.5100984573364258,0.14154020696878433
/content/dataset/val/neon/p_14383829.jpg,neon,val,0.05894127115607262,0.10889416188001633,0.5816496014595032,0.5313052535057068,0.04196827998384833
/content/dataset/val/neon/p_3374616.jpg,neon,val,0.08832574635744095,0.24993520975112915,0.9333771467208862,0.4391207993030548,0.12152739334851503
/content/dataset/val/neon/p_30913605.jpg,neon,val,0.09764327108860016,0.18242014944553375,0.6645215153694153,0.46366357803344727,0.16538348980247974
/content/dataset/val/neon/p_9399666.jpg,neon,val,0.12864838540554047,0.4182898998260498,0.5882247090339661,0.5353301167488098,0.2728527132421732
/content/dataset/val/neon/u_uaFQT3S-Hg8.jpg,neon,val,0.21025048196315765,0.13654589653015137,0.9808471202850342,0.5071475505828857,0.23501758463680744
/content/dataset/val/neon/p_8107913.jpg,neon,val,0.10626582056283951,0.22602127492427826,0.6157817840576172,0.48594930768013,0.14462932478636503
/content/dataset/val/neon/u_Hs57PmLEcIk.jpg,neon,val,0.3502846956253052,0.37434786558151245,0.6638228893280029,0.4630599617958069,0.05364442244172096
/content/dataset/val/neon/p_3196535.jpg,neon,val,0.10376358032226562,0.3847753405570984,0.4954597055912018,0.4697612226009369,0.1590112643316388
/content/dataset/val/neon/u_S8gwoVAK0_I.jpg,neon,val,0.3181864321231842,0.3939763307571411,0.4758839011192322,0.44265416264533997,0.3035510703921318
/content/dataset/val/neon/p_8331149.jpg,neon,val,0.02899692766368389,0.15852349996566772,0.33669570088386536,0.45901232957839966,0.11210552882403135
/content/dataset/val/neon/p_3181093.jpg,neon,val,0.12127821147441864,0.24074088037014008,0.6172766089439392,0.5194188356399536,0.17300215549767017
/content/dataset/val/neon/p_11820781.jpg,neon,val,0.05500568076968193,0.23116013407707214,0.5924557447433472,0.46613508462905884,0.12908343225717545
/content/dataset/val/neon/u_SYUREOlBWOU.jpg,neon,val,0.16076529026031494,0.265352725982666,0.5519849061965942,0.4484768807888031,0.27825115248560905
/content/dataset/val/neon/u_ihcI-Y3AyEg.jpg,neon,val,0.21191349625587463,0.3502134382724762,0.8960788249969482,0.6466183662414551,0.4405115358531475
/content/dataset/val/neon/p_4017682.jpg,neon,val,0.11383244395256042,0.21283599734306335,0.7950469255447388,0.46030193567276,0.19589787814766169
/content/dataset/val/neon/p_29463224.jpg,neon,val,0.11161047220230103,0.460406631231308,0.791951060295105,0.4822597801685333,0.21820264868438244
/content/dataset/val/neon/p_6835767.jpg,neon,val,0.1547587513923645,0.2848166525363922,0.6709409356117249,0.4296268820762634,0.22828741930425167
/content/dataset/val/neon/u_qxWUtoVpjlQ.jpg,neon,val,0.5668119192123413,0.39227157831192017,0.5308567881584167,0.503685712814331,0.5646311119198799
/content/dataset/val/neon/p_6835992.jpg,neon,val,0.09634391963481903,0.3768494129180908,0.7451804280281067,0.4944857656955719,0.3074515424668789
/content/dataset/val/neon/p_33715768.jpg,neon,val,0.30817359685897827,0.3931898772716522,0.6145378947257996,0.44634202122688293,0.2597550582140684
/content/dataset/val/neon/u_CUHsqCDUlFc.jpg,neon,val,0.3095349967479706,0.5359158515930176,0.3822672367095947,0.5481873750686646,0.3690464422106743
/content/dataset/val/neon/u_m_IkmDXp-zs.jpg,neon,val,0.07936690002679825,0.4406403601169586,0.21780428290367126,0.4624411165714264,0.12931969948112965
/content/dataset/val/neon/u_fqkzG71C7NY.jpg,neon,val,0.1712457239627838,0.38201528787612915,0.32769250869750977,0.5129603743553162,0.18469753675162792
/content/dataset/val/neon/p_31305406.jpg,neon,val,0.26933491230010986,0.34314343333244324,0.3376718759536743,0.5443300604820251,0.255621587857604
/content/dataset/val/neon/u_zufbuWFa8Zc.jpg,neon,val,0.30146539211273193,0.5327486991882324,0.476174533367157,0.48808786273002625,0.09420132730156183
/content/dataset/val/neon/p_33124061.jpg,neon,val,0.11860746890306473,0.3826594054698944,0.6286856532096863,0.5632539987564087,0.25581219233572483
/content/dataset/val/neon/p_9897505.jpg,neon,val,0.15047499537467957,0.24876704812049866,0.4539426565170288,0.5798075199127197,0.15499424189329147
/content/dataset/val/neon/p_35549136.jpg,neon,val,0.2844664454460144,0.5372409820556641,0.29294297099113464,0.5280336737632751,0.3920767642557621
/content/dataset/val/neon/p_18161128.jpg,neon,val,0.440478652715683,0.5711031556129456,0.7138357162475586,0.2780506908893585,0.4795549064874649
/content/dataset/val/neon/u_5yWtM3M3JKM.jpg,neon,val,0.3097613453865051,0.41179025173187256,0.2428375780582428,0.4537208676338196,0.15960405580699444
/content/dataset/val/neon/u_NdgpXJyj9CI.jpg,neon,val,0.1490575075149536,0.3416455090045929,0.8120620250701904,0.402208149433136,0.46428488567471504
/content/dataset/val/neon/p_1178991.jpg,neon,val,0.2848473787307739,0.43468430638313293,0.8694797158241272,0.6783576011657715,0.20987754687666893
/content/dataset/val/neon/p_1964475.jpg,neon,val,0.2782500982284546,0.4612157344818115,0.3763251304626465,0.5643818974494934,0.13591337483376265
/content/dataset/val/neon/p_10629246.jpg,neon,val,0.13389047980308533,0.21635273098945618,0.31932175159454346,0.5080165863037109,0.07473648525774479
/content/dataset/val/neon/p_2339009.jpg,neon,val,0.2720637321472168,0.46893206238746643,0.4613863229751587,0.5393543243408203,0.5202455446124077
/content/dataset/val/neon/u_pnf_gpH_YtA.jpg,neon,val,0.28818273544311523,0.2673838436603546,0.434979647397995,0.5011066794395447,0.07769857533276081
/content/dataset/val/neon/p_17370222.jpg,neon,val,0.3026806116104126,0.5212516784667969,0.5512843132019043,0.5955368876457214,0.37583978846669197
/content/dataset/val/neon/u_TFQE9E56iFQ.jpg,neon,val,0.09142044931650162,0.24464842677116394,0.5466899871826172,0.5253807306289673,0.2083148341625929
/content/dataset/val/neon/p_5550300.jpg,neon,val,0.1044636145234108,0.36506006121635437,0.7472859025001526,0.6067571640014648,0.15257223043590784
/content/dataset/val/neon/p_4983369.jpg,neon,val,0.3095366954803467,0.4757831394672394,0.4978793263435364,0.5672948360443115,0.25848629884421825
/content/dataset/val/neon/u_nkze16VRwNk.jpg,neon,val,0.05183844268321991,0.24699681997299194,0.5778133869171143,0.5125361680984497,0.08826851844787598
/content/dataset/val/neon/p_4964079.jpg,neon,val,0.05338316410779953,0.1875624656677246,0.6308341026306152,0.4902423024177551,0.19389412365853786
/content/dataset/val/neon/u_8dgcLnpZxVU.jpg,neon,val,0.22770753502845764,0.2614215314388275,0.9152488112449646,0.3394337296485901,0.4043123126029968
/content/dataset/val/neon/u_bqiFiqoJgH8.jpg,neon,val,0.09415476024150848,0.2764711380004883,0.4350026845932007,0.553146243095398,0.13517428189516068
/content/dataset/val/neon/p_8107949.jpg,neon,val,0.16231875121593475,0.4467005133628845,0.5700097680091858,0.48469313979148865,0.21589532494544983
/content/dataset/val/neon/p_6842724.jpg,neon,val,0.30038586258888245,0.3383283317089081,0.47594818472862244,0.6017917394638062,0.3134330175817013
/content/dataset/val/neon/u_GVi0ijl8ExM.jpg,neon,val,0.2676220238208771,0.45290106534957886,0.5655668377876282,0.45006200671195984,0.5161241255700588
/content/dataset/val/neon/p_5605422.jpg,neon,val,0.1377301961183548,0.3157706558704376,0.2917599678039551,0.4998071491718292,0.11854459065943956
/content/dataset/val/neon/p_5363400.jpg,neon,val,0.048356495797634125,0.1805947721004486,0.6779028177261353,0.4929868280887604,0.12811743188649416
/content/dataset/val/neon/p_7062225.jpg,neon,val,0.4133972227573395,0.4843374192714691,0.5060047507286072,0.5982638597488403,0.4555172845721245
/content/dataset/val/neon/u_5sVg2n6N4a8.jpg,neon,val,0.20150622725486755,0.34518489241600037,0.378994882106781,0.4850925803184509,0.2244984172284603
/content/dataset/val/neon/p_31001132.jpg,neon,val,0.3061671257019043,0.5177362561225891,0.45095720887184143,0.5338070392608643,0.47068875283002853
/content/dataset/val/neon/p_16092579.jpg,neon,val,0.1285334825515747,0.28601181507110596,0.5696990489959717,0.46536704897880554,0.1771218329668045
/content/dataset/val/neon/p_36024139.jpg,neon,val,0.16499167680740356,0.3146411180496216,0.6579846143722534,0.4654114246368408,0.2798803150653839
/content/dataset/val/neon/p_4814920.jpg,neon,val,0.21716594696044922,0.45302408933639526,0.8733504414558411,0.41044551134109497,0.1689433865249157
/content/dataset/val/neon/p_29541982.jpg,neon,val,0.09866313636302948,0.3105738162994385,0.7622413039207458,0.5053882598876953,0.25360841304063797
/content/dataset/val/neon/p_33932284.jpg,neon,val,0.2784706950187683,0.5089840888977051,0.40391454100608826,0.593140721321106,0.27997723780572414
/content/dataset/val/neon/p_3960381.jpg,neon,val,0.3793538212776184,0.41891995072364807,0.29555514454841614,0.5197958946228027,0.26681226678192616
/content/dataset/val/neon/p_4389267.jpg,neon,val,0.16904431581497192,0.37079641222953796,0.8062410354614258,0.4603600800037384,0.19440275616943836
/content/dataset/val/neon/u_C8aDIn4d1ts.jpg,neon,val,0.17171308398246765,0.30517855286598206,0.6611322164535522,0.4397096037864685,0.3841973654925823
/content/dataset/val/neon/p_4204934.jpg,neon,val,0.2661452293395996,0.4411240816116333,0.896722137928009,0.6712560653686523,0.29790171422064304
/content/dataset/val/neon/u_VZ4LULR_Cjw.jpg,neon,val,0.6951866149902344,0.32721146941185,0.42760607600212097,0.5707703232765198,0.03830056055448949
/content/dataset/val/neon/p_33711454.jpg,neon,val,0.04109838232398033,0.21569354832172394,0.40225449204444885,0.5396274328231812,0.11728324927389622
/content/dataset/val/neon/p_4336973.jpg,neon,val,0.07265520840883255,0.23072826862335205,0.9365372061729431,0.38693898916244507,0.15519304666668177
/content/dataset/val/neon/u_53CBDLD0B5s.jpg,neon,val,0.10474376380443573,0.12817871570587158,0.247773215174675,0.4873417615890503,0.13452528044581413
/content/dataset/val/neon/p_36835756.jpg,neon,val,0.2831840217113495,0.3976554870605469,0.3078466057777405,0.531765341758728,0.6496932357549667
/content/dataset/val/neon/u_z7bgxD7NTxA.jpg,neon,val,0.32639920711517334,0.43042829632759094,0.47044476866722107,0.585974931716919,0.5726583860814571
/content/dataset/val/neon/u_9J5iShkKKdM.jpg,neon,val,0.05589820817112923,0.12453226745128632,0.8376973867416382,0.4398195743560791,0.06002760259434581
/content/dataset/val/neon/u_DjySR4J3pjM.jpg,neon,val,0.2029208093881607,0.42265257239341736,0.7892690896987915,0.49635225534439087,0.2722732163965702
/content/dataset/val/neon/u_lcw2fY0GD6g.jpg,neon,val,0.15737031400203705,0.42608174681663513,0.5574405789375305,0.5095824003219604,0.2431290876120329
/content/dataset/val/neon/u_qlpC2yRKvCE.jpg,neon,val,0.11152038723230362,0.300272673368454,0.6740970015525818,0.5405941009521484,0.3718500677496195
/content/dataset/val/neon/p_31002072.jpg,neon,val,0.2210625559091568,0.4586350917816162,0.5418416857719421,0.5499061942100525,0.397445484995842
/content/dataset/val/neon/p_29373766.jpg,neon,val,0.12299001216888428,0.21404697000980377,0.8979204893112183,0.6396229267120361,0.16692688688635826
/content/dataset/val/neon/p_31591810.jpg,neon,val,0.21966640651226044,0.43873322010040283,0.63776034116745,0.5702341794967651,0.26428036391735077
/content/dataset/val/neon/p_8108429.jpg,neon,val,0.2591773271560669,0.47179311513900757,0.7058908939361572,0.6276870369911194,0.33796302042901516
/content/dataset/val/neon/u_ikqbS_l7YDM.jpg,neon,val,0.3423052430152893,0.498669296503067,0.35090091824531555,0.4709737300872803,0.24912760592997074
/content/dataset/val/neon/u_C29bmFqVl04.jpg,neon,val,0.11513426154851913,0.1976386457681656,0.28727760910987854,0.512647807598114,0.10302113369107246
/content/dataset/val/neon/p_8107941.jpg,neon,val,0.23370318114757538,0.5087235569953918,0.5597814917564392,0.5610960721969604,0.2665668912231922
/content/dataset/val/neon/p_25526690.jpg,neon,val,0.28087010979652405,0.5255274772644043,0.29436373710632324,0.5433066487312317,0.5332133546471596
/content/dataset/val/neon/p_2067048.jpg,neon,val,0.26764312386512756,0.5302698612213135,0.5443677306175232,0.5742848515510559,0.5801720544695854
/content/dataset/val/neon/u_VBMYg6bT2I0.jpg,neon,val,0.2873373329639435,0.3627592921257019,0.19226762652397156,0.5008342266082764,0.32039063051342964
/content/dataset/val/neon/p_16419162.jpg,neon,val,0.15098683536052704,0.3187914788722992,0.6472983360290527,0.5439170598983765,0.21547612734138966
/content/dataset/val/neon/p_29534871.jpg,neon,val,0.12996666133403778,0.4006058871746063,0.4635540843009949,0.5150240659713745,0.49899108707904816
/content/dataset/val/neon/u_eWYGa88K0Yg.jpg,neon,val,0.13492357730865479,0.3087220788002014,0.5079417824745178,0.4838407337665558,0.3574426472187042
/content/dataset/val/neon/p_25745312.jpg,neon,val,0.23368589580059052,0.35713720321655273,0.8244229555130005,0.6861943602561951,0.13754758052527905
/content/dataset/val/neon/p_243908.jpg,neon,val,0.1863742619752884,0.2954595685005188,0.34042227268218994,0.4720081686973572,0.0710564386099577
/content/dataset/val/neon/u_90a3nC3etC4.jpg,neon,val,0.6075948476791382,0.26603978872299194,0.40045812726020813,0.5205084085464478,0.14067523181438446
/content/dataset/val/neon/p_27516565.jpg,neon,val,0.1271243393421173,0.32122570276260376,0.7267400622367859,0.5259453654289246,0.15547210350632668
/content/dataset/val/neon/p_8108282.jpg,neon,val,0.16851219534873962,0.32754865288734436,0.5682688355445862,0.5237045884132385,0.25073655880987644
/content/dataset/val/neon/u_LgMPKAQXzjA.jpg,neon,val,0.15078911185264587,0.27768388390541077,0.5249308347702026,0.4691573977470398,0.22132616490125656
/content/dataset/val/neon/p_8108553.jpg,neon,val,0.17882463335990906,0.4037178158760071,0.7712216973304749,0.38680991530418396,0.1697891904041171
/content/dataset/val/neon/u_mD7gr_u1F_U.jpg,neon,val,0.25246956944465637,0.4390222132205963,0.6988425254821777,0.5088316202163696,0.06874762242659926
/content/dataset/val/neon/u_Fbwzey5H5bo.jpg,neon,val,0.1143094077706337,0.25164273381233215,0.8311309814453125,0.491997629404068,0.19199476577341557
/content/dataset/val/neon/u_m48SDAXzwIg.jpg,neon,val,0.07533902674913406,0.23422063887119293,0.8149773478507996,0.4543890655040741,0.13728620018810034
/content/dataset/val/neon/p_2442891.jpg,neon,val,0.11205530166625977,0.34801915287971497,0.7250081896781921,0.5515102744102478,0.22747712209820747
/content/dataset/val/neon/p_12630982.jpg,neon,val,0.2057693898677826,0.42396730184555054,0.7777497172355652,0.4877212941646576,0.2260109968483448
/content/dataset/val/neon/u_5Yz1oU-9UKc.jpg,neon,val,0.354453444480896,0.27807843685150146,0.5336899161338806,0.5562297701835632,0.25820398703217506
/content/dataset/val/neon/u_sBo7jPqshME.jpg,neon,val,0.1804441511631012,0.3031542897224426,0.7285998463630676,0.46341830492019653,0.3915906883776188
/content/dataset/val/neon/u_Qvc_4V1xA4o.jpg,neon,val,0.21351078152656555,0.5591199398040771,0.8412129282951355,0.36130061745643616,0.15184633200988173
/content/dataset/val/neon/p_7620387.jpg,neon,val,0.2839420437812805,0.49003127217292786,0.905523955821991,0.37552112340927124,0.13232619501650333
/content/dataset/val/neon/p_10040316.jpg,neon,val,0.14036503434181213,0.3023277819156647,0.8700723648071289,0.4600434899330139,0.16168666072189808
/content/dataset/val/neon/p_20092391.jpg,neon,val,0.2398867905139923,0.4798905849456787,0.6051476001739502,0.48958832025527954,0.4522270895540714
/content/dataset/val/neon/p_13307084.jpg,neon,val,0.15530060231685638,0.3632735311985016,0.7570934891700745,0.43577754497528076,0.09849714580923319
/content/dataset/val/neon/p_12803481.jpg,neon,val,0.1891469955444336,0.3528818190097809,0.8929355144500732,0.38495558500289917,0.21590335294604301
/content/dataset/val/neon/p_36430494.jpg,neon,val,0.027600843459367752,0.21018747985363007,0.42676109075546265,0.5126824378967285,0.09234479162842035
/content/dataset/val/neon/u_A42doWMQymw.jpg,neon,val,0.1058603823184967,0.1627478152513504,0.791451096534729,0.5639058947563171,0.11685263365507126
/content/dataset/val/neon/u_jx36OlnXijE.jpg,neon,val,0.24520929157733917,0.565271258354187,0.5150505304336548,0.4731577932834625,0.43866168707609177
/content/dataset/val/neon/p_26559580.jpg,neon,val,0.19922351837158203,0.2545992136001587,0.7413773536682129,0.3995519280433655,0.19040651619434357
/content/dataset/val/neon/u_hh7wvY6yZXc.jpg,neon,val,0.16858957707881927,0.28804224729537964,0.7676551938056946,0.5031123161315918,0.6337738037109375
/content/dataset/val/neon/p_9503869.jpg,neon,val,0.13370254635810852,0.4658709466457367,0.8964057564735413,0.4420938789844513,0.371280862018466
/content/dataset/val/neon/u_0LPr1CISIbI.jpg,neon,val,0.10721419006586075,0.31211304664611816,0.4129572808742523,0.5235376954078674,0.12472175993025303
/content/dataset/val/neon/p_3358299.jpg,neon,val,0.24312427639961243,0.3825732469558716,0.7458867430686951,0.45874613523483276,0.2123915683478117
/content/dataset/val/neon/p_375885.jpg,neon,val,0.1575329601764679,0.27074500918388367,0.5587504506111145,0.5101074576377869,0.26476429775357246
/content/dataset/val/neon/u_qNFJBGKd-g0.jpg,neon,val,0.3180195093154907,0.44743525981903076,0.5261512398719788,0.5998035073280334,0.24756777100265026
/content/dataset/val/vintage/u_nE_RljIHMBQ.jpg,vintage,val,0.6239778399467468,0.22120092809200287,0.6245113015174866,0.7606423497200012,0.19856058061122894
/content/dataset/val/vintage/p_12378647.jpg,vintage,val,0.33250710368156433,0.5596001148223877,0.4091794788837433,0.5458595156669617,0.7555674761533737
/content/dataset/val/vintage/p_14537318.jpg,vintage,val,0.19735941290855408,0.41743648052215576,0.2888498604297638,0.47793346643447876,0.2866310905665159
/content/dataset/val/vintage/p_31327524.jpg,vintage,val,0.5377362966537476,0.42744532227516174,0.28499287366867065,0.4384707510471344,0.19931103102862835
/content/dataset/val/vintage/u_NRC7Y7mH8as.jpg,vintage,val,0.6924117207527161,0.3474283516407013,0.0,0.5,0.40822364389896393
/content/dataset/val/vintage/u_cwktKMAsDRM.jpg,vintage,val,0.7496751546859741,0.4519684612751007,0.19529710710048676,0.44253161549568176,0.29066053219139576
/content/dataset/val/vintage/u_NeRj9Ixhdgc.jpg,vintage,val,0.7542570233345032,0.48790642619132996,0.16175445914268494,0.4728124141693115,0.08213148219510913
/content/dataset/val/vintage/p_18599096.jpg,vintage,val,0.37265169620513916,0.31720930337905884,0.0,0.5,0.16660071909427643
/content/dataset/val/vintage/p_2295396.jpg,vintage,val,0.2806115746498108,0.459442675113678,0.28702089190483093,0.540833592414856,0.2422781940549612
/content/dataset/val/vintage/u_MLTbc4jTNnE.jpg,vintage,val,0.5358811020851135,0.5207176804542542,0.0,0.5,0.3607526235282421
/content/dataset/val/vintage/oRosWZfDTl8.jpg,vintage,val,0.47163355350494385,0.5900223255157471,0.30844393372535706,0.5487748384475708,0.3385316766798496
/content/dataset/val/vintage/u_UkcJoHaXuh0.jpg,vintage,val,0.510004997253418,0.6850383281707764,0.24291571974754333,0.5113506317138672,0.21365374326705933
/content/dataset/val/vintage/u_d-QbT-I9Djc.jpg,vintage,val,0.240778848528862,0.3305513858795166,0.575777530670166,0.4865429103374481,0.23667111061513424
/content/dataset/val/vintage/p_9505421.jpg,vintage,val,0.5716948509216309,0.5092347860336304,0.3415910303592682,0.4540376663208008,0.4611442796885967
/content/dataset/val/vintage/u_KyjnC1LRQuo.jpg,vintage,val,0.7786166071891785,0.17079411447048187,0.13657498359680176,0.541101336479187,0.18763794098049402
/content/dataset/val/vintage/p_15994863.jpg,vintage,val,0.5353829264640808,0.5995219349861145,0.10307406634092331,0.4969419836997986,0.40323613211512566
/content/dataset/val/vintage/p_2527713.jpg,vintage,val,0.2774834632873535,0.40086421370506287,0.34854722023010254,0.5134669542312622,0.3905785270035267
/content/dataset/val/vintage/u_Ik-kv0Uhy1k.jpg,vintage,val,0.46001794934272766,0.5787535905838013,0.18063195049762726,0.49407875537872314,0.3806251846253872
/content/dataset/val/vintage/p_9817433.jpg,vintage,val,0.5801805853843689,0.7189478874206543,0.0,0.5,0.5037711188197136
/content/dataset/val/vintage/R-Cuv3QzOPs.jpg,vintage,val,0.5282369256019592,0.48173779249191284,0.35051417350769043,0.6024038791656494,0.17009477131068707
/content/dataset/val/vintage/p_21364525.jpg,vintage,val,0.6066422462463379,0.39500582218170166,0.08844906091690063,0.49042975902557373,0.14577600173652172
/content/dataset/val/vintage/p_28235906.jpg,vintage,val,0.333458811044693,0.38834553956985474,0.2731701731681824,0.5127632021903992,0.3893178701400757
/content/dataset/val/vintage/p_10548962.jpg,vintage,val,0.5688067674636841,0.5876665115356445,0.34122544527053833,0.5865634083747864,0.21114755421876907
/content/dataset/val/vintage/p_14478827.jpg,vintage,val,0.29468831419944763,0.2682225704193115,0.22731024026870728,0.4838121235370636,0.28715801425278187
/content/dataset/val/vintage/p_18599087.jpg,vintage,val,0.5522385239601135,0.4794141352176666,0.0,0.5,0.21939807571470737
/content/dataset/val/vintage/ZKAtU-BcrQU.jpg,vintage,val,0.4656412899494171,0.4716397821903229,0.4279814660549164,0.5842605233192444,0.3993611969053745
/content/dataset/val/vintage/gh6hPBFIQi4.jpg,vintage,val,0.49317142367362976,0.4476611912250519,0.0,0.5,0.36686044186353683
/content/dataset/val/vintage/u_ohbbv1WKycw.jpg,vintage,val,0.4241828918457031,0.7400135397911072,0.2489931285381317,0.48718777298927307,0.25513729080557823
/content/dataset/val/vintage/p_10272688.jpg,vintage,val,0.596745491027832,0.5389200448989868,0.3474723994731903,0.5891823768615723,0.17265637405216694
/content/dataset/val/vintage/u_ICKBrX1TXpU.jpg,vintage,val,0.746367335319519,0.5345522165298462,0.0,0.5,0.0653874920681119
/content/dataset/val/vintage/p_31130958.jpg,vintage,val,0.2797771394252777,0.5608718395233154,0.7481961846351624,0.5177921056747437,0.13865943532437086
/content/dataset/val/vintage/u_KyW_lNezM3Q.jpg,vintage,val,0.3931621313095093,0.4035007357597351,0.0,0.5,0.22422428242862225
/content/dataset/val/vintage/p_7920988.jpg,vintage,val,0.2833603024482727,0.3640327751636505,0.5011547207832336,0.5700196623802185,0.2602080814540386
/content/dataset/val/vintage/u_R5crAnRtnrA.jpg,vintage,val,0.23603208363056183,0.5381910800933838,0.39382117986679077,0.5280452966690063,0.2716186176985502
/content/dataset/val/vintage/u_-BQKZ8h2WW4.jpg,vintage,val,0.3971308171749115,0.7246333956718445,0.26161128282546997,0.4838671386241913,0.2774095628410578
/content/dataset/val/vintage/1TwoTPVG7U8.jpg,vintage,val,0.5626667737960815,0.36308377981185913,0.34493711590766907,0.44224876165390015,0.24074839428067207
/content/dataset/val/vintage/st1m10y6YTU.jpg,vintage,val,0.48132920265197754,0.4361797273159027,0.0,0.5,0.44150860980153084
/content/dataset/val/vintage/u_oe6RXRAT4Is.jpg,vintage,val,0.5211891531944275,0.6633687019348145,0.43812283873558044,0.5056315660476685,0.1849561184644699
/content/dataset/val/vintage/p_7716146.jpg,vintage,val,0.6225796341896057,0.568021833896637,0.28628072142601013,0.43157726526260376,0.11333816219121218
/content/dataset/val/vintage/p_5213497.jpg,vintage,val,0.5633158683776855,0.5520927309989929,0.17561958730220795,0.46394601464271545,0.35192642360925674
/content/dataset/val/vintage/p_4097115.jpg,vintage,val,0.4592024087905884,0.755084753036499,0.0,0.5,0.6304770521819592
/content/dataset/val/vintage/p_2756747.jpg,vintage,val,0.6473877429962158,0.45855265855789185,0.10805622488260269,0.4946516454219818,0.13105406891554594
/content/dataset/val/vintage/u_xFwZy4mKmLU.jpg,vintage,val,0.6098300218582153,0.33327701687812805,0.2939251959323883,0.5589360594749451,0.3049993608146906
/content/dataset/val/vintage/u_oopdGPrEVoI.jpg,vintage,val,0.7327543497085571,0.34300950169563293,0.3182521462440491,0.6140484809875488,0.22822297178208828
/content/dataset/val/vintage/NRC7Y7mH8as.jpg,vintage,val,0.6924130320549011,0.3474258482456207,0.0,0.5,0.408213846385479
/content/dataset/val/vintage/u_wVN2qTVDO3s.jpg,vintage,val,0.6616034507751465,0.4179863929748535,0.3251105546951294,0.5313793420791626,0.38870513439178467
/content/dataset/val/vintage/u_z3tOsaAQjlk.jpg,vintage,val,0.7030054926872253,0.3660154342651367,0.09449714422225952,0.4962525963783264,0.15632205177098513
/content/dataset/val/vintage/u_6rebGYe69qQ.jpg,vintage,val,0.24279096722602844,0.5946520566940308,0.49318692088127136,0.5202676653862,0.290021700784564
/content/dataset/val/vintage/u_ioEPZrUSMHM.jpg,vintage,val,0.2986060082912445,0.4248853623867035,0.0,0.5,0.22343922406435013
/content/dataset/val/vintage/SfXfyD51p9M.jpg,vintage,val,0.6467304825782776,0.44933968782424927,0.29832348227500916,0.5183958411216736,0.20257173106074333
/content/dataset/val/vintage/u_X6aCxHdg_Yg.jpg,vintage,val,0.6976850032806396,0.5516778230667114,0.0035641409922391176,0.5002418756484985,0.206439895555377
/content/dataset/val/vintage/u_brAkTCdnhW8.jpg,vintage,val,0.45023757219314575,0.22653384506702423,0.41323423385620117,0.4215286076068878,0.11893176939338446
/content/dataset/val/vintage/p_9149579.jpg,vintage,val,0.3184652030467987,0.4414229691028595,0.30707865953445435,0.5148439407348633,0.37601467221975327
/content/dataset/val/vintage/p_5164417.jpg,vintage,val,0.7046372294425964,0.6060163974761963,0.0912209153175354,0.5095219612121582,0.287763150408864
/content/dataset/val/vintage/p_29651493.jpg,vintage,val,0.5821853876113892,0.5892528295516968,0.21223896741867065,0.5286824703216553,0.4767952114343643
/content/dataset/val/vintage/p_16400149.jpg,vintage,val,0.5341361165046692,0.5928900241851807,0.2645196318626404,0.5691171288490295,0.3248964995145798
/content/dataset/val/vintage/u_B44Ii9CVOcc.jpg,vintage,val,0.19598104059696198,0.488589346408844,0.0,0.5,0.26375673711299896
/content/dataset/val/vintage/u_bktsLtZa6lk.jpg,vintage,val,0.06178009882569313,0.3477840721607208,0.19790253043174744,0.4995300769805908,0.14299917500466108
/content/dataset/val/vintage/u_ibNZK8OJ7-8.jpg,vintage,val,0.5510595440864563,0.7159246206283569,0.30601000785827637,0.5834968090057373,0.20897670648992062
/content/dataset/val/vintage/p_4311080.jpg,vintage,val,0.502867579460144,0.5233407616615295,0.38750511407852173,0.5973345637321472,0.34924210980534554
/content/dataset/val/vintage/p_2499334.jpg,vintage,val,0.448010116815567,0.37493985891342163,0.5968393087387085,0.6365586519241333,0.23751303553581238
/content/dataset/val/vintage/9nxV2JdaVWo.jpg,vintage,val,0.6356013417243958,0.510294497013092,0.19655495882034302,0.5415415167808533,0.4146217368543148
/content/dataset/val/vintage/p_6501122.jpg,vintage,val,0.40879783034324646,0.6916428804397583,0.5185078382492065,0.5944085121154785,0.060631887754425406
/content/dataset/val/vintage/sjfLnhWYoc8.jpg,vintage,val,0.4034174382686615,0.49769365787506104,0.3094915747642517,0.5549800992012024,0.2959523908793926
/content/dataset/val/vintage/A8BZtQ8M5E0.jpg,vintage,val,0.6121683120727539,0.5459535717964172,0.16289874911308289,0.5363776683807373,0.31050246208906174
/content/dataset/val/vintage/p_21364561.jpg,vintage,val,0.2622080147266388,0.34169191122055054,0.33746209740638733,0.5490976572036743,0.32543198205530643
/content/dataset/val/vintage/u_V-NjAUz5mf8.jpg,vintage,val,0.14675676822662354,0.39105790853500366,0.35048964619636536,0.5050669312477112,0.21008132956922054
/content/dataset/val/vintage/p_4192434.jpg,vintage,val,0.5681857466697693,0.43602901697158813,0.3086320161819458,0.5643194913864136,0.11471003759652376
/content/dataset/val/vintage/p_11264367.jpg,vintage,val,0.4812520444393158,0.4339757263660431,0.21394965052604675,0.49046412110328674,0.164354145526886
/content/dataset/val/vintage/u_9nxV2JdaVWo.jpg,vintage,val,0.6356017589569092,0.5102972388267517,0.19654710590839386,0.54153972864151,0.4146268591284752
/content/dataset/val/vintage/u_1OahE9FYBBw.jpg,vintage,val,0.11937367171049118,0.36166295409202576,0.5351777076721191,0.5284713506698608,0.19162415526807308
/content/dataset/val/vintage/u_B34v6htx0JY.jpg,vintage,val,0.7694060802459717,0.25196918845176697,0.11997602134943008,0.5353384017944336,0.14841980300843716
/content/dataset/val/vintage/oDb79MRsQU0.jpg,vintage,val,0.6256205439567566,0.38874006271362305,0.0,0.5,0.45175405219197273
/content/dataset/val/vintage/p_28162321.jpg,vintage,val,0.7365643978118896,0.4455866813659668,0.28002968430519104,0.6066118478775024,0.21321280859410763
/content/dataset/val/vintage/mg3J-_UwE30.jpg,vintage,val,0.5124490857124329,0.5727239847183228,0.30449628829956055,0.5713704228401184,0.4610459692776203
/content/dataset/val/vintage/TREFxcVTL4E.jpg,vintage,val,0.20973849296569824,0.5878645181655884,0.6602416634559631,0.5462749004364014,0.22530202753841877
/content/dataset/val/vintage/u_TtLsvYD40-M.jpg,vintage,val,0.5074471235275269,0.5869204998016357,0.0,0.5,0.22376305423676968
/content/dataset/val/vintage/u_sI3hnJSa8_c.jpg,vintage,val,0.7162562012672424,0.5042373538017273,0.0,0.5,0.3003942687064409
/content/dataset/val/vintage/p_2484955.jpg,vintage,val,0.7953514456748962,0.3181988298892975,0.15263283252716064,0.5175111889839172,0.13701503165066242
/content/dataset/val/vintage/u_xZ1-sUh4rkk.jpg,vintage,val,0.5632174611091614,0.7201858162879944,0.0,0.5,0.17959162592887878
/content/dataset/val/vintage/p_4014942.jpg,vintage,val,0.3614025413990021,0.38788241147994995,0.23014667630195618,0.5290085077285767,0.19743169657886028
/content/dataset/val/vintage/u_ti68ayveCPY.jpg,vintage,val,0.4706163704395294,0.5663655996322632,0.26221805810928345,0.5412579774856567,0.4313153773546219
/content/dataset/val/vintage/u_07bn9dSukSw.jpg,vintage,val,0.7045044302940369,0.23081153631210327,0.30458012223243713,0.53395676612854,0.3120033536106348
/content/dataset/val/vintage/p_34244784.jpg,vintage,val,0.482998788356781,0.3820995092391968,0.48274844884872437,0.6331962943077087,0.3196319565176964
/content/dataset/val/vintage/p_34084882.jpg,vintage,val,0.38591083884239197,0.5168030261993408,0.27508723735809326,0.5304394960403442,0.24483545683324337
/content/dataset/val/vintage/p_2090881.jpg,vintage,val,0.49358677864074707,0.5331047773361206,0.30672383308410645,0.49090373516082764,0.3867592755705118
/content/dataset/val/vintage/oZhQdAszvHM.jpg,vintage,val,0.4919984042644501,0.5163953304290771,0.0,0.5,0.45731354504823685
/content/dataset/val/vintage/u_AdBGzNEXLMs.jpg,vintage,val,0.6104249954223633,0.6555951833724976,0.0,0.5,0.32233767211437225
/content/dataset/val/vintage/u_vb5JRXLNkog.jpg,vintage,val,0.5916541814804077,0.49873414635658264,0.0,0.5,0.3835336957126856
/content/dataset/val/vintage/u_CfrDdzdmhCQ.jpg,vintage,val,0.49163490533828735,0.5688372850418091,0.26694950461387634,0.5440081357955933,0.2483710553497076
/content/dataset/val/vintage/p_7118815.jpg,vintage,val,0.32059240341186523,0.5783959031105042,0.5228817462921143,0.5679062008857727,0.2397341327741742
/content/dataset/val/vintage/p_20045870.jpg,vintage,val,0.5134798884391785,0.284597247838974,0.20788121223449707,0.5071243643760681,0.2146745566278696
/content/dataset/val/vintage/u_tY9uFNCyZvA.jpg,vintage,val,0.5420052409172058,0.5458377599716187,0.0,0.5,0.11105760000646114
/content/dataset/val/vintage/p_10917553.jpg,vintage,val,0.4254820644855499,0.46325016021728516,0.22239848971366882,0.5213643312454224,0.212805294431746
/content/dataset/val/vintage/p_27059058.jpg,vintage,val,0.24817799031734467,0.20126548409461975,0.2256830781698227,0.5224043130874634,0.048783294623717666
/content/dataset/val/vintage/u_t2-U0cNZgPA.jpg,vintage,val,0.1474357694387436,0.6097004413604736,0.0846850648522377,0.5092915892601013,0.19329626113176346
/content/dataset/val/vintage/p_2927991.jpg,vintage,val,0.2801743149757385,0.5674682259559631,0.6036571860313416,0.5254123210906982,0.22801660932600498
/content/dataset/val/vintage/p_677941.jpg,vintage,val,0.311227947473526,0.718439519405365,0.710091233253479,0.4971317648887634,0.1629657158628106
/content/dataset/val/vintage/p_5207627.jpg,vintage,val,0.47370782494544983,0.39766404032707214,0.18864396214485168,0.4916600286960602,0.29771548695862293
/content/dataset/val/vintage/p_4679168.jpg,vintage,val,0.7451441287994385,0.3845267593860626,0.09572713077068329,0.5234737992286682,0.2608286961913109
/content/dataset/val/vintage/p_10219043.jpg,vintage,val,0.5517029762268066,0.6128403544425964,0.0,0.5,0.17933608032763004
/content/dataset/val/vintage/u_32OZ8HCt4Os.jpg,vintage,val,0.37370291352272034,0.4462893307209015,0.0,0.5,0.1913562510162592
/content/dataset/val/vintage/p_7127645.jpg,vintage,val,0.47402751445770264,0.6257245540618896,0.0,0.5,0.3975157346576452
/content/dataset/val/vintage/p_10821863.jpg,vintage,val,0.5175588726997375,0.4668562710285187,0.0,0.5,0.30608484521508217
/content/dataset/val/vintage/u_m-sJQCuLU34.jpg,vintage,val,0.6060396432876587,0.5135449767112732,0.22985373437404633,0.517636775970459,0.7025871053338051
/content/dataset/val/vintage/u_gAHpJADCvzc.jpg,vintage,val,0.4122772514820099,0.5687070488929749,0.5228887796401978,0.5430956482887268,0.40128251537680626
/content/dataset/val/vintage/p_9230833.jpg,vintage,val,0.20720705389976501,0.3611915707588196,0.1533317118883133,0.5255454778671265,0.2718551456928253
/content/dataset/val/vintage/u_WeCprwYg2b8.jpg,vintage,val,0.6608718037605286,0.39630892872810364,0.16643008589744568,0.45553308725357056,0.3032195381820202
/content/dataset/val/vintage/u_jfmT7fed6NY.jpg,vintage,val,0.7447629570960999,0.6426175236701965,0.0,0.5,0.06978617515414953
/content/dataset/val/vintage/u_k69Au542gjU.jpg,vintage,val,0.43197518587112427,0.46588435769081116,0.0,0.5,0.5100268498063087
/content/dataset/val/vintage/p_12467786.jpg,vintage,val,0.4346543848514557,0.6044152975082397,0.343934029340744,0.5512518882751465,0.06164042046293616
/content/dataset/val/vintage/u_nUQjxgdCzM0.jpg,vintage,val,0.39484262466430664,0.3236638307571411,0.0,0.5,0.33724963665008545
/content/dataset/val/vintage/u_l8DKkI2PxY4.jpg,vintage,val,0.5326664447784424,0.7660133242607117,0.0,0.5,0.27195400558412075
